query_name,query_md5,match_name,containment,intersect_hashes,ksize,scaled,moltype,match_md5,jaccard,max_containment,average_abund,median_abund,std_abund,query_containment_ani,match_containment_ani,average_containment_ani,max_containment_ani,n_weighted_found,total_weighted_hashes
qsize=10000,65baffe3161e376e238e0d0a44d7b27b,SRR8037332,0.0001,1,21,1000,DNA,787e79dd6f9a529f07d0ecbaca34b0a7,0.000021728266301631794,0.0001,1.0,1.0,0.0,0.6449466771037624,0.6067634775090103,0.6258550773063863,0.6449466771037624,1,384606
qsize=5000,6424f418433b237c8a9c44a818715253,ERR10893980,0.0002,1,21,1000,DNA,6e8d56bea72d8b773bfbb521787cc3bb,0.000015893702914905113,0.0002,1.0,1.0,0.0,0.666589657745114,0.593197070202841,0.6298933639739774,0.666589657745114,1,361708
qsize=10000,65baffe3161e376e238e0d0a44d7b27b,ERR13199417,0.0001,1,21,1000,DNA,b607006797c4421cc74e9903a0425703,0.000026935301406022735,0.0001,1.0,1.0,0.0,0.6449466771037624,0.6150148894428255,0.629980783273294,0.6449466771037624,1,713016
qsize=10000,65baffe3161e376e238e0d0a44d7b27b,ERR4782327,0.0001,1,21,1000,DNA,ee1207edad666b2afd2aa86c1475c1b1,0.000032451728054518906,0.0001,1.0,1.0,0.0,0.6449466771037624,0.6228192602014375,0.6338829686526,0.6449466771037624,1,315903
qsize=5000,6424f418433b237c8a9c44a818715253,SRR26593884,0.0002,1,21,1000,DNA,89100488e9f028a1719dd06c6bb2539f,0.00002040150155051412,0.0002,1.0,1.0,0.0,0.666589657745114,0.6010010311871822,0.6337953444661482,0.666589657745114,1,400791
qsize=10000,65baffe3161e376e238e0d0a44d7b27b,SRR26593884,0.0001,1,21,1000,DNA,89100488e9f028a1719dd06c6bb2539f,0.00001851303317535545,0.0001,1.0,1.0,0.0,0.6449466771037624,0.6010010311871822,0.6229738541454723,0.6449466771037624,1,400791
qsize=5000,6424f418433b237c8a9c44a818715253,SRR7912276,0.0002,1,21,1000,DNA,9ba09b40439765d11a18e73f86ae3d52,0.000027035795393100465,0.0002,1.0,1.0,0.0,0.666589657745114,0.6102055577270445,0.6383976077360793,0.666589657745114,1,331249
qsize=10000,65baffe3161e376e238e0d0a44d7b27b,SRR7912276,0.0001,1,21,1000,DNA,9ba09b40439765d11a18e73f86ae3d52,0.000023816328474802324,0.0001,1.0,1.0,0.0,0.6449466771037624,0.6102055577270445,0.6275761174154035,0.6449466771037624,1,331249
qsize=5000,6424f418433b237c8a9c44a818715253,ERR957622,0.0002,1,21,1000,DNA,6ca97e47bb28ed1684bade722d76e57b,0.000015294027682190104,0.0002,1.0,1.0,0.0,0.666589657745114,0.5920199861751693,0.6293048219601416,0.666589657745114,1,551157
qsize=10000,65baffe3161e376e238e0d0a44d7b27b,SRR31358392,0.0001,1,21,1000,DNA,18eda22dc0f86322bdfe1a976b7df1bf,0.00001705233361185478,0.0001,97.0,97.0,0.0,0.6449466771037624,0.5981472763606193,0.6215469767321908,0.6449466771037624,97,616777
qsize=1000,06e3ed33658503f35a60705dda70ec6b,SRR10099336,0.001,1,21,1000,DNA,53c0ed0347567086f1028cefc3ea65f5,0.00003333111125924938,0.001,1.0,1.0,0.0,0.719685673001152,0.613059628886604,0.6663726509438781,0.719685673001152,1,229605
qsize=5000,6424f418433b237c8a9c44a818715253,SRR10099336,0.0002,1,21,1000,DNA,53c0ed0347567086f1028cefc3ea65f5,0.00002941003470384095,0.0002,1.0,1.0,0.0,0.666589657745114,0.613059628886604,0.639824643315859,0.666589657745114,1,229605
qsize=5000,6424f418433b237c8a9c44a818715253,SRR8699551,0.0002,1,21,1000,DNA,dea9f2cf763769596fe2291a16e488b3,0.000011271161605915105,0.0002,1.0,1.0,0.0,0.666589657745114,0.5828795517518558,0.624734604748485,0.666589657745114,1,530536
qsize=10000,65baffe3161e376e238e0d0a44d7b27b,SRR22484421,0.0001,1,21,1000,DNA,0910ae32ccf76aea8a692a966d47fa0d,0.00003046551303923958,0.0001,1.0,1.0,0.0,0.6449466771037624,0.6200927150692869,0.6325196960865247,0.6449466771037624,1,481834
qsize=10000,65baffe3161e376e238e0d0a44d7b27b,SRR545661,0.0002,2,21,1000,DNA,548cb82ce1f82d7523be581e40b6492f,0.00001657893646122601,0.0002,1.0,1.0,0.0,0.666589657745114,0.5944961258382583,0.6305428917916862,0.666589657745114,2,384849
qsize=5000,6424f418433b237c8a9c44a818715253,SRR13128519,0.0002,1,21,1000,DNA,11f05f6c5d5e959cefa66569fe7a3436,0.000023308393352446214,0.0002,1.0,1.0,0.0,0.666589657745114,0.6052954075595072,0.6359425326523106,0.666589657745114,1,459847
qsize=10000,65baffe3161e376e238e0d0a44d7b27b,SRR2101330,0.0001,1,21,1000,DNA,e962acb7cca5f726872f1e66437333bc,0.000011040939804796184,0.0001,1.0,1.0,0.0,0.6449466771037624,0.5839449768455541,0.6144458269746582,0.6449466771037624,1,256639
qsize=5000,6424f418433b237c8a9c44a818715253,ERR11578746,0.0002,1,21,1000,DNA,84a31d07a4f5d3197efa64441eda6ee8,0.000019011768284568148,0.0002,1.0,1.0,0.0,0.666589657745114,0.5987655590110902,0.632677608378102,0.666589657745114,1,406419
qsize=5000,6424f418433b237c8a9c44a818715253,ERR984252,0.0002,1,21,1000,DNA,ed0dbab42a56d39daadcc2f5bc40fa77,0.000013034920552159234,0.0002,1.0,1.0,0.0,0.666589657745114,0.5871912981578842,0.6268904779514991,0.666589657745114,1,701635
qsize=1000,06e3ed33658503f35a60705dda70ec6b,SRR11216774,0.001,1,21,1000,DNA,aaf963f1e59b45f7cca8bb29ba9ebe12,0.000017466943808841768,0.001,1.0,1.0,0.0,0.719685673001152,0.5940225802648571,0.6568541266330046,0.719685673001152,1,478284
qsize=5000,6424f418433b237c8a9c44a818715253,SRR5936177,0.0002,1,21,1000,DNA,1daa0af90b91d39a09352ee5897c62a9,4.617657923900997e-6,0.0002,1.0,1.0,0.0,0.666589657745114,0.5577092248421841,0.612149441293649,0.666589657745114,1,1280048
qsize=10000,65baffe3161e376e238e0d0a44d7b27b,SRR5936177,0.0002,2,21,1000,DNA,1daa0af90b91d39a09352ee5897c62a9,9.026940905131365e-6,0.0002,9.5,9.5,6.5,0.666589657745114,0.5764247099904557,0.6215071838677848,0.666589657745114,19,1280048
qsize=5000,6424f418433b237c8a9c44a818715253,ERR5084263,0.0002,1,21,1000,DNA,34f8c3e7df8d01b8e4afb0802a6ed79f,5.261413320846245e-6,0.0002,1.0,1.0,0.0,0.666589657745114,0.5612742852318199,0.613931971488467,0.666589657745114,1,670633
qsize=10000,65baffe3161e376e238e0d0a44d7b27b,SRR6795873,0.0001,1,21,1000,DNA,1ed238c5379317f99886c7e9e574cf86,8.655011251514627e-6,0.0001,1.0,1.0,0.0,0.6449466771037624,0.5764869312428244,0.6107168041732933,0.6449466771037624,1,982778
qsize=5000,6424f418433b237c8a9c44a818715253,SRR6839839,0.0002,1,21,1000,DNA,4fcea16c5075ecad4b4c02f3aa6a0741,0.000013716480351141898,0.0002,1.0,1.0,0.0,0.666589657745114,0.588720468810646,0.62765506327788,0.666589657745114,1,237061
qsize=10000,65baffe3161e376e238e0d0a44d7b27b,SRR7169423,0.0001,1,21,1000,DNA,db18f781f38f490af06519e71e0670b7,0.00001593701690917494,0.0001,1.0,1.0,0.0,0.6449466771037624,0.5958446548075296,0.620395665955646,0.6449466771037624,1,517816
qsize=10000,65baffe3161e376e238e0d0a44d7b27b,SRR23062606,0.0001,1,21,1000,DNA,ddb91aa2797f8a1c5305829e0aeeb79c,0.000036199095022624436,0.0001,2.0,2.0,0.0,0.6449466771037624,0.6277723762837006,0.6363595266937315,0.6449466771037624,2,209786
qsize=10000,65baffe3161e376e238e0d0a44d7b27b,ERR14006120,0.0002,2,21,1000,DNA,7932bc4cff2d09ba9c7a2195184a69a2,0.00001156370154086323,0.0002,1.0,1.0,0.0,0.666589657745114,0.5836343013548257,0.6251119795499699,0.666589657745114,2,1636356
qsize=10000,65baffe3161e376e238e0d0a44d7b27b,ERR163448,0.0001,1,21,1000,DNA,0bbc1c00ba4dbb5efbd2e91bbc6bfe0e,0.00001929123984798503,0.0001,1.0,1.0,0.0,0.6449466771037624,0.6024558065105305,0.6237012418071465,0.6449466771037624,1,311944
qsize=10000,65baffe3161e376e238e0d0a44d7b27b,SRR7353078,0.0001,1,21,1000,DNA,c8f4ac1f4d5cff1c4181017b8c61a9a4,0.00001471345545501361,0.0001,1.0,1.0,0.0,0.6449466771037624,0.5931741577297762,0.6190604174167693,0.6449466771037624,1,583113
qsize=10000,65baffe3161e376e238e0d0a44d7b27b,ERR14674836,0.0002,2,21,1000,DNA,e7f8ada9a61c14c4151ae834270cdf9d,7.088830130363586e-6,0.0002,1.5,1.5,0.5,0.666589657745114,0.5695546848826454,0.6180721713138797,0.666589657745114,3,1855242
qsize=10000,65baffe3161e376e238e0d0a44d7b27b,ERR10764071,0.0001,1,21,1000,DNA,537ce4a558e300243f88da9ab3105d23,7.522247045637473e-6,0.0001,1.0,1.0,0.0,0.6449466771037624,0.5723130603197454,0.608629868711754,0.6449466771037624,1,2530125
qsize=10000,65baffe3161e376e238e0d0a44d7b27b,SRR4305512,0.0001,1,21,1000,DNA,e7cbcf87026b58e6b1b3872fec1da1f0,4.522922169555306e-6,0.0001,55.0,55.0,0.0,0.6449466771037624,0.5577675385013475,0.601357107802555,0.6449466771037624,55,1438381
qsize=10000,65baffe3161e376e238e0d0a44d7b27b,SRR7544309,0.0001,1,21,1000,DNA,0418289914067f30cac88cd1fbee0158,0.000015636483042234142,0.0001,1.0,1.0,0.0,0.6449466771037624,0.595203588048336,0.6200751325760492,0.6449466771037624,1,454870
qsize=10000,65baffe3161e376e238e0d0a44d7b27b,ERR1197492,0.0001,1,21,1000,DNA,8cf9dc604606b39c38b633f2a2ca7a97,0.000029282576866764276,0.0001,1.0,1.0,0.0,0.6449466771037624,0.6184275149889699,0.6316870960463661,0.6449466771037624,1,329030
qsize=5000,6424f418433b237c8a9c44a818715253,ERR2739019,0.0002,1,21,1000,DNA,023023ed3cd5e26bdc8ffefc4cc0ca3c,5.8002285290040425e-6,0.0002,13.0,13.0,0.0,0.666589657745114,0.5639605845331256,0.6152751211391199,0.666589657745114,13,650278
qsize=5000,6424f418433b237c8a9c44a818715253,ERR2221238,0.0002,1,21,1000,DNA,37a7c4d024ceeaf1bf5983ad29049f5d,0.00001465910256974068,0.0002,1.0,1.0,0.0,0.666589657745114,0.5907293317493046,0.6286594947472093,0.666589657745114,1,496617
qsize=10000,65baffe3161e376e238e0d0a44d7b27b,ERR2221238,0.0001,1,21,1000,DNA,37a7c4d024ceeaf1bf5983ad29049f5d,0.000013658030238878948,0.0001,1.0,1.0,0.0,0.6449466771037624,0.5907293317493046,0.6178380044265335,0.6449466771037624,1,496617
qsize=5000,6424f418433b237c8a9c44a818715253,SRR10917245,0.0002,1,21,1000,DNA,2ab520495004521844363af8ba2048df,9.017051243902219e-6,0.0002,1.0,1.0,0.0,0.666589657745114,0.5763932011232232,0.6214914294341687,0.666589657745114,1,9987829
qsize=10000,65baffe3161e376e238e0d0a44d7b27b,SRR10917245,0.0001,1,21,1000,DNA,2ab520495004521844363af8ba2048df,8.628053252344674e-6,0.0001,1.0,1.0,0.0,0.6449466771037624,0.5763932011232232,0.6106699391134929,0.6449466771037624,1,9987829
qsize=10000,65baffe3161e376e238e0d0a44d7b27b,SRR22401107,0.0002,2,21,1000,DNA,9b38a8cd3510663f80f6092d6bb6e34d,6.360089168450142e-6,0.0002,1.0,1.0,0.0,0.666589657745114,0.5665184655378459,0.61655406164148,0.666589657745114,2,2913892
qsize=5000,6424f418433b237c8a9c44a818715253,SRR18959431,0.0002,1,21,1000,DNA,cdf90f905dbf8573d23d9bdbe9ed2ff0,7.331378299120235e-6,0.0002,1.0,1.0,0.0,0.666589657745114,0.5705020458690016,0.6185458518070578,0.666589657745114,1,3806169
qsize=10000,65baffe3161e376e238e0d0a44d7b27b,SRR18959431,0.0001,1,21,1000,DNA,cdf90f905dbf8573d23d9bdbe9ed2ff0,7.072135785007072e-6,0.0001,1.0,1.0,0.0,0.6449466771037624,0.5705020458690016,0.607724361486382,0.6449466771037624,1,3806169
qsize=10000,65baffe3161e376e238e0d0a44d7b27b,SRR26463940,0.0001,1,21,1000,DNA,6447b3979193e53eaf027c0192971527,0.00001853533762117477,0.0001,1.0,1.0,0.0,0.6449466771037624,0.6010433257927986,0.6229950014482806,0.6449466771037624,1,842316
qsize=5000,6424f418433b237c8a9c44a818715253,SRR17276791,0.0002,1,21,1000,DNA,5b526a9689dd6fd63df2146852b710e2,0.000018533619986655795,0.0002,1.0,1.0,0.0,0.666589657745114,0.5979646161015388,0.6322771369233264,0.666589657745114,1,486011
qsize=10000,65baffe3161e376e238e0d0a44d7b27b,SRR9877383,0.0001,1,21,1000,DNA,d25bf98af25d6ffad7140f4db2dda0df,0.000040480913249402905,0.0001,1.0,1.0,0.0,0.6449466771037624,0.6332142660326402,0.6390804715682012,0.6449466771037624,1,374969
qsize=1000,06e3ed33658503f35a60705dda70ec6b,SRR11125512,0.001,1,21,1000,DNA,222b491dcb6fc58014db43369805e6fc,5.174992366886259e-6,0.001,2.0,2.0,0.0,0.719685673001152,0.560258697965548,0.63997218548335,0.719685673001152,2,576348
qsize=5000,6424f418433b237c8a9c44a818715253,SRR11125512,0.0002,1,21,1000,DNA,222b491dcb6fc58014db43369805e6fc,5.070042639058594e-6,0.0002,1.0,1.0,0.0,0.666589657745114,0.560258697965548,0.613424177855331,0.666589657745114,1,576348
qsize=10000,65baffe3161e376e238e0d0a44d7b27b,SRR11125512,0.0003,3,21,1000,DNA,222b491dcb6fc58014db43369805e6fc,0.000014834227507602542,0.0003,5.333333333333333,4.0,2.6246692913372702,0.6795851327658305,0.590348776351432,0.6349669545586313,0.6795851327658305,16,576348
qsize=1000,06e3ed33658503f35a60705dda70ec6b,SRR13243533,0.001,1,21,1000,DNA,3e5c7111cc423aa5636db3d081b84ce0,4.840364769889059e-6,0.001,12.0,12.0,0.0,0.719685673001152,0.558469167632911,0.6390774203170315,0.719685673001152,12,1796107
qsize=5000,6424f418433b237c8a9c44a818715253,SRR13243533,0.0004,2,21,1000,DNA,3e5c7111cc423aa5636db3d081b84ce0,9.496901635841308e-6,0.0004,2.0,2.0,1.0,0.6889589288344534,0.5772101547764517,0.6330845418054525,0.6889589288344534,4,1796107
qsize=10000,65baffe3161e376e238e0d0a44d7b27b,SRR13243533,0.0003,3,21,1000,DNA,3e5c7111cc423aa5636db3d081b84ce0,0.000013915044017922577,0.0003,8.0,6.0,5.0990195135927845,0.6795851327658305,0.5884631348683953,0.6340241338171129,0.6795851327658305,24,1796107
qsize=5000,6424f418433b237c8a9c44a818715253,SRR13271623,0.0002,1,21,1000,DNA,8614eaed505e86c812fd527305355c3b,3.1922670522925265e-6,0.0002,10.0,10.0,0.0,0.666589657745114,0.5478013849331793,0.6071955213391467,0.666589657745114,10,1464797
qsize=10000,65baffe3161e376e238e0d0a44d7b27b,SRR13271623,0.0002,2,21,1000,DNA,8614eaed505e86c812fd527305355c3b,6.284249157910613e-6,0.0002,2.5,2.5,1.5,0.666589657745114,0.5661843849397162,0.6163870213424152,0.666589657745114,5,1464797
qsize=10000,65baffe3161e376e238e0d0a44d7b27b,ERR11777704,0.0001,1,21,1000,DNA,6da82bdeb2c810a53953f24b0d8b269a,2.556825445526834e-6,0.0001,1.0,1.0,0.0,0.6449466771037624,0.5422950541839794,0.5936208656438708,0.6449466771037624,1,4853001
qsize=5000,6424f418433b237c8a9c44a818715253,SRR10879531,0.0002,1,21,1000,DNA,fe2f5b43e31ae6742ca02dca85c87a87,0.00001832743800744094,0.0002,1.0,1.0,0.0,0.666589657745114,0.5976138447225106,0.6321017512338123,0.666589657745114,1,473944
qsize=10000,65baffe3161e376e238e0d0a44d7b27b,ERR12195235,0.0001,1,21,1000,DNA,65e6b03290540f2745bbdc2f2ed7c642,4.599519810131822e-6,0.0001,1.0,1.0,0.0,0.6449466771037624,0.5582350937895805,0.6015908854466714,0.6449466771037624,1,278045
qsize=5000,6424f418433b237c8a9c44a818715253,SRR13995394,0.0002,1,21,1000,DNA,46eece7a4080b78b51ee560a3e54cb1a,0.00003108776074859328,0.0002,1.0,1.0,0.0,0.666589657745114,0.6149706606774663,0.6407801592112902,0.666589657745114,1,319191
qsize=1000,06e3ed33658503f35a60705dda70ec6b,SRR19536620,0.001,1,21,1000,DNA,ad55f0f5df3de9f28e666517974b02b9,3.608349721254984e-6,0.001,1.0,1.0,0.0,0.719685673001152,0.5506794923146016,0.6351825826578767,0.719685673001152,1,7267213
qsize=100,36c3fdb0e95a270b636308b47d19df42,SRR1569406,0.01,1,21,1000,DNA,4a5741d833b25ff83272c5baa54e7332,0.0000388455114011576,0.01,1.0,1.0,0.0,0.8030857221391514,0.6166635755895292,0.7098746488643404,0.8030857221391514,1,50634
qsize=10000,65baffe3161e376e238e0d0a44d7b27b,SRR7696672,0.0001,1,21,1000,DNA,c2894376f3498f13289e545087afb803,3.1980146724913172e-6,0.0001,258.0,258.0,0.0,0.6449466771037624,0.5482766494745341,0.5966116632891483,0.6449466771037624,258,22486913
qsize=5000,6424f418433b237c8a9c44a818715253,SRR17957672,0.0002,1,21,1000,DNA,7ae9a8758a23b281761c66b5fe9cd7e3,0.00001602487059916991,0.0002,1.0,1.0,0.0,0.666589657745114,0.5934494160958248,0.6300195369204694,0.666589657745114,1,208549
qsize=5000,6424f418433b237c8a9c44a818715253,SRR21116710,0.0002,1,21,1000,DNA,c9fc74fd03fb773a093f81f455d2b65d,2.9344100662002912e-6,0.0002,1.0,1.0,0.0,0.666589657745114,0.545574702110332,0.606082179927723,0.666589657745114,1,9795556
qsize=10000,65baffe3161e376e238e0d0a44d7b27b,SRR21116710,0.0001,1,21,1000,DNA,c9fc74fd03fb773a093f81f455d2b65d,2.891978807579298e-6,0.0001,1.0,1.0,0.0,0.6449466771037624,0.545574702110332,0.5952606896070471,0.6449466771037624,1,9795556
qsize=5000,6424f418433b237c8a9c44a818715253,SRR29661717,0.0002,1,21,1000,DNA,c2c0ecc0bd5c3a4d7bdbe7069275db70,0.00004773041859577109,0.0002,1.0,1.0,0.0,0.666589657745114,0.6307626159815475,0.6486761368633307,0.666589657745114,1,309957
qsize=10000,65baffe3161e376e238e0d0a44d7b27b,ERR2737837,0.0001,1,21,1000,DNA,4af14b1c344966f8562477ec7ea00ad5,0.000010617740120192818,0.0001,1.0,1.0,0.0,0.6449466771037624,0.5827274880470749,0.6138370825754187,0.6449466771037624,1,165683
qsize=1000,06e3ed33658503f35a60705dda70ec6b,DRR227388,0.001,1,21,1000,DNA,3bf367d0ca4f9ce8750ae58682d09c8f,2.1041379977864468e-6,0.001,6.0,6.0,0.0,0.719685673001152,0.536677907968011,0.6281817904845814,0.719685673001152,6,8690941
qsize=10000,65baffe3161e376e238e0d0a44d7b27b,DRR227388,0.0001,1,21,1000,DNA,3bf367d0ca4f9ce8750ae58682d09c8f,2.065031987345484e-6,0.0001,2.0,2.0,0.0,0.6449466771037624,0.536677907968011,0.5908122925358867,0.6449466771037624,2,8690941
qsize=5000,6424f418433b237c8a9c44a818715253,SRR22071724,0.0002,1,21,1000,DNA,6d1427dbc7f7aa43446441be0ba35044,1.4664928383822237e-6,0.0002,22.0,22.0,0.0,0.666589657745114,0.5276621898776638,0.5971259238113888,0.666589657745114,22,5163883
qsize=10000,65baffe3161e376e238e0d0a44d7b27b,SRR22071724,0.0004,4,21,1000,DNA,6d1427dbc7f7aa43446441be0ba35044,5.8232978500384335e-6,0.0004,1.25,1.0,0.4330127018922193,0.6889589288344534,0.5636707498937458,0.6263148393640996,0.6889589288344534,5,5163883
qsize=10000,65baffe3161e376e238e0d0a44d7b27b,SRR12882139,0.0001,1,21,1000,DNA,64bd034be21890e16659af72f5d95f08,0.000010339871578794992,0.0001,1.0,1.0,0.0,0.6449466771037624,0.5819060791582841,0.6134263781310232,0.6449466771037624,1,1431511
qsize=5000,6424f418433b237c8a9c44a818715253,SRR21283599,0.0004,2,21,1000,DNA,0e55a0ace21ce3aec4309ef0419e91bf,4.889604944368519e-6,0.0004,1.5,1.5,0.5,0.6889589288344534,0.5589365774923757,0.6239477531634146,0.6889589288344534,3,3222560
qsize=10000,65baffe3161e376e238e0d0a44d7b27b,SRR21283599,0.0002,2,21,1000,DNA,0e55a0ace21ce3aec4309ef0419e91bf,4.830556166084182e-6,0.0002,1.0,1.0,0.0,0.666589657745114,0.5589365774923757,0.6127631176187449,0.666589657745114,2,3222560
qsize=1000,06e3ed33658503f35a60705dda70ec6b,SRR7841123,0.001,1,21,1000,DNA,adbca7587a2d974bd84ec63c8bf63808,8.56971462850287e-6,0.001,1.0,1.0,0.0,0.719685673001152,0.5739717219890437,0.6468286974950979,0.719685673001152,1,900676
qsize=5000,6424f418433b237c8a9c44a818715253,SRR7841123,0.0004,2,21,1000,DNA,adbca7587a2d974bd84ec63c8bf63808,0.000016571518531100596,0.0004,1.0,1.0,0.0,0.6889589288344534,0.5932329404877221,0.6410959346610878,0.6889589288344534,2,900676
qsize=10000,65baffe3161e376e238e0d0a44d7b27b,SRR32506177,0.0001,1,21,1000,DNA,d7430c65dbbf06c61d0b5a836a13e0e1,0.000016340403281152978,0.0001,1.0,1.0,0.0,0.6449466771037624,0.5966909533563661,0.6208188152300642,0.6449466771037624,1,1095768
qsize=5000,6424f418433b237c8a9c44a818715253,SRR2175724,0.0002,1,21,1000,DNA,c62dbd0f0ab24bbefd4487575c071f4c,2.3855872361540515e-6,0.0002,1.0,1.0,0.0,0.666589657745114,0.5401502158466408,0.6033699367958774,0.666589657745114,1,3197264
qsize=10000,65baffe3161e376e238e0d0a44d7b27b,SRR2175724,0.0003,3,21,1000,DNA,c62dbd0f0ab24bbefd4487575c071f4c,7.072435888368672e-6,0.0003,1.0,1.0,0.0,0.6795851327658305,0.5691603184902897,0.6243727256280601,0.6795851327658305,3,3197264
qsize=1000,06e3ed33658503f35a60705dda70ec6b,ERR1539341,0.001,1,21,1000,DNA,02157e7511f5e290d5e5a4ed3dafad85,1.948622616103807e-6,0.001,1.0,1.0,0.0,0.719685673001152,0.5347152509592721,0.6272004619802121,0.719685673001152,1,3431526
qsize=10000,65baffe3161e376e238e0d0a44d7b27b,ERR1539341,0.0003,3,21,1000,DNA,02157e7511f5e290d5e5a4ed3dafad85,5.745134349966774e-6,0.0003,6.333333333333333,1.0,7.542472332656507,0.6795851327658305,0.5634334553779058,0.6215092940718682,0.6795851327658305,19,3431526
qsize=5000,6424f418433b237c8a9c44a818715253,ERR9805765,0.0004,2,21,1000,DNA,664ef0cb1905b13b4a4c8dd68ffe8fc9,6.624161629543761e-6,0.0004,1.0,1.0,0.0,0.6889589288344534,0.5671950022683542,0.6280769655514038,0.6889589288344534,2,2512053
qsize=10000,65baffe3161e376e238e0d0a44d7b27b,ERR13499300,0.0001,1,21,1000,DNA,a86a83d894bf7f3c51f71a07412e8b34,0.000035955702574428306,0.0001,1.0,1.0,0.0,0.6449466771037624,0.6274569717297914,0.6362018244167769,0.6449466771037624,1,202362
qsize=5000,6424f418433b237c8a9c44a818715253,ERR13446404,0.0002,1,21,1000,DNA,35eb582bda0af42a564a54488875a27a,1.8082921042733558e-6,0.0002,2.0,2.0,0.0,0.666589657745114,0.5329965472369091,0.5997931024910116,0.666589657745114,2,2678135
qsize=10000,65baffe3161e376e238e0d0a44d7b27b,ERR13446404,0.0003,3,21,1000,DNA,35eb582bda0af42a564a54488875a27a,5.37628627649165e-6,0.0003,10.333333333333334,2.0,12.498888839501783,0.6795851327658305,0.5616224444233378,0.6206037885945841,0.6795851327658305,31,2678135
qsize=10000,65baffe3161e376e238e0d0a44d7b27b,SRR1005505,0.0001,1,21,1000,DNA,e05aec2245e67e7a613d8d014e4453af,0.000023578788521845746,0.0001,1.0,1.0,0.0,0.6449466771037624,0.6098239606570313,0.6273853188803968,0.6449466771037624,1,330019
qsize=10000,65baffe3161e376e238e0d0a44d7b27b,SRR13508434,0.0001,1,21,1000,DNA,65265b041eca1ef738ecc5505040cbb3,0.000012657106332350298,0.0001,4.0,4.0,0.0,0.6449466771037624,0.5882693442184559,0.6166080106611092,0.6449466771037624,4,445100
qsize=5000,6424f418433b237c8a9c44a818715253,SRR15679779,0.0002,1,21,1000,DNA,f9c2f02eccf7ce3d0898a8678767ab49,5.514442324447729e-6,0.0002,1.0,1.0,0.0,0.666589657745114,0.5625659181984234,0.6145777879717687,0.666589657745114,1,966670
qsize=10000,65baffe3161e376e238e0d0a44d7b27b,SRR15679779,0.0001,1,21,1000,DNA,f9c2f02eccf7ce3d0898a8678767ab49,5.366476693391721e-6,0.0001,9.0,9.0,0.0,0.6449466771037624,0.5625659181984234,0.6037562976510928,0.6449466771037624,9,966670
qsize=5000,6424f418433b237c8a9c44a818715253,SRR27067768,0.0008,4,21,1000,DNA,95a8103e1b1bce8f404d5848680b6261,4.258685322547503e-6,0.0008,1.0,1.0,0.0,0.7120788630690342,0.5550875835219062,0.6335832232954702,0.7120788630690342,4,1881860
qsize=10000,65baffe3161e376e238e0d0a44d7b27b,SRR27067768,0.0003,3,21,1000,DNA,95a8103e1b1bce8f404d5848680b6261,3.177097784715618e-6,0.0003,1.3333333333333333,1.0,0.4714045207910317,0.6795851327658305,0.5475352061734311,0.6135601694696309,0.6795851327658305,4,1881860
qsize=10000,65baffe3161e376e238e0d0a44d7b27b,SRR20591888,0.0001,1,21,1000,DNA,ab93729b5d68a1bb5c9bdf1df14cf387,0.00002767706401704907,0.0001,2.0,2.0,0.0,0.6449466771037624,0.6161102659026272,0.6305284715031948,0.6449466771037624,2,224122
qsize=5000,6424f418433b237c8a9c44a818715253,SRR11575329,0.0002,1,21,1000,DNA,289444f7c0be8f9dd8715fbb297d4b84,0.000013452432199741713,0.0002,1.0,1.0,0.0,0.666589657745114,0.5881361237406902,0.6273628907429021,0.666589657745114,1,339958
qsize=10000,65baffe3161e376e238e0d0a44d7b27b,SRR11575329,0.0001,1,21,1000,DNA,289444f7c0be8f9dd8715fbb297d4b84,0.000012604618332156903,0.0001,1.0,1.0,0.0,0.6449466771037624,0.5881361237406902,0.6165414004222263,0.6449466771037624,1,339958
qsize=10000,65baffe3161e376e238e0d0a44d7b27b,ERR1023720,0.0001,1,21,1000,DNA,df39722062830bf285fe4ba3b8af2411,0.000021280670766742568,0.0001,1.0,1.0,0.0,0.6449466771037624,0.605997812607622,0.6254722448556922,0.6449466771037624,1,313484
qsize=10000,65baffe3161e376e238e0d0a44d7b27b,SRR5415387,0.0001,1,21,1000,DNA,e48d389bcf653bec24751a2f1847971b,0.00003271501946543658,0.0001,1.0,1.0,0.0,0.6449466771037624,0.6231748269080312,0.6340607520058967,0.6449466771037624,1,182650
qsize=10000,65baffe3161e376e238e0d0a44d7b27b,SRR6659171,0.0001,1,21,1000,DNA,9738d7b61de61b11d02c62f2e8dad1d2,0.000014121900242896684,0.0001,1.0,1.0,0.0,0.6449466771037624,0.5918213744674006,0.6183840257855815,0.6449466771037624,1,605039
qsize=10000,65baffe3161e376e238e0d0a44d7b27b,SRR6184452,0.0001,1,21,1000,DNA,46c19d6ef9a5e6097abbbfefcee02404,0.00003168567807351077,0.0001,6.0,6.0,0.0,0.6449466771037624,0.6217772307632781,0.6333619539335202,0.6449466771037624,6,193446
qsize=10000,65baffe3161e376e238e0d0a44d7b27b,ERR1971850,0.0001,1,21,1000,DNA,ae1decf72efaab11c7516d6962389082,6.327952464421087e-6,0.0001,1.0,1.0,0.0,0.6449466771037624,0.5672739878041068,0.6061103324539345,0.6449466771037624,1,1381147
qsize=5000,6424f418433b237c8a9c44a818715253,SRR5579957,0.0002,1,21,1000,DNA,8001afd6c0240fe43247f43a5e876c2d,1.3135909372734056e-6,0.0002,2.0,2.0,0.0,0.666589657745114,0.5248835040047991,0.5957365808749566,0.666589657745114,2,2605925
qsize=10000,65baffe3161e376e238e0d0a44d7b27b,SRR5579957,0.0003,3,21,1000,DNA,8001afd6c0240fe43247f43a5e876c2d,3.915069100969632e-6,0.0003,20.666666666666668,12.0,20.531818125912658,0.6795851327658305,0.5530736701482494,0.61632940145704,0.6795851327658305,62,2605925
qsize=5000,6424f418433b237c8a9c44a818715253,SRR30480335,0.0002,1,21,1000,DNA,965925d7e6e6872388ff6145c2b918a5,1.7440866741313576e-6,0.0002,1.0,1.0,0.0,0.666589657745114,0.532071570635271,0.5993306141901925,0.666589657745114,1,5992150
qsize=10000,65baffe3161e376e238e0d0a44d7b27b,SRR30480335,0.0002,2,21,1000,DNA,965925d7e6e6872388ff6145c2b918a5,3.4580239122353533e-6,0.0002,1.5,1.5,0.5,0.666589657745114,0.5499267129468578,0.6082581853459859,0.666589657745114,3,5992150
qsize=10000,65baffe3161e376e238e0d0a44d7b27b,SRR26119922,0.0001,1,21,1000,DNA,da21ede1bd428eb39301e14938aed684,0.00002078699565551791,0.0001,4.0,4.0,0.0,0.6449466771037624,0.6051407142151273,0.6250436956594448,0.6449466771037624,4,402924
qsize=10000,65baffe3161e376e238e0d0a44d7b27b,SRR7280911,0.0001,1,21,1000,DNA,3ea7da502644d59df6665d4f27e1985c,7.929145158860423e-6,0.0001,135.0,135.0,0.0,0.6449466771037624,0.5738710378232549,0.6094088574635086,0.6449466771037624,135,3112985
qsize=1000,06e3ed33658503f35a60705dda70ec6b,SRR29825839,0.001,1,21,1000,DNA,64c04188e34e9fc5c616e6c6b5153966,9.454002966666131e-7,0.001,2.0,2.0,0.0,0.719685673001152,0.5165877459287935,0.6181367094649728,0.719685673001152,2,4103557
qsize=5000,6424f418433b237c8a9c44a818715253,SRR29825839,0.0006,3,21,1000,DNA,64c04188e34e9fc5c616e6c6b5153966,2.8255212380303857e-6,0.0006,1.6666666666666667,2.0,0.4714045207910317,0.7023905031859884,0.5443323678768858,0.6233614355314371,0.7023905031859884,5,4103557
qsize=10000,65baffe3161e376e238e0d0a44d7b27b,SRR29825839,0.0007,7,21,1000,DNA,64c04188e34e9fc5c616e6c6b5153966,6.562005798938268e-6,0.0007,2.5714285714285716,1.0,3.063944369932459,0.7075653765539904,0.5667439122451315,0.637154644399561,0.7075653765539904,18,4103557
qsize=10000,65baffe3161e376e238e0d0a44d7b27b,SRR2967936,0.0001,1,21,1000,DNA,aaa7d8809ee679463f21b0c3d28d1f95,0.000010700108071091517,0.0001,45.0,45.0,0.0,0.6449466771037624,0.5829675515389522,0.6139571143213574,0.6449466771037624,45,639598
qsize=10000,65baffe3161e376e238e0d0a44d7b27b,SRR8428177,0.0001,1,21,1000,DNA,911fb9328efeff36ac15d2622869f15e,6.278212718403325e-6,0.0001,1.0,1.0,0.0,0.6449466771037624,0.5670465247098021,0.6059966009067823,0.6449466771037624,1,1338778
qsize=10000,65baffe3161e376e238e0d0a44d7b27b,ERR4797577,0.0001,1,21,1000,DNA,fd9d920fc525cb891fc2b8e1b364b899,0.00001157460993564517,0.0001,1.0,1.0,0.0,0.6449466771037624,0.5854267420129406,0.6151867095583515,0.6449466771037624,1,554456
qsize=10000,65baffe3161e376e238e0d0a44d7b27b,SRR940505,0.0001,1,21,1000,DNA,f6dd2c769e68370c87bc78c93b12ae14,0.000013302825520140477,0.0001,86.0,86.0,0.0,0.6449466771037624,0.5898732207129862,0.6174099489083743,0.6449466771037624,86,1462762
qsize=10000,65baffe3161e376e238e0d0a44d7b27b,SRR25610370,0.0002,2,21,1000,DNA,cd2a5c537d7f21ed098b20f871dc4485,0.000044584141420896585,0.0002,1.0,1.0,0.0,0.666589657745114,0.628105887887303,0.6473477728162085,0.666589657745114,2,355157
qsize=5000,6424f418433b237c8a9c44a818715253,SRR6186427,0.001,5,21,1000,DNA,c8cca5d40ba5157b82af983d41b63645,4.794360298094146e-6,0.001,4.0,3.0,4.09878030638384,0.719685673001152,0.5582140327772153,0.6389498528891837,0.719685673001152,20,15265925
qsize=10000,65baffe3161e376e238e0d0a44d7b27b,SRR6186427,0.0007,7,21,1000,DNA,c8cca5d40ba5157b82af983d41b63645,6.680090467510903e-6,0.0007,15.142857142857142,13.0,14.564424086780493,0.7075653765539904,0.5672300467196663,0.6373977116368283,0.7075653765539904,106,15265925
qsize=5000,6424f418433b237c8a9c44a818715253,SRR9968962,0.0002,1,21,1000,DNA,304e5e4bb2576864ebb895226135d654,0.000025869205298013245,0.0002,1.0,1.0,0.0,0.666589657745114,0.608730385784537,0.6376600217648255,0.666589657745114,1,289347
qsize=5000,6424f418433b237c8a9c44a818715253,SRR3731883,0.0002,1,21,1000,DNA,b77512fa19e4f71205e3ab737979a15d,0.000020087178354056607,0.0002,1.0,1.0,0.0,0.666589657745114,0.6005068393035559,0.6335482485243349,0.666589657745114,1,424411
qsize=10000,65baffe3161e376e238e0d0a44d7b27b,SRR3731883,0.0002,2,21,1000,DNA,b77512fa19e4f71205e3ab737979a15d,0.00003650834215618269,0.0002,1.0,1.0,0.0,0.666589657745114,0.6206585175111407,0.6436240876281274,0.666589657745114,2,424411
qsize=5000,6424f418433b237c8a9c44a818715253,ERR13364422,0.0002,1,21,1000,DNA,5563f330596f28b75c2bb2522e631a8e,0.00001561450900176444,0.0002,1.0,1.0,0.0,0.666589657745114,0.5926539096665921,0.6296217837058531,0.666589657745114,1,655384
qsize=10000,65baffe3161e376e238e0d0a44d7b27b,ERR13364422,0.0001,1,21,1000,DNA,5563f330596f28b75c2bb2522e631a8e,0.000014483727532117665,0.0001,1.0,1.0,0.0,0.6449466771037624,0.5926539096665921,0.6188002933851773,0.6449466771037624,1,655384
qsize=5000,6424f418433b237c8a9c44a818715253,SRR6009789,0.0002,1,21,1000,DNA,6e6647bc9240ec921b4fc4a17a748920,0.00001433136993565215,0.0002,1.0,1.0,0.0,0.666589657745114,0.5900440062349879,0.628316831990051,0.666589657745114,1,455698
qsize=1000,06e3ed33658503f35a60705dda70ec6b,SRR10901883,0.002,2,21,1000,DNA,cd48e6c0f9d07e3e4f374a571e77e28e,4.327627356663573e-6,0.002,1.0,1.0,0.0,0.7438367286489914,0.5554283389947171,0.6496325338218543,0.7438367286489914,2,4482867
qsize=5000,6424f418433b237c8a9c44a818715253,SRR10901883,0.0006,3,21,1000,DNA,cd48e6c0f9d07e3e4f374a571e77e28e,6.4357518888931795e-6,0.0006,3.6666666666666665,1.0,3.7712361663282534,0.7023905031859884,0.5662566724699477,0.634323587827968,0.7023905031859884,11,4482867
qsize=10000,65baffe3161e376e238e0d0a44d7b27b,SRR10901883,0.0005,5,21,1000,DNA,cd48e6c0f9d07e3e4f374a571e77e28e,0.000010612466676854635,0.0005,9.2,4.0,11.496086290559932,0.6963187591769685,0.5801997785696382,0.6382592688733033,0.6963187591769685,46,4482867
qsize=10000,65baffe3161e376e238e0d0a44d7b27b,SRR20302653,0.0001,1,21,1000,DNA,c52d0509787f09f0b25af16329484bec,9.62862397334797e-6,0.0001,1.0,1.0,0.0,0.6449466771037624,0.579716488077766,0.6123315825907643,0.6449466771037624,1,1107246
qsize=5000,6424f418433b237c8a9c44a818715253,SRR5165766,0.0002,1,21,1000,DNA,78a28261e332cd1289b7b33a0d6ac956,3.4168642753172557e-6,0.0002,5.0,5.0,0.0,0.666589657745114,0.5496077588210028,0.6080987082830585,0.666589657745114,5,1056458
qsize=10000,65baffe3161e376e238e0d0a44d7b27b,SRR5165766,0.0002,2,21,1000,DNA,78a28261e332cd1289b7b33a0d6ac956,6.718962592175768e-6,0.0002,4.5,4.5,2.5,0.666589657745114,0.5680513767304968,0.6173205172378053,0.666589657745114,9,1056458
qsize=10000,65baffe3161e376e238e0d0a44d7b27b,SRR15114136,0.0001,1,21,1000,DNA,8b6eada8d5d02b5b19a3099909fafa0f,6.325350740698572e-6,0.0001,1.0,1.0,0.0,0.6449466771037624,0.5672621290975952,0.6061044031006788,0.6449466771037624,1,1146508
qsize=5000,6424f418433b237c8a9c44a818715253,SRR12720518,0.0004,2,21,1000,DNA,4478e5604173352b82a2b9b50e9b6dd6,2.808349785582494e-6,0.0004,3.0,3.0,1.0,0.6889589288344534,0.5442346433669525,0.6165967861007029,0.6889589288344534,6,8664326
qsize=10000,65baffe3161e376e238e0d0a44d7b27b,SRR12720518,0.0002,2,21,1000,DNA,4478e5604173352b82a2b9b50e9b6dd6,2.7887701802382167e-6,0.0002,7.5,7.5,0.5,0.666589657745114,0.5442346433669525,0.6054121505560333,0.666589657745114,15,8664326
qsize=5000,6424f418433b237c8a9c44a818715253,SRR22877767,0.0002,1,21,1000,DNA,9b9ee475057799880caca8b3429bc7a4,1.6645859342488557e-6,0.0002,1.0,1.0,0.0,0.666589657745114,0.530880673410715,0.5987351655779145,0.666589657745114,1,3282327
qsize=10000,65baffe3161e376e238e0d0a44d7b27b,SRR22877767,0.0004,4,21,1000,DNA,9b9ee475057799880caca8b3429bc7a4,6.603416938094617e-6,0.0004,7.75,7.0,6.832825184358224,0.6889589288344534,0.5671088681849507,0.628033898509702,0.6889589288344534,31,3282327
qsize=5000,6424f418433b237c8a9c44a818715253,ERR14676008,0.0002,1,21,1000,DNA,08604ce6dfcf4b87c49eca2e4974c485,3.842252482095104e-6,0.0002,1.0,1.0,0.0,0.666589657745114,0.5527442394253451,0.6096669485852295,0.666589657745114,1,1527104
qsize=10000,65baffe3161e376e238e0d0a44d7b27b,ERR14676008,0.0002,2,21,1000,DNA,08604ce6dfcf4b87c49eca2e4974c485,7.5396870275914844e-6,0.0002,4.0,4.0,3.0,0.666589657745114,0.5712931106703655,0.6189413842077398,0.666589657745114,8,1527104
qsize=5000,6424f418433b237c8a9c44a818715253,SRR21380892,0.0002,1,21,1000,DNA,66f2a3427b44c30a99666c412c554930,0.000022725723246142307,0.0002,1.0,1.0,0.0,0.666589657745114,0.6044713964137347,0.6355305270794244,0.666589657745114,1,363756
qsize=10000,65baffe3161e376e238e0d0a44d7b27b,SRR5003443,0.0001,1,21,1000,DNA,10f9aa7324a4a1e139356d69096a0940,0.000018605689619885762,0.0001,1.0,1.0,0.0,0.6449466771037624,0.6011764925866768,0.6230615848452197,0.6449466771037624,1,394289
qsize=10000,65baffe3161e376e238e0d0a44d7b27b,DRR173328,0.0001,1,21,1000,DNA,bae9765045fc9198ee955c5a17c71e0e,0.000012119889951399242,0.0001,1.0,1.0,0.0,0.6449466771037624,0.5868842851917954,0.6159154811477789,0.6449466771037624,1,691087
qsize=5000,6424f418433b237c8a9c44a818715253,SRR14371388,0.0002,1,21,1000,DNA,b19fcdaf55fb378f0207c00ec68ff6fe,0.000013292039397604774,0.0002,1.0,1.0,0.0,0.666589657745114,0.5877762427711941,0.6271829502581541,0.666589657745114,1,494095
qsize=10000,65baffe3161e376e238e0d0a44d7b27b,SRR14860468,0.0002,2,21,1000,DNA,e55ca40abcc54bf0c756d2ce12c01f56,2.9234209872392676e-6,0.0002,1.5,1.5,0.5,0.666589657745114,0.545475788442741,0.6060327230939275,0.666589657745114,3,2743612
qsize=10000,65baffe3161e376e238e0d0a44d7b27b,ERR13141835,0.0001,1,21,1000,DNA,eea4b075f8d1adc588260400da655217,0.00004088474590130423,0.0001,6.0,6.0,0.0,0.6449466771037624,0.6337190287876793,0.6393328529457208,0.6449466771037624,6,51613
qsize=10000,65baffe3161e376e238e0d0a44d7b27b,SRR11046369,0.0001,1,21,1000,DNA,e8916c1aaceca5686df57fd9b6bc9299,0.000013762919941094703,0.0001,1.0,1.0,0.0,0.6449466771037624,0.5909787786570627,0.6179627278804125,0.6449466771037624,1,445438
qsize=100,36c3fdb0e95a270b636308b47d19df42,SRR30234869,0.01,1,21,1000,DNA,4dd9c195d702994a21081e749ece2325,2.4778173402613105e-6,0.01,1.0,1.0,0.0,0.8030857221391514,0.5408240451022887,0.6719548836207201,0.8030857221391514,1,3823793
qsize=10000,65baffe3161e376e238e0d0a44d7b27b,SRR30234869,0.0005,5,21,1000,DNA,4dd9c195d702994a21081e749ece2325,0.000012092571049901204,0.0005,12.6,1.0,22.70330372434814,0.6963187591769685,0.5839024238558986,0.6401105915164336,0.6963187591769685,63,3823793
qsize=5000,6424f418433b237c8a9c44a818715253,SRR8325627,0.0002,1,21,1000,DNA,913c931a92150e659f60968896bff5df,0.000010890161827804762,0.0002,1.0,1.0,0.0,0.666589657745114,0.581869994172513,0.6242298259588135,0.666589657745114,1,643964
qsize=10000,65baffe3161e376e238e0d0a44d7b27b,SRR6054462,0.0001,1,21,1000,DNA,8667a47de21abaf43dc9d7244fb25b08,3.754712163765526e-6,0.0001,9.0,9.0,0.0,0.6449466771037624,0.552634355339435,0.5987905162215987,0.6449466771037624,9,731398
qsize=1000,06e3ed33658503f35a60705dda70ec6b,SRR5468222,0.002,2,21,1000,DNA,867577f143debc13dc167eae8412af95,1.1771159247304993e-6,0.002,1.5,1.5,0.5,0.7438367286489914,0.5219996476171871,0.6329181881330892,0.7438367286489914,3,3068177
qsize=5000,6424f418433b237c8a9c44a818715253,SRR5468222,0.001,5,21,1000,DNA,867577f143debc13dc167eae8412af95,2.9358832457950813e-6,0.001,1.8,1.0,1.1661903789690602,0.719685673001152,0.5452802075405118,0.6324829402708319,0.719685673001152,9,3068177
qsize=10000,65baffe3161e376e238e0d0a44d7b27b,SRR5468222,0.0003,3,21,1000,DNA,867577f143debc13dc167eae8412af95,1.7563713835581391e-6,0.0003,1.3333333333333333,1.0,0.4714045207910317,0.6795851327658305,0.5321762732257798,0.6058807029958051,0.6795851327658305,4,3068177
qsize=5000,6424f418433b237c8a9c44a818715253,ERR14674762,0.0004,2,21,1000,DNA,96b4951f4adade11f058b366124a7426,6.167642696123328e-6,0.0004,2.0,2.0,1.0,0.6889589288344534,0.5652384158717636,0.6270986723531085,0.6889589288344534,4,1418700
qsize=10000,65baffe3161e376e238e0d0a44d7b27b,ERR14674762,0.0003,3,21,1000,DNA,96b4951f4adade11f058b366124a7426,9.111008527903982e-6,0.0003,15.333333333333334,8.0,13.299958228840001,0.6795851327658305,0.5762580013526706,0.6279215670592506,0.6795851327658305,46,1418700
qsize=5000,6424f418433b237c8a9c44a818715253,DRR376828,0.0002,1,21,1000,DNA,6e2d3a31e64265dfcb3cac1e9837f71c,2.8458812982910484e-6,0.0002,1.0,1.0,0.0,0.666589657745114,0.5447677790924031,0.6056787184187586,0.666589657745114,1,6104685
qsize=5000,6424f418433b237c8a9c44a818715253,SRR23826086,0.0002,1,21,1000,DNA,c01130c59620ca099232e68f9a188df3,5.280416519255039e-6,0.0002,2.0,2.0,0.0,0.666589657745114,0.561373261737252,0.613981459741183,0.666589657745114,2,2992942
qsize=10000,65baffe3161e376e238e0d0a44d7b27b,SRR23826086,0.0002,2,21,1000,DNA,c01130c59620ca099232e68f9a188df3,0.000010289230262684048,0.0002,1.0,1.0,0.0,0.666589657745114,0.5802117038405781,0.623400680792846,0.666589657745114,2,2992942
qsize=5000,6424f418433b237c8a9c44a818715253,ERR3857663,0.0002,1,21,1000,DNA,f8aacb4ecb4d13f5de44d88bf5dc6b10,0.000011383687176276396,0.0002,2.0,2.0,0.0,0.666589657745114,0.583171904943886,0.6248807813445001,0.666589657745114,2,191199
qsize=10000,65baffe3161e376e238e0d0a44d7b27b,ERR3857663,0.0003,3,21,1000,DNA,f8aacb4ecb4d13f5de44d88bf5dc6b10,0.00003231261376732764,0.0003,4.0,2.0,3.559026084010437,0.6795851327658305,0.6144925937541219,0.6470388632599762,0.6795851327658305,12,191199
qsize=10000,65baffe3161e376e238e0d0a44d7b27b,ERR4817931,0.0001,1,21,1000,DNA,aa509161ed9586ad81e21ed52afeb6a1,0.00004151617054842861,0.0001,1.0,1.0,0.0,0.6449466771037624,0.63450601805575,0.6397263475797562,0.6449466771037624,1,438134
qsize=5000,6424f418433b237c8a9c44a818715253,SRR24458844,0.0002,1,21,1000,DNA,9f8b7c35bf9530a307754d75849ff051,3.7059959308164678e-6,0.0002,1.0,1.0,0.0,0.666589657745114,0.5517764430463161,0.6091830503957151,0.666589657745114,1,1197998
qsize=10000,65baffe3161e376e238e0d0a44d7b27b,SRR24458844,0.0002,2,21,1000,DNA,9f8b7c35bf9530a307754d75849ff051,7.277172963847005e-6,0.0002,11.0,11.0,10.0,0.666589657745114,0.570292837190454,0.6184412474677841,0.666589657745114,22,1197998
qsize=10000,65baffe3161e376e238e0d0a44d7b27b,ERR221287,0.0001,1,21,1000,DNA,763f088edd032f745eac88a47a593767,0.000010570601044375383,0.0001,1.0,1.0,0.0,0.6449466771037624,0.5825894055884141,0.6137680413460882,0.6449466771037624,1,649845
qsize=1000,06e3ed33658503f35a60705dda70ec6b,SRR6256434,0.001,1,21,1000,DNA,940f3f1187b2ce9d4f34647f795397bc,5.036311808136665e-6,0.001,19.0,19.0,0.0,0.719685673001152,0.559530752642154,0.639608212821653,0.719685673001152,19,5759712
qsize=5000,6424f418433b237c8a9c44a818715253,SRR23204169,0.0004,2,21,1000,DNA,99f660b8408f2755d368c3f50c9f3349,0.000013361838588989846,0.0004,2.5,2.5,1.5,0.6889589288344534,0.5869495009749994,0.6379542149047264,0.6889589288344534,5,581325
qsize=5000,6424f418433b237c8a9c44a818715253,SRR32166381,0.0008,4,21,1000,DNA,7182186bca2cb4e41480eb3a4f0fd72c,6.946205114490826e-6,0.0008,1.0,1.0,0.0,0.7120788630690342,0.5682626837836308,0.6401707734263324,0.7120788630690342,4,673200
qsize=10000,65baffe3161e376e238e0d0a44d7b27b,SRR32166381,0.0006,6,21,1000,DNA,7182186bca2cb4e41480eb3a4f0fd72c,0.00001032965368114425,0.0006,1.0,1.0,0.0,0.7023905031859884,0.579341228772307,0.6408658659791477,0.7023905031859884,6,673200
qsize=10000,65baffe3161e376e238e0d0a44d7b27b,ERR12354974,0.0001,1,21,1000,DNA,015d711a452ff9d01eacde344237f4c1,0.000012571974554323502,0.0001,3.0,3.0,0.0,0.6449466771037624,0.5880530458021412,0.6164998614529518,0.6449466771037624,3,1694069
qsize=5000,6424f418433b237c8a9c44a818715253,SRR26190364,0.0002,1,21,1000,DNA,b7b0c3f9166d24b0357067e8a9fc9cd4,0.0000326765349802307,0.0002,1.0,1.0,0.0,0.666589657745114,0.6167094170343992,0.6416495373897566,0.666589657745114,1,325773
qsize=5000,6424f418433b237c8a9c44a818715253,SRR14634844,0.0002,1,21,1000,DNA,db957003445f129475bf9dc73e0ecf77,0.00001189966204959779,0.0002,1.0,1.0,0.0,0.666589657745114,0.5844804358107893,0.6255350467779517,0.666589657745114,1,223829
qsize=10000,65baffe3161e376e238e0d0a44d7b27b,SRR12956357,0.0001,1,21,1000,DNA,15380daec25cc8b31bcfc920e539a72c,0.000027170959678295838,0.0001,1.0,1.0,0.0,0.6449466771037624,0.6153647011326021,0.6301556891181823,0.6449466771037624,1,221585
qsize=5000,6424f418433b237c8a9c44a818715253,SRR2917856,0.0004,2,21,1000,DNA,61db4e03653be426ae44a86e3b00b75a,2.0454185181965544e-6,0.0004,1.0,1.0,0.0,0.6889589288344534,0.5360321596985141,0.6124955442664838,0.6889589288344534,2,1106707
qsize=10000,65baffe3161e376e238e0d0a44d7b27b,SRR2917856,0.001,10,21,1000,DNA,61db4e03653be426ae44a86e3b00b75a,0.00001017514476687217,0.001,1.0,1.0,0.0,0.719685673001152,0.5787288493311669,0.6492072611661595,0.719685673001152,10,1106707
qsize=10000,65baffe3161e376e238e0d0a44d7b27b,ERR9799029,0.0001,1,21,1000,DNA,5fba782e7067c50ce1668d4caa0fe939,8.509696799503033e-6,0.0001,53.0,53.0,0.0,0.6449466771037624,0.575978705766407,0.6104626914350847,0.6449466771037624,53,919596
qsize=5000,6424f418433b237c8a9c44a818715253,ERR15001851,0.0002,1,21,1000,DNA,7adb0440ea7e8b6695bbf17a7565a7b5,0.00001849112426035503,0.0002,1.0,1.0,0.0,0.666589657745114,0.5978925903989197,0.6322411240720169,0.666589657745114,1,1254613
qsize=10000,65baffe3161e376e238e0d0a44d7b27b,ERR15001851,0.0001,1,21,1000,DNA,7adb0440ea7e8b6695bbf17a7565a7b5,0.000016926201760324983,0.0001,1.0,1.0,0.0,0.6449466771037624,0.5978925903989197,0.6214196337513411,0.6449466771037624,1,1254613
qsize=10000,65baffe3161e376e238e0d0a44d7b27b,SRR17845234,0.0001,1,21,1000,DNA,493e9024be5df0ad0af69e9214eaff05,0.000030562347188264056,0.0001,32.0,32.0,0.0,0.6449466771037624,0.6202275798050403,0.6325871284544013,0.6449466771037624,32,505091
qsize=5000,6424f418433b237c8a9c44a818715253,SRR6486121,0.0002,1,21,1000,DNA,488cc9e2e49fc1114e7d22be3f461858,0.000048381634331607724,0.0002,1.0,1.0,0.0,0.666589657745114,0.631298575982093,0.6489441168636035,0.666589657745114,1,85699
qsize=10000,65baffe3161e376e238e0d0a44d7b27b,SRR4037753,0.0001,1,21,1000,DNA,8015d57c07c4f80eb0f38cf120c118b2,0.00001527277170260859,0.0001,1.0,1.0,0.0,0.6449466771037624,0.5944151346844352,0.6196809058940989,0.6449466771037624,1,276414
qsize=5000,6424f418433b237c8a9c44a818715253,SRR32527673,0.0004,2,21,1000,DNA,166f92fd3e4d420204a31200b2750f48,2.9807414296232044e-6,0.0004,4.5,4.5,3.5,0.6889589288344534,0.5457920561360428,0.6173754924852481,0.6889589288344534,9,5061175
qsize=10000,65baffe3161e376e238e0d0a44d7b27b,SRR32527673,0.0002,2,21,1000,DNA,166f92fd3e4d420204a31200b2750f48,2.9586936775674803e-6,0.0002,16.5,16.5,13.5,0.666589657745114,0.5457920561360428,0.6061908569405784,0.666589657745114,33,5061175
qsize=100,36c3fdb0e95a270b636308b47d19df42,SRR26208190,0.01,1,21,1000,DNA,81dd0e924f139ce5f38bf1562c2c7fa2,7.251957665971929e-7,0.01,11.0,11.0,0.0,0.8030857221391514,0.5100845994980027,0.6565851608185771,0.8030857221391514,11,7223435
qsize=5000,6424f418433b237c8a9c44a818715253,SRR26208190,0.0006,3,21,1000,DNA,81dd0e924f139ce5f38bf1562c2c7fa2,2.167886946141017e-6,0.0006,1.3333333333333333,1.0,0.4714045207910317,0.7023905031859884,0.5374799538906462,0.6199352285383173,0.7023905031859884,4,7223435
qsize=10000,65baffe3161e376e238e0d0a44d7b27b,SRR26208190,0.0008,8,21,1000,DNA,81dd0e924f139ce5f38bf1562c2c7fa2,5.760240086806818e-6,0.0008,4.5,2.5,4.795831523312719,0.7120788630690342,0.563179057392251,0.6376289602306426,0.7120788630690342,36,7223435
qsize=10000,65baffe3161e376e238e0d0a44d7b27b,SRR29379125,0.0001,1,21,1000,DNA,891d333cfda3242c3ed6cd15cc77bebc,4.455811715220162e-6,0.0001,1.0,1.0,0.0,0.6449466771037624,0.557351980984421,0.6011493290440917,0.6449466771037624,1,1680255
qsize=5000,6424f418433b237c8a9c44a818715253,SRR3584881,0.0004,2,21,1000,DNA,74cb39712dbc3b15698f02de4b7f0455,3.5242477052742127e-6,0.0004,3.5,3.5,2.5,0.6889589288344534,0.5501985481447276,0.6195787384895906,0.6889589288344534,7,2514448
qsize=10000,65baffe3161e376e238e0d0a44d7b27b,SRR3584881,0.0002,2,21,1000,DNA,74cb39712dbc3b15698f02de4b7f0455,3.493468088042383e-6,0.0002,1.0,1.0,0.0,0.666589657745114,0.5501985481447276,0.6083941029449208,0.666589657745114,2,2514448
qsize=10000,65baffe3161e376e238e0d0a44d7b27b,SRR6470375,0.0001,1,21,1000,DNA,208f6488782ec877329b6f18de281ad7,0.000027496700395952487,0.0001,25.0,25.0,0.0,0.6449466771037624,0.6158454405784459,0.6303960588411042,0.6449466771037624,25,525716
qsize=10000,65baffe3161e376e238e0d0a44d7b27b,SRR5055253,0.0001,1,21,1000,DNA,e96ebcdb24f62e58381b1ae61b13ca7f,0.000011757098348127683,0.0001,1.0,1.0,0.0,0.6449466771037624,0.5859206301948976,0.61543365364933,0.6449466771037624,1,285158
qsize=10000,65baffe3161e376e238e0d0a44d7b27b,SRR21177920,0.0001,1,21,1000,DNA,b8edd086f133d9d82e01d2520db55c79,9.032770892799075e-6,0.0001,31.0,31.0,0.0,0.6449466771037624,0.5777748761749731,0.6113607766393678,0.6449466771037624,31,1461475
qsize=5000,6424f418433b237c8a9c44a818715253,SRR10436584,0.001,5,21,1000,DNA,549ddcec065379c6a921bf9b2b1d9ea7,2.6862858659457393e-6,0.001,1.4,1.0,0.8,0.719685673001152,0.5429715917459391,0.6313286323735456,0.719685673001152,7,3809461
qsize=10000,65baffe3161e376e238e0d0a44d7b27b,ERR2356083,0.0001,1,21,1000,DNA,fd4472b8e802209c72ca831b7fecb89f,8.70958751393534e-6,0.0001,1.0,1.0,0.0,0.6449466771037624,0.5766759272353007,0.6108113021695316,0.6449466771037624,1,228279
qsize=10000,65baffe3161e376e238e0d0a44d7b27b,SRR10436584,0.0005,5,21,1000,DNA,549ddcec065379c6a921bf9b2b1d9ea7,2.679089066851845e-6,0.0005,2.0,2.0,0.6324555320336759,0.6963187591769685,0.5429715917459391,0.6196451754614538,0.6963187591769685,10,3809461
qsize=5000,6424f418433b237c8a9c44a818715253,SRR28022981,0.0008,4,21,1000,DNA,281a4dbd15088f4ba583d9c4479d7c11,2.2087805653815613e-6,0.0008,1.25,1.0,0.4330127018922193,0.7120788630690342,0.5379365632791427,0.6250077131740885,0.7120788630690342,5,3836902
qsize=10000,65baffe3161e376e238e0d0a44d7b27b,SRR28022981,0.0006,6,21,1000,DNA,281a4dbd15088f4ba583d9c4479d7c11,3.3040520894825415e-6,0.0006,5.666666666666667,1.5,9.551032521262936,0.7023905031859884,0.5484238864615514,0.6254071948237698,0.7023905031859884,34,3836902
qsize=1000,06e3ed33658503f35a60705dda70ec6b,SRR8114025,0.001,1,21,1000,DNA,87d8971a2ca32c9d19f98bd8bcd0acbd,1.0452805062502548e-6,0.001,1.0,1.0,0.0,0.719685673001152,0.5190667034827866,0.6193761882419693,0.719685673001152,1,7780314
qsize=5000,6424f418433b237c8a9c44a818715253,SRR8114025,0.0002,1,21,1000,DNA,87d8971a2ca32c9d19f98bd8bcd0acbd,1.0409282581835178e-6,0.0002,6.0,6.0,0.0,0.666589657745114,0.5190667034827866,0.5928281806139504,0.666589657745114,6,7780314
qsize=10000,65baffe3161e376e238e0d0a44d7b27b,SRR8114025,0.0005,5,21,1000,DNA,87d8971a2ca32c9d19f98bd8bcd0acbd,5.177714701706678e-6,0.0005,2.6,2.0,1.8547236990991407,0.6963187591769685,0.5604120398329671,0.6283653995049678,0.6963187591769685,13,7780314
qsize=10000,65baffe3161e376e238e0d0a44d7b27b,SRR33054612,0.0001,1,21,1000,DNA,ae452a00cc8fe01a973af0ee71744ab4,0.000010826729028625872,0.0001,2.0,2.0,0.0,0.6449466771037624,0.5833336290835568,0.6141401530936597,0.6449466771037624,2,2241349
qsize=1000,06e3ed33658503f35a60705dda70ec6b,SRR3407783,0.001,1,21,1000,DNA,77c0a6478be6e04eaa94f80822d6e728,6.140318559726878e-6,0.001,1.0,1.0,0.0,0.719685673001152,0.5648665584476814,0.6422761157244168,0.719685673001152,1,926075
qsize=10000,65baffe3161e376e238e0d0a44d7b27b,SRR3407783,0.0001,1,21,1000,DNA,77c0a6478be6e04eaa94f80822d6e728,5.818757346181149e-6,0.0001,1.0,1.0,0.0,0.6449466771037624,0.5648665584476814,0.6049066177757219,0.6449466771037624,1,926075
qsize=5000,6424f418433b237c8a9c44a818715253,ERR11566317,0.0002,1,21,1000,DNA,985c656b059ff18b1e194046ba677be8,1.7257238117097263e-6,0.0002,3.0,3.0,0.0,0.666589657745114,0.531801117528915,0.5991953876370145,0.666589657745114,3,6018381
qsize=10000,65baffe3161e376e238e0d0a44d7b27b,ERR11566317,0.0001,1,21,1000,DNA,985c656b059ff18b1e194046ba677be8,1.7109605846010126e-6,0.0001,16.0,16.0,0.0,0.6449466771037624,0.531801117528915,0.5883738973163387,0.6449466771037624,16,6018381
qsize=5000,6424f418433b237c8a9c44a818715253,ERR1303267,0.0002,1,21,1000,DNA,524b6105802c26522e18dadfcf5c4de6,0.000025819777949909632,0.0002,1.0,1.0,0.0,0.666589657745114,0.6086667264199813,0.6376281920825477,0.666589657745114,1,89984
qsize=1000,06e3ed33658503f35a60705dda70ec6b,SRR25400067,0.001,1,21,1000,DNA,864a77b407da2174c0251950d8a19c00,1.1589647663121394e-6,0.001,3.0,3.0,0.0,0.719685673001152,0.5216276882115672,0.6206566806063596,0.719685673001152,3,10733403
qsize=5000,6424f418433b237c8a9c44a818715253,SRR25400067,0.0006,3,21,1000,DNA,864a77b407da2174c0251950d8a19c00,3.4608582697785168e-6,0.0006,1.0,1.0,0.0,0.7023905031859884,0.5496429927191623,0.6260167479525753,0.7023905031859884,3,10733403
qsize=10000,65baffe3161e376e238e0d0a44d7b27b,SRR25400067,0.0003,3,21,1000,DNA,864a77b407da2174c0251950d8a19c00,3.441010188831169e-6,0.0003,2.3333333333333335,3.0,0.9428090415820634,0.6795851327658305,0.5496429927191623,0.6146140627424964,0.6795851327658305,7,10733403
qsize=10000,65baffe3161e376e238e0d0a44d7b27b,ERR1729610,0.0001,1,21,1000,DNA,debdaeee180735fc1ff9b4cab6f67038,0.000022998022170093373,0.0001,62.0,62.0,0.0,0.6449466771037624,0.6088806508976836,0.626913664000723,0.6449466771037624,62,684589
qsize=1000,06e3ed33658503f35a60705dda70ec6b,SRR12360571,0.001,1,21,1000,DNA,7f9d9c3adbf3c32ba90cb43fcada5f59,6.455848773033661e-7,0.001,1.0,1.0,0.0,0.719685673001152,0.5072817236494565,0.6134836983253042,0.719685673001152,1,6764078
qsize=5000,6424f418433b237c8a9c44a818715253,SRR12360571,0.0008,4,21,1000,DNA,7f9d9c3adbf3c32ba90cb43fcada5f59,2.57569318342799e-6,0.0008,2.0,1.0,1.7320508075688772,0.7120788630690342,0.5418994861905397,0.626989174629787,0.7120788630690342,8,6764078
qsize=10000,65baffe3161e376e238e0d0a44d7b27b,SRR12360571,0.0007,7,21,1000,DNA,7f9d9c3adbf3c32ba90cb43fcada5f59,4.493005994311854e-6,0.0007,1.2857142857142858,1.0,0.6998542122237652,0.7075653765539904,0.5565343563360008,0.6320498664449956,0.7075653765539904,9,6764078
qsize=5000,6424f418433b237c8a9c44a818715253,ERR12354855,0.0004,2,21,1000,DNA,d8c50e550a6b39806be2a4a7f67e4a60,0.00002009686689845053,0.0004,2.0,2.0,1.0,0.6889589288344534,0.5989699865009185,0.643964457667686,0.6889589288344534,4,2371893
qsize=10000,65baffe3161e376e238e0d0a44d7b27b,ERR12354855,0.0002,2,21,1000,DNA,d8c50e550a6b39806be2a4a7f67e4a60,0.000019135459920779194,0.0002,1.0,1.0,0.0,0.666589657745114,0.5989699865009185,0.6327798221230163,0.666589657745114,2,2371893
qsize=10000,65baffe3161e376e238e0d0a44d7b27b,SRR27219231,0.0001,1,21,1000,DNA,e567cd9116966c49c9b8de2c5c100e78,2.149294279223417e-6,0.0001,1.0,1.0,0.0,0.6449466771037624,0.5377230056016981,0.5913348413527302,0.6449466771037624,1,3804192
qsize=5000,6424f418433b237c8a9c44a818715253,ERR2221111,0.0002,1,21,1000,DNA,5fb6aaf38d331bc6eda65883fbd91887,0.000039494470774091624,0.0002,72.0,72.0,0.0,0.666589657745114,0.6235334525043946,0.6450615551247543,0.666589657745114,72,379976
qsize=10000,65baffe3161e376e238e0d0a44d7b27b,ERR2221111,0.0001,1,21,1000,DNA,5fb6aaf38d331bc6eda65883fbd91887,0.000032981530343007914,0.0001,1.0,1.0,0.0,0.6449466771037624,0.6235334525043946,0.6342400648040785,0.6449466771037624,1,379976
qsize=10000,65baffe3161e376e238e0d0a44d7b27b,ERR459883,0.0001,1,21,1000,DNA,58294601725eddd02bedecec0d13b850,0.00001326963906581741,0.0001,1.0,1.0,0.0,0.6449466771037624,0.5897923159482039,0.6173694965259832,0.6449466771037624,1,443900
qsize=10000,65baffe3161e376e238e0d0a44d7b27b,SRR617732,0.0001,1,21,1000,DNA,430dea055f92ec144f120c74125c8981,8.3109629912818e-6,0.0001,1.0,1.0,0.0,0.6449466771037624,0.5752714978073434,0.6101090874555529,0.6449466771037624,1,1564370
qsize=10000,65baffe3161e376e238e0d0a44d7b27b,SRR12001748,0.0001,1,21,1000,DNA,79752c49f710d56106fc76192355cd62,7.063144511936714e-6,0.0001,1.0,1.0,0.0,0.6449466771037624,0.5704648580848819,0.6077057675943222,0.6449466771037624,1,639000
qsize=10000,65baffe3161e376e238e0d0a44d7b27b,SRR11515073,0.0001,1,21,1000,DNA,24800b5bc0524278e1878b1bd5336f88,0.00002861475949294646,0.0001,1.0,1.0,0.0,0.6449466771037624,0.6174721096966843,0.6312093934002234,0.6449466771037624,1,161210
qsize=10000,65baffe3161e376e238e0d0a44d7b27b,SRR13740319,0.0001,1,21,1000,DNA,ddc095faf7ae9b137cc69fee4bc6adb8,4.016177161606953e-6,0.0001,1.0,1.0,0.0,0.6449466771037624,0.5544805714533115,0.599713624278537,0.6449466771037624,1,1437644
qsize=10000,65baffe3161e376e238e0d0a44d7b27b,SRR940385,0.0001,1,21,1000,DNA,00e9a4c60624d849b9176d1f9add5fab,0.000018203993956274005,0.0001,75.0,75.0,0.0,0.6449466771037624,0.6004112286772118,0.622678952890487,0.6449466771037624,75,1133166
qsize=5000,6424f418433b237c8a9c44a818715253,ERR4320068,0.0002,1,21,1000,DNA,14b630272610932fd997f2e7744364de,2.288381885168997e-6,0.0002,3.0,3.0,0.0,0.666589657745114,0.5390686328230032,0.6028291452840586,0.666589657745114,3,1411032
qsize=10000,65baffe3161e376e238e0d0a44d7b27b,ERR4320068,0.0004,4,21,1000,DNA,14b630272610932fd997f2e7744364de,9.050039933301206e-6,0.0004,3.25,1.0,3.897114317029974,0.6889589288344534,0.5758555877918531,0.6324072583131533,0.6889589288344534,13,1411032
qsize=10000,65baffe3161e376e238e0d0a44d7b27b,SRR18283399,0.0002,2,21,1000,DNA,ec69dcc1c991d6bd17882ec8a4fc8c68,0.000017265044328001313,0.0002,9.5,9.5,4.5,0.666589657745114,0.5957514882582846,0.6311705730016993,0.666589657745114,19,660459
qsize=5000,6424f418433b237c8a9c44a818715253,DRR099875,0.0004,2,21,1000,DNA,f75a58a3a2b2ee9361bcd773c3295d0a,6.566139077391798e-6,0.0004,1.0,1.0,0.0,0.6889589288344534,0.5669534490330682,0.6279561889337608,0.6889589288344534,2,326851
qsize=10000,65baffe3161e376e238e0d0a44d7b27b,DRR099875,0.0002,2,21,1000,DNA,f75a58a3a2b2ee9361bcd773c3295d0a,6.460094381978921e-6,0.0002,1.0,1.0,0.0,0.666589657745114,0.5669534490330682,0.6167715533890912,0.666589657745114,2,326851
qsize=10000,65baffe3161e376e238e0d0a44d7b27b,ERR11488342,0.0001,1,21,1000,DNA,74a8028754e277a235dc22586d32366c,0.000018066847335140017,0.0001,1.0,1.0,0.0,0.6449466771037624,0.6001471778501194,0.6225469274769408,0.6449466771037624,1,521032
qsize=1000,06e3ed33658503f35a60705dda70ec6b,SRR21919916,0.001,1,21,1000,DNA,c3ae8dc26c686a5c62b0abd31b9377f8,1.7530266004256348e-6,0.001,1.0,1.0,0.0,0.719685673001152,0.5320236520648775,0.6258546625330148,0.719685673001152,1,5112816
qsize=5000,6424f418433b237c8a9c44a818715253,SRR21919916,0.0004,2,21,1000,DNA,c3ae8dc26c686a5c62b0abd31b9377f8,3.481645634625662e-6,0.0004,2.5,2.5,0.5,0.6889589288344534,0.549877186335477,0.6194180575849653,0.6889589288344534,5,5112816
qsize=10000,65baffe3161e376e238e0d0a44d7b27b,SRR21919916,0.0003,3,21,1000,DNA,c3ae8dc26c686a5c62b0abd31b9377f8,5.177412674306227e-6,0.0003,66.0,2.0,91.21768834314246,0.6795851327658305,0.5605972975110047,0.6200912151384177,0.6795851327658305,198,5112816
qsize=10000,65baffe3161e376e238e0d0a44d7b27b,SRR25115937,0.0001,1,21,1000,DNA,8a5c45bf139d49ceed2252744a1f191a,0.00002992847095441894,0.0001,1.0,1.0,0.0,0.6449466771037624,0.6193408597762626,0.6321437684400125,0.6449466771037624,1,215022
qsize=10000,65baffe3161e376e238e0d0a44d7b27b,ERR13910590,0.0001,1,21,1000,DNA,2d2fcf9e742ac0e4014e9ec40b1120d7,6.6832857706162655e-6,0.0001,3.0,3.0,0.0,0.6449466771037624,0.5688546450221613,0.6069006610629619,0.6449466771037624,3,4061140
qsize=10000,65baffe3161e376e238e0d0a44d7b27b,SRR27829362,0.0001,1,21,1000,DNA,987b4b58b7b6fcabc4840104b541b092,2.6423081089793554e-6,0.0001,4.0,4.0,0.0,0.6449466771037624,0.543167661135548,0.5940571691196552,0.6449466771037624,4,1189880
qsize=100,36c3fdb0e95a270b636308b47d19df42,SRR5527843,0.01,1,21,1000,DNA,c037be5553a6bc571413473e9d1cc49a,4.5479497160487596e-7,0.01,1.0,1.0,0.0,0.8030857221391514,0.49887547327070136,0.6509805977049263,0.8030857221391514,1,8068286
qsize=1000,06e3ed33658503f35a60705dda70ec6b,SRR5527843,0.002,2,21,1000,DNA,c037be5553a6bc571413473e9d1cc49a,9.092181996388586e-7,0.002,4.0,4.0,2.0,0.7438367286489914,0.5156166281502478,0.6297266783996196,0.7438367286489914,8,8068286
qsize=5000,6424f418433b237c8a9c44a818715253,SRR5527843,0.0004,2,21,1000,DNA,c037be5553a6bc571413473e9d1cc49a,9.075678452342705e-7,0.0004,2.5,2.5,1.5,0.6889589288344534,0.5156166281502478,0.6022877784923506,0.6889589288344534,5,8068286
qsize=10000,65baffe3161e376e238e0d0a44d7b27b,SRR5527843,0.0006,6,21,1000,DNA,c037be5553a6bc571413473e9d1cc49a,2.7165448447222965e-6,0.0006,1.8333333333333333,1.0,1.4624940645653537,0.7023905031859884,0.5433090938173498,0.6228497985016691,0.7023905031859884,11,8068286
qsize=1000,06e3ed33658503f35a60705dda70ec6b,SRR10980647,0.001,1,21,1000,DNA,38b3e213ca7d4192c412de782bb6ca19,1.098043177253816e-6,0.001,1.0,1.0,0.0,0.719685673001152,0.520286635387048,0.6199861541941001,0.719685673001152,1,1938052
qsize=5000,6424f418433b237c8a9c44a818715253,SRR10980647,0.0002,1,21,1000,DNA,38b3e213ca7d4192c412de782bb6ca19,1.0932414718965881e-6,0.0002,1.0,1.0,0.0,0.666589657745114,0.520286635387048,0.593438146566081,0.666589657745114,1,1938052
qsize=10000,65baffe3161e376e238e0d0a44d7b27b,SRR10980647,0.0003,3,21,1000,DNA,38b3e213ca7d4192c412de782bb6ca19,3.261901318786703e-6,0.0003,1.3333333333333333,1.0,0.4714045207910317,0.6795851327658305,0.5482299153374949,0.6139075240516627,0.6795851327658305,4,1938052
qsize=5000,6424f418433b237c8a9c44a818715253,SRR15520758,0.0002,1,21,1000,DNA,85a8215a89ebcb8979e8032dfdcbcfe1,2.0862236223100754e-6,0.0002,7.0,7.0,0.0,0.666589657745114,0.5366735435265453,0.6016316006358297,0.666589657745114,7,4235440
qsize=10000,65baffe3161e376e238e0d0a44d7b27b,SRR6908207,0.0001,1,21,1000,DNA,11a3e4a7430e9de7922d69d74ff58a64,0.00002540779511154022,0.0001,78.0,78.0,0.0,0.6449466771037624,0.6127035776549717,0.628825127379367,0.6449466771037624,78,949590
qsize=10000,65baffe3161e376e238e0d0a44d7b27b,SRR23919919,0.0001,1,21,1000,DNA,6e7efcba3398e95f2331fb3351e0d099,0.000021525281443054868,0.0001,30.0,30.0,0.0,0.6449466771037624,0.6064175611836343,0.6256821191436983,0.6449466771037624,30,726442
qsize=10000,65baffe3161e376e238e0d0a44d7b27b,ERR11801837,0.0002,2,21,1000,DNA,afffac008ea3dba13693c8305b56c671,0.000014931836167893565,0.0002,1.5,1.5,0.5,0.666589657745114,0.5912895636512183,0.6289396106981662,0.666589657745114,3,2963724
qsize=10000,65baffe3161e376e238e0d0a44d7b27b,ERR2747256,0.0001,1,21,1000,DNA,82fc5ba31e818595db6ed7c40fbd649a,0.00003443051921222972,0.0001,8.0,8.0,0.0,0.6449466771037624,0.625461966338132,0.6352043217209472,0.6449466771037624,8,153545
qsize=10000,65baffe3161e376e238e0d0a44d7b27b,ERR10299054,0.0002,2,21,1000,DNA,68dfa820df23d5300f233c18a86bf038,6.106478668543391e-6,0.0002,1.5,1.5,0.5,0.666589657745114,0.5653865423774209,0.6159881000612675,0.666589657745114,3,2795825
qsize=5000,6424f418433b237c8a9c44a818715253,SRR21563454,0.0002,1,21,1000,DNA,8290f6bdb7762e5663eb14a6f09b64d2,5.543483081289636e-6,0.0002,1.0,1.0,0.0,0.666589657745114,0.5627106446177245,0.6146501511814193,0.666589657745114,1,358178
qsize=5000,6424f418433b237c8a9c44a818715253,SRR26133608,0.0002,1,21,1000,DNA,a04216fc09242b355db01286d67529f0,6.68918692932874e-6,0.0002,1.0,1.0,0.0,0.666589657745114,0.5679270832446524,0.6172583704948832,0.666589657745114,1,2765860
qsize=5000,6424f418433b237c8a9c44a818715253,ERR2729436,0.0002,1,21,1000,DNA,b787b21d2aa3b8c836b0c09cb961d3ce,0.000016345745202523783,0.0002,1.0,1.0,0.0,0.666589657745114,0.5940593139018833,0.6303244858234986,0.666589657745114,1,438543
qsize=10000,65baffe3161e376e238e0d0a44d7b27b,ERR2729436,0.0001,1,21,1000,DNA,b787b21d2aa3b8c836b0c09cb961d3ce,0.000015110761884614223,0.0001,1.0,1.0,0.0,0.6449466771037624,0.5940593139018833,0.6195029955028228,0.6449466771037624,1,438543
qsize=10000,65baffe3161e376e238e0d0a44d7b27b,ERR2641289,0.0001,1,21,1000,DNA,f71f917634bf94281cca7718f2597986,8.836576356856299e-6,0.0001,5.0,5.0,0.0,0.6449466771037624,0.5771118100358975,0.6110292435698299,0.6449466771037624,5,197149
qsize=10000,65baffe3161e376e238e0d0a44d7b27b,ERR12454893,0.0005,5,21,1000,DNA,01c89f7ddd0539af69eca085a2b7951b,0.000010332158222538157,0.0005,4.4,2.0,3.4985711369071804,0.6963187591769685,0.5794448903002568,0.6378818247386127,0.6963187591769685,22,2735043
qsize=5000,6424f418433b237c8a9c44a818715253,DRR234050,0.0002,1,21,1000,DNA,af63e588cc5f74993431fd388044c3fb,2.2256447692896632e-6,0.0002,1.0,1.0,0.0,0.666589657745114,0.5383473923882793,0.6024685250666967,0.666589657745114,1,1137393
qsize=10000,65baffe3161e376e238e0d0a44d7b27b,DRR234050,0.0003,3,21,1000,DNA,af63e588cc5f74993431fd388044c3fb,6.6034787125857904e-6,0.0003,1.6666666666666667,2.0,0.4714045207910317,0.6795851327658305,0.5672606699413496,0.6234229013535901,0.6795851327658305,5,1137393
qsize=10000,65baffe3161e376e238e0d0a44d7b27b,SRR17255640,0.0001,1,21,1000,DNA,2ad37419e8ecb5c040d3b25a461d6714,4.2302079147190084e-6,0.0001,1.0,1.0,0.0,0.6449466771037624,0.5559122574698262,0.6004294672867942,0.6449466771037624,1,234971
qsize=5000,6424f418433b237c8a9c44a818715253,ERR4564640,0.0002,1,21,1000,DNA,62a2b3aaaf9d7c35190ab893066e73b1,5.531340575701927e-6,0.0002,1.0,1.0,0.0,0.666589657745114,0.5626502169776206,0.6146199373613673,0.666589657745114,1,313099
qsize=10000,65baffe3161e376e238e0d0a44d7b27b,ERR4564640,0.0001,1,21,1000,DNA,62a2b3aaaf9d7c35190ab893066e73b1,5.382478954507288e-6,0.0001,1.0,1.0,0.0,0.6449466771037624,0.5626502169776206,0.6037984470406915,0.6449466771037624,1,313099
qsize=5000,6424f418433b237c8a9c44a818715253,SRR30235496,0.0004,2,21,1000,DNA,f5223135296e9417ef7122870c6b4347,5.949937228162243e-6,0.0004,1.5,1.5,0.5,0.6889589288344534,0.5642571414047234,0.6266080351195884,0.6889589288344534,3,2671059
qsize=10000,65baffe3161e376e238e0d0a44d7b27b,SRR30235496,0.0003,3,21,1000,DNA,f5223135296e9417ef7122870c6b4347,8.794120837083049e-6,0.0003,11.666666666666666,4.0,13.02134998974974,0.6795851327658305,0.5752575964840757,0.6274213646249531,0.6795851327658305,35,2671059
qsize=5000,6424f418433b237c8a9c44a818715253,SRR10991950,0.0002,1,21,1000,DNA,bf6e458ce477383b72b5a3ff833ad0db,0.00003551640858076431,0.0002,1.0,1.0,0.0,0.666589657745114,0.6196664538816355,0.6431280558133747,0.666589657745114,1,403268
qsize=5000,6424f418433b237c8a9c44a818715253,SRR5467266,0.0002,1,21,1000,DNA,4492493f34e9a4d950dabe39a8bd2c2e,3.555530271784734e-6,0.0002,1.0,1.0,0.0,0.666589657745114,0.5506683840537255,0.6086290208994198,0.666589657745114,1,321094
qsize=10000,65baffe3161e376e238e0d0a44d7b27b,SRR20749926,0.0001,1,21,1000,DNA,1ae70196546f694260d7604328e27379,5.702847431722659e-6,0.0001,66.0,66.0,0.0,0.6449466771037624,0.564292543772146,0.6046196104379542,0.6449466771037624,66,2002422
qsize=10000,65baffe3161e376e238e0d0a44d7b27b,ERR321357,0.0001,1,21,1000,DNA,3a4a29037e7ebd1ccacb17b723c4cdb9,9.939073479570235e-6,0.0001,13.0,13.0,0.0,0.6449466771037624,0.5806883068440841,0.6128174919739233,0.6449466771037624,13,311821
qsize=1000,06e3ed33658503f35a60705dda70ec6b,SRR32649354,0.001,1,21,1000,DNA,73a2b474a489911c01fe1be830b51b90,4.3454096613231166e-7,0.001,1.0,1.0,0.0,0.719685673001152,0.49780363294346563,0.6087446529723088,0.719685673001152,1,3066969
qsize=5000,6424f418433b237c8a9c44a818715253,SRR32649354,0.0008,4,21,1000,DNA,73a2b474a489911c01fe1be830b51b90,1.7351501512183357e-6,0.0008,1.0,1.0,0.0,0.7120788630690342,0.5317745945490798,0.6219267288090571,0.7120788630690342,4,3066969
qsize=10000,65baffe3161e376e238e0d0a44d7b27b,SRR32649354,0.0011,11,21,1000,DNA,73a2b474a489911c01fe1be830b51b90,4.761350301631542e-6,0.0011,1.5454545454545454,1.0,0.8907235428302467,0.7229594475203538,0.5580179760946836,0.6404887118075187,0.7229594475203538,17,3066969
qsize=100,36c3fdb0e95a270b636308b47d19df42,ERR14057663,0.01,1,21,1000,DNA,dc1aa49bbdec118883f5cc5cb37565df,8.653932693173085e-7,0.01,1.0,1.0,0.0,0.8030857221391514,0.5143960836699892,0.6587409029045703,0.8030857221391514,1,1805103
qsize=1000,06e3ed33658503f35a60705dda70ec6b,ERR14057663,0.002,2,21,1000,DNA,dc1aa49bbdec118883f5cc5cb37565df,1.729441053298779e-6,0.002,1.0,1.0,0.0,0.7438367286489914,0.5316580758254517,0.6377474022372216,0.7438367286489914,2,1805103
qsize=5000,6424f418433b237c8a9c44a818715253,ERR14057663,0.0002,1,21,1000,DNA,dc1aa49bbdec118883f5cc5cb37565df,8.617391274374291e-7,0.0002,1.0,1.0,0.0,0.666589657745114,0.5143960836699892,0.5904928707075516,0.666589657745114,1,1805103
qsize=10000,65baffe3161e376e238e0d0a44d7b27b,ERR14057663,0.0002,2,21,1000,DNA,dc1aa49bbdec118883f5cc5cb37565df,1.7160856429700981e-6,0.0002,1.0,1.0,0.0,0.666589657745114,0.5316580758254517,0.5991238667852828,0.666589657745114,2,1805103
qsize=10000,65baffe3161e376e238e0d0a44d7b27b,SRR13773564,0.0002,2,21,1000,DNA,bf8284dba524cf6f836bcd76c7f939b7,5.071263936467205e-6,0.0002,2.0,2.0,1.0,0.666589657745114,0.560265290917317,0.6134274743312156,0.666589657745114,4,6636526
qsize=10000,65baffe3161e376e238e0d0a44d7b27b,SRR1167895,0.0001,1,21,1000,DNA,16130dd0d04f154437614296ed28c4b5,0.00001809332537227017,0.0001,25.0,25.0,0.0,0.6449466771037624,0.6001982687131149,0.6225724729084386,0.6449466771037624,25,573712
qsize=5000,6424f418433b237c8a9c44a818715253,SRR9268747,0.0002,1,21,1000,DNA,7f13a16ba3278a9d9d8ef4a59c26353c,5.10607878679568e-6,0.0002,1.0,1.0,0.0,0.666589657745114,0.560452617513916,0.613521137629515,0.666589657745114,1,938625
qsize=10000,65baffe3161e376e238e0d0a44d7b27b,ERR3827198,0.0001,1,21,1000,DNA,75486c7ed35acef4d1a10a812ad26f2d,2.707598333202466e-6,0.0001,1.0,1.0,0.0,0.6449466771037624,0.5438167454461138,0.5943817112749381,0.6449466771037624,1,567237
qsize=1000,06e3ed33658503f35a60705dda70ec6b,SRR30181070,0.001,1,21,1000,DNA,4b428df6d7b43a889ca0703a40cb925c,6.146477945207837e-7,0.001,1.0,1.0,0.0,0.719685673001152,0.5060961154014569,0.6128908942013045,0.719685673001152,1,15620586
qsize=5000,6424f418433b237c8a9c44a818715253,SRR30181070,0.0006,3,21,1000,DNA,4b428df6d7b43a889ca0703a40cb925c,1.839423254969815e-6,0.0006,7.666666666666667,1.0,9.428090415820632,0.7023905031859884,0.5332772583957915,0.61783388079089,0.7023905031859884,23,15620586
qsize=10000,65baffe3161e376e238e0d0a44d7b27b,SRR30181070,0.0009,9,21,1000,DNA,4b428df6d7b43a889ca0703a40cb925c,5.50142425761336e-6,0.0009,23.0,9.0,27.207025236549146,0.7160839323187163,0.5619182318689521,0.6390010820938341,0.7160839323187163,207,15620586
qsize=5000,6424f418433b237c8a9c44a818715253,ERR2892237,0.0002,1,21,1000,DNA,e6c0d8aa6cf306582ee7e36810832af6,3.5670843722466566e-6,0.0002,1.0,1.0,0.0,0.666589657745114,0.5507550070996711,0.6086723324223926,0.666589657745114,1,2769603
qsize=10000,65baffe3161e376e238e0d0a44d7b27b,SRR18914025,0.0001,1,21,1000,DNA,d70347fed3990bf374f4bebd4a49fb81,0.000019816106531388713,0.0001,1.0,1.0,0.0,0.6449466771037624,0.6034138299563531,0.6241802535300578,0.6449466771037624,1,468572
qsize=10000,65baffe3161e376e238e0d0a44d7b27b,ERR4019157,0.0002,2,21,1000,DNA,8ba13efda5fefa3ee7903b2a9cac294b,6.56911530439638e-6,0.0002,1.5,1.5,0.5,0.666589657745114,0.5674206647624613,0.6170051612537877,0.666589657745114,3,1105912
qsize=1000,06e3ed33658503f35a60705dda70ec6b,ERR4031823,0.001,1,21,1000,DNA,637aa81198692c3b36d0b33710bef37b,0.000011356280590980842,0.001,1.0,1.0,0.0,0.719685673001152,0.5817963803608968,0.6507410266810244,0.719685673001152,1,112879
qsize=10000,65baffe3161e376e238e0d0a44d7b27b,SRR449529,0.0001,1,21,1000,DNA,275a0adbf7d98c530139836f1edf6d75,0.00002344885804061342,0.0001,1.0,1.0,0.0,0.6449466771037624,0.6096142102300155,0.627280443666889,0.6449466771037624,1,127915
qsize=1000,06e3ed33658503f35a60705dda70ec6b,SRR27310522,0.001,1,21,1000,DNA,6df160e18eb4d1d4bb84b7b54f57c04a,1.2592032013982192e-6,0.001,1.0,1.0,0.0,0.719685673001152,0.5236947418445892,0.6216902074228706,0.719685673001152,1,3784831
qsize=10000,65baffe3161e376e238e0d0a44d7b27b,SRR27310522,0.0006,6,21,1000,DNA,6df160e18eb4d1d4bb84b7b54f57c04a,7.470603176500471e-6,0.0006,1.8333333333333333,1.0,1.2133516482134197,0.7023905031859884,0.5703389540541777,0.6363647286200831,0.7023905031859884,11,3784831
qsize=10000,65baffe3161e376e238e0d0a44d7b27b,ERR3448794,0.0001,1,21,1000,DNA,cb8cf96aba0b91a55707ac603ab4b251,2.798220331868931e-6,0.0001,1.0,1.0,0.0,0.6449466771037624,0.5446941207577468,0.5948203989307546,0.6449466771037624,1,3765336
qsize=5000,6424f418433b237c8a9c44a818715253,ERR10452832,0.0002,1,21,1000,DNA,c827061a2a7d05855d0f6172cd281aac,4.859204548215457e-6,0.0002,1.0,1.0,0.0,0.666589657745114,0.5590978914956438,0.612843774620379,0.666589657745114,1,2204225
qsize=5000,6424f418433b237c8a9c44a818715253,SRR28523150,0.0002,1,21,1000,DNA,cdbc2e2dbb70a73de0f26a7bbe738cae,1.3205817955158325e-6,0.0002,2.0,2.0,0.0,0.666589657745114,0.5250170666566164,0.5958033622008652,0.666589657745114,2,6984942
qsize=10000,65baffe3161e376e238e0d0a44d7b27b,SRR28523150,0.0006,6,21,1000,DNA,cdbc2e2dbb70a73de0f26a7bbe738cae,7.871567504595027e-6,0.0006,3.3333333333333335,3.0,2.1343747458109497,0.7023905031859884,0.5717790551091455,0.6370847791475669,0.7023905031859884,20,6984942
qsize=10000,65baffe3161e376e238e0d0a44d7b27b,ERR1375112,0.0001,1,21,1000,DNA,501fd933eb0c6c17d8966ab5d6f11d8c,0.000012877802531775978,0.0001,47.0,47.0,0.0,0.6449466771037624,0.5888247072169053,0.6168856921603338,0.6449466771037624,47,867648
qsize=5000,6424f418433b237c8a9c44a818715253,SRR13075216,0.0002,1,21,1000,DNA,fed0233603a8d2f64c6075e21d494319,0.000023401666198633343,0.0002,1.0,1.0,0.0,0.666589657745114,0.6054257504629572,0.6360077041040356,0.666589657745114,1,467930
qsize=5000,6424f418433b237c8a9c44a818715253,SRR2924977,0.0008,4,21,1000,DNA,772927c0c90049104a91efcaeb65b166,2.1156789795657147e-6,0.0008,2.5,1.0,2.598076211353316,0.7120788630690342,0.5368315641014745,0.6244552135852544,0.7120788630690342,10,11778542
qsize=10000,65baffe3161e376e238e0d0a44d7b27b,SRR2924977,0.001,10,21,1000,DNA,772927c0c90049104a91efcaeb65b166,5.275263235635458e-6,0.001,3.4,1.0,3.97994974842648,0.719685673001152,0.5607736097596391,0.6402296413803956,0.719685673001152,34,11778542
qsize=1000,06e3ed33658503f35a60705dda70ec6b,SRR10562207,0.001,1,21,1000,DNA,7198b196d566dfcdfd6868083248cbd5,4.543905486765875e-6,0.001,3.0,3.0,0.0,0.719685673001152,0.5567829936956578,0.6382343333484048,0.719685673001152,3,861264
qsize=5000,6424f418433b237c8a9c44a818715253,SRR10562207,0.0004,2,21,1000,DNA,7198b196d566dfcdfd6868083248cbd5,8.925622785329846e-6,0.0004,1.5,1.5,0.5,0.6889589288344534,0.5754673965800999,0.6322131627072767,0.6889589288344534,3,861264
qsize=10000,65baffe3161e376e238e0d0a44d7b27b,SRR10562207,0.0001,1,21,1000,DNA,7198b196d566dfcdfd6868083248cbd5,4.365382516643021e-6,0.0001,2.0,2.0,0.0,0.6449466771037624,0.5567829936956578,0.6008648353997101,0.6449466771037624,2,861264
qsize=5000,6424f418433b237c8a9c44a818715253,SRR3112283,0.0002,1,21,1000,DNA,fefa7a26e3f09898c00c439050ce2520,0.000013905304873809358,0.0002,1.0,1.0,0.0,0.666589657745114,0.5891323329140215,0.6278609953295677,0.666589657745114,1,437813
qsize=5000,6424f418433b237c8a9c44a818715253,SRR7974425,0.0006,3,21,1000,DNA,e51bd7e53ce0fba91520da75fdda5a7a,0.000014871141558396494,0.0006,1.3333333333333333,1.0,0.4714045207910317,0.7023905031859884,0.5896989482765801,0.6460447257312842,0.7023905031859884,4,1340696
qsize=10000,65baffe3161e376e238e0d0a44d7b27b,SRR7974425,0.0001,1,21,1000,DNA,e51bd7e53ce0fba91520da75fdda5a7a,4.8371103103006266e-6,0.0001,1.0,1.0,0.0,0.6449466771037624,0.559641991629053,0.6022943343664078,0.6449466771037624,1,1340696
qsize=10000,65baffe3161e376e238e0d0a44d7b27b,SRR4125418,0.0002,2,21,1000,DNA,3ce1410341745043045cfb82ce09e7c3,0.000010441247102553929,0.0002,1.0,1.0,0.0,0.666589657745114,0.5806392216548794,0.6236144396999967,0.666589657745114,2,1209210
qsize=5000,6424f418433b237c8a9c44a818715253,SRR11300629,0.0002,1,21,1000,DNA,0acdd083f16bc054ec76b2bf0fc03d42,0.000021354289008947446,0.0002,1.0,1.0,0.0,0.666589657745114,0.6024612926705819,0.634525475207848,0.666589657745114,1,401905
qsize=10000,65baffe3161e376e238e0d0a44d7b27b,SRR7440988,0.0001,1,21,1000,DNA,616011065cf090a407c93b0e086aaed7,0.000023969319271332693,0.0001,1.0,1.0,0.0,0.6449466771037624,0.6104500716583946,0.6276983743810784,0.6449466771037624,1,191644
qsize=100,36c3fdb0e95a270b636308b47d19df42,SRR798731,0.01,1,21,1000,DNA,5b7a09c88538141b46c872684e754689,2.4561575870707864e-6,0.01,1.0,1.0,0.0,0.8030857221391514,0.5405979238807542,0.6718418230099528,0.8030857221391514,1,9778843
qsize=1000,06e3ed33658503f35a60705dda70ec6b,SRR798731,0.001,1,21,1000,DNA,5b7a09c88538141b46c872684e754689,2.450740123517302e-6,0.001,1.0,1.0,0.0,0.719685673001152,0.5405979238807542,0.6301417984409532,0.719685673001152,1,9778843
qsize=5000,6424f418433b237c8a9c44a818715253,SRR798731,0.0002,1,21,1000,DNA,5b7a09c88538141b46c872684e754689,2.4269488399184546e-6,0.0002,1.0,1.0,0.0,0.666589657745114,0.5405979238807542,0.6035937908129341,0.666589657745114,1,9778843
qsize=10000,65baffe3161e376e238e0d0a44d7b27b,SRR798731,0.0001,1,21,1000,DNA,5b7a09c88538141b46c872684e754689,2.39785152503357e-6,0.0001,1.0,1.0,0.0,0.6449466771037624,0.5405979238807542,0.5927723004922583,0.6449466771037624,1,9778843
qsize=10000,65baffe3161e376e238e0d0a44d7b27b,SRR1159782,0.0002,2,21,1000,DNA,c85ac280ce7b0f63d58cdbf998ae4d13,0.000019298499541660635,0.0002,1.0,1.0,0.0,0.666589657745114,0.5992377530554192,0.6329137054002666,0.666589657745114,2,500522
qsize=10000,65baffe3161e376e238e0d0a44d7b27b,SRR12935442,0.0001,1,21,1000,DNA,73c212becd281d1d44a42b702ead28e7,0.00002532479043735913,0.0001,16.0,16.0,0.0,0.6449466771037624,0.6125756743220232,0.6287611757128928,0.6449466771037624,16,250347
qsize=10000,65baffe3161e376e238e0d0a44d7b27b,SRR26718127,0.0002,2,21,1000,DNA,9573180ba5b9dbf0dc133aee60f2a4f7,7.426358373776043e-6,0.0002,208.0,208.0,26.0,0.666589657745114,0.5708652471549767,0.6187274524500453,0.666589657745114,416,5150107
qsize=10000,65baffe3161e376e238e0d0a44d7b27b,ERR433588,0.0001,1,21,1000,DNA,01674fe99c3ae2ba4d21fbe5a36112a3,0.000011393674232066356,0.0001,1.0,1.0,0.0,0.6449466771037624,0.5849307482775506,0.6149387126906565,0.6449466771037624,1,551526
qsize=10000,65baffe3161e376e238e0d0a44d7b27b,ERR1301831,0.0001,1,21,1000,DNA,fb93cf3518fa2266b1416b33876b73bd,9.459574508338614e-6,0.0001,2.0,2.0,0.0,0.6449466771037624,0.57917617989389,0.6120614284988262,0.6449466771037624,2,754848
qsize=5000,6424f418433b237c8a9c44a818715253,SRR11013465,0.0002,1,21,1000,DNA,1dbd7f97cfa85b9c08e66400c15f364e,0.00002703287197231834,0.0002,1.0,1.0,0.0,0.666589657745114,0.6102019245400802,0.638395791142597,0.666589657745114,1,203497
qsize=1000,06e3ed33658503f35a60705dda70ec6b,ERR4605133,0.001,1,21,1000,DNA,adb0285c4aceb83b6d0fbdc234686195,7.655660633750899e-7,0.001,1.0,1.0,0.0,0.719685673001152,0.5114190513955549,0.6155523621983534,0.719685673001152,1,4968765
qsize=5000,6424f418433b237c8a9c44a818715253,ERR4605133,0.0002,1,21,1000,DNA,adb0285c4aceb83b6d0fbdc234686195,7.632288549353812e-7,0.0002,1.0,1.0,0.0,0.666589657745114,0.5114190513955549,0.5890043545703345,0.666589657745114,1,4968765
qsize=10000,65baffe3161e376e238e0d0a44d7b27b,ERR4605133,0.001,10,21,1000,DNA,adb0285c4aceb83b6d0fbdc234686195,7.603325390392742e-6,0.001,1.6,1.0,0.9165151389911681,0.719685673001152,0.5706843329157971,0.6451850029584746,0.719685673001152,16,4968765
qsize=10000,65baffe3161e376e238e0d0a44d7b27b,SRR11080651,0.0001,1,21,1000,DNA,3a836219ad40079ad8d798e649598fde,0.0000469109161701928,0.0001,1.0,1.0,0.0,0.6449466771037624,0.6411554645726667,0.6430510708382146,0.6449466771037624,1,170629
qsize=1000,06e3ed33658503f35a60705dda70ec6b,ERR2597376,0.001,1,21,1000,DNA,2f0e4bccdcd2aac7cdd5d27ac3ae74aa,3.7710220337046405e-7,0.001,1.0,1.0,0.0,0.719685673001152,0.49445285738544953,0.6070692651933007,0.719685673001152,1,7475062
qsize=5000,6424f418433b237c8a9c44a818715253,ERR2597376,0.002,10,21,1000,DNA,2f0e4bccdcd2aac7cdd5d27ac3ae74aa,3.765355118171905e-6,0.002,1.5,1.0,0.9219544457292888,0.7438367286489914,0.5517520286061397,0.6477943786275655,0.7438367286489914,15,7475062
qsize=10000,65baffe3161e376e238e0d0a44d7b27b,ERR2597376,0.0014,14,21,1000,DNA,2f0e4bccdcd2aac7cdd5d27ac3ae74aa,5.261599195426317e-6,0.0014,1.3571428571428572,1.0,0.6102859818083951,0.7313097019236751,0.5606636712567894,0.6459866865902322,0.7313097019236751,19,7475062
qsize=10000,65baffe3161e376e238e0d0a44d7b27b,SRR15442395,0.0001,1,21,1000,DNA,bfd2cd7da704c1ca9278a81d7471882e,3.6269730733519034e-6,0.0001,3.0,3.0,0.0,0.6449466771037624,0.5516893857846591,0.5983180314442107,0.6449466771037624,3,4286182
qsize=5000,6424f418433b237c8a9c44a818715253,SRR23340011,0.0002,1,21,1000,DNA,54cf39cf668c06d25ce56783f8ab17f3,0.000015959144589849985,0.0002,1.0,1.0,0.0,0.666589657745114,0.5933231930018112,0.6299564253734626,0.666589657745114,1,1493534
qsize=1000,06e3ed33658503f35a60705dda70ec6b,SRR27303850,0.001,1,21,1000,DNA,286ffc52ae61105dbbd38e15d4f9d467,1.5371466868340312e-6,0.001,7.0,7.0,0.0,0.719685673001152,0.5286992588008339,0.624192465900993,0.719685673001152,7,1930183
qsize=5000,6424f418433b237c8a9c44a818715253,SRR27303850,0.0006,3,21,1000,DNA,286ffc52ae61105dbbd38e15d4f9d467,4.583273496151578e-6,0.0006,1.3333333333333333,1.0,0.4714045207910317,0.7023905031859884,0.5570943594885062,0.6297424313372473,0.7023905031859884,4,1930183
qsize=10000,65baffe3161e376e238e0d0a44d7b27b,SRR5368015,0.0001,1,21,1000,DNA,38b510ed6f34fb7b41c0a1a100a51619,0.00003410059676044331,0.0001,2.0,2.0,0.0,0.6449466771037624,0.6250258813573251,0.6349862792305437,0.6449466771037624,2,355637
qsize=5000,6424f418433b237c8a9c44a818715253,DRR362502,0.0002,1,21,1000,DNA,1714e1698cfeb91c475f2bac5951ad27,0.00003641395382710655,0.0002,1.0,1.0,0.0,0.666589657745114,0.6205649600266121,0.6435773088858631,0.666589657745114,1,1240618
qsize=10000,65baffe3161e376e238e0d0a44d7b27b,DRR362502,0.0001,1,21,1000,DNA,1714e1698cfeb91c475f2bac5951ad27,0.00003080524921446614,0.0001,1.0,1.0,0.0,0.6449466771037624,0.6205649600266121,0.6327558185651873,0.6449466771037624,1,1240618
qsize=5000,6424f418433b237c8a9c44a818715253,SRR13234135,0.0004,2,21,1000,DNA,b48938b2e021edb02e04ed8baa9f2c8d,0.0000532949609614411,0.0004,1.0,1.0,0.0,0.6889589288344534,0.6301801623742107,0.659569545604332,0.6889589288344534,2,392974
qsize=10000,65baffe3161e376e238e0d0a44d7b27b,SRR21871863,0.0001,1,21,1000,DNA,a53e8f5b86bed5394cfc07b07213c519,0.000026775912389214663,0.0001,1.0,1.0,0.0,0.6449466771037624,0.6147773094575611,0.6298619932806617,0.6449466771037624,1,985657
qsize=10000,65baffe3161e376e238e0d0a44d7b27b,SRR24181941,0.0002,2,21,1000,DNA,4af69c45d5474ce58a26752b9fea88b1,0.000030169097793130495,0.0002,116.0,116.0,115.0,0.666589657745114,0.6139343215313167,0.6402619896382153,0.666589657745114,232,1970043
qsize=5000,6424f418433b237c8a9c44a818715253,SRR292350,0.0002,1,21,1000,DNA,fbc632cf4d9f86a2013841b031f1acaa,0.000020181634712411707,0.0002,2.0,2.0,0.0,0.666589657745114,0.6006560217973832,0.6336228397712487,0.666589657745114,2,783741
qsize=10000,65baffe3161e376e238e0d0a44d7b27b,SRR292350,0.0001,1,21,1000,DNA,fbc632cf4d9f86a2013841b031f1acaa,0.00001833180568285976,0.0001,29.0,29.0,0.0,0.6449466771037624,0.6006560217973832,0.6228013494505729,0.6449466771037624,29,783741
qsize=10000,65baffe3161e376e238e0d0a44d7b27b,SRR14852238,0.0001,1,21,1000,DNA,bf6f1e0912604793eacdcee9a5486368,0.0000218842324105482,0.0001,1.0,1.0,0.0,0.6449466771037624,0.607027816548287,0.6259872468260247,0.6449466771037624,1,1123602
qsize=1000,06e3ed33658503f35a60705dda70ec6b,DRR173016,0.001,1,21,1000,DNA,8de6b49e53c8f6cd4c02bca34f277892,3.3927056827820187e-6,0.001,1.0,1.0,0.0,0.719685673001152,0.5490602845091783,0.6343729787551652,0.719685673001152,1,4233483
qsize=10000,65baffe3161e376e238e0d0a44d7b27b,DRR173016,0.0002,2,21,1000,DNA,8de6b49e53c8f6cd4c02bca34f277892,6.5843838169014546e-6,0.0002,64.0,64.0,26.0,0.666589657745114,0.5674855303945142,0.6170375940698141,0.666589657745114,128,4233483
qsize=5000,6424f418433b237c8a9c44a818715253,ERR046782,0.0002,1,21,1000,DNA,824fa7d7e37b4d50e9b494605478ef15,6.1547551638395825e-6,0.0002,1.0,1.0,0.0,0.666589657745114,0.5656052993616981,0.6160974785534061,0.666589657745114,1,597381
qsize=10000,65baffe3161e376e238e0d0a44d7b27b,SRR28264998,0.0001,1,21,1000,DNA,7e7d84edebacbd7b9b39c46e59b38507,0.000024056966897613547,0.0001,1.0,1.0,0.0,0.6449466771037624,0.6105897148756197,0.627768195989691,0.6449466771037624,1,623969
qsize=5000,6424f418433b237c8a9c44a818715253,SRR14861918,0.0002,1,21,1000,DNA,cef3da7c87b714a1e219c337fc1dde2f,0.000010822393697037911,0.0002,1.0,1.0,0.0,0.666589657745114,0.5816871347303731,0.6241383962377436,0.666589657745114,1,1505245
qsize=10000,65baffe3161e376e238e0d0a44d7b27b,SRR14861918,0.0001,1,21,1000,DNA,cef3da7c87b714a1e219c337fc1dde2f,0.000010266835042761368,0.0001,69.0,69.0,0.0,0.6449466771037624,0.5816871347303731,0.6133169059170678,0.6449466771037624,69,1505245
qsize=5000,6424f418433b237c8a9c44a818715253,SRR12151884,0.0002,1,21,1000,DNA,934bc6e945ca7285561e6ec0fc9ee5de,5.721576637658273e-6,0.0002,1.0,1.0,0.0,0.666589657745114,0.563583186126113,0.6150864219356136,0.666589657745114,1,3266155
qsize=10000,65baffe3161e376e238e0d0a44d7b27b,DRR408129,0.0001,1,21,1000,DNA,1af483a7ebee2b855c6b7d76883c89bf,0.000017190991920233796,0.0001,1.0,1.0,0.0,0.6449466771037624,0.5984256587892203,0.6216861679464913,0.6449466771037624,1,1622759
qsize=10000,65baffe3161e376e238e0d0a44d7b27b,SRR2022621,0.0001,1,21,1000,DNA,60fc157df2dfefbe433a903230448d5f,3.5045787321135065e-6,0.0001,1.0,1.0,0.0,0.6449466771037624,0.5507550070996711,0.5978508421017168,0.6449466771037624,1,296903
qsize=5000,6424f418433b237c8a9c44a818715253,SRR31989834,0.0002,1,21,1000,DNA,a33848b7ca9f92413b8356de88c0c220,0.000011251504888778874,0.0002,1.0,1.0,0.0,0.666589657745114,0.5828282153280497,0.6247089365365819,0.666589657745114,1,1994103
qsize=10000,65baffe3161e376e238e0d0a44d7b27b,SRR8526174,0.0004,4,21,1000,DNA,9b2df6c830e58f5db9a563f61670578f,0.000011949644199343965,0.0004,1.25,1.0,0.4330127018922193,0.6889589288344534,0.5837344316285789,0.6363466802315161,0.6889589288344534,5,14112550
qsize=10000,65baffe3161e376e238e0d0a44d7b27b,ERR2309645,0.0001,1,21,1000,DNA,fce86f7d6ad0cbad0437db64acb76eb0,0.000012597472946926847,0.0001,1.0,1.0,0.0,0.6449466771037624,0.5881179535942817,0.6165323153490221,0.6449466771037624,1,365763
qsize=5000,6424f418433b237c8a9c44a818715253,SRR10088263,0.0002,1,21,1000,DNA,9826d00cd3d5af6ecf6985f6a7f553dc,0.000017081753271155753,0.0002,1.0,1.0,0.0,0.666589657745114,0.5954203599102588,0.6310050088276864,0.666589657745114,1,358983
qsize=5000,6424f418433b237c8a9c44a818715253,SRR5512032,0.0004,2,21,1000,DNA,a0466c722c9f74084fcf09d50768c2fd,0.000015614265192680034,0.0004,1.0,1.0,0.0,0.6889589288344534,0.5914842723168581,0.6402216005756558,0.6889589288344534,2,641194
qsize=10000,65baffe3161e376e238e0d0a44d7b27b,SRR5512032,0.0001,1,21,1000,DNA,a0466c722c9f74084fcf09d50768c2fd,7.51376898165889e-6,0.0001,30.0,30.0,0.0,0.6449466771037624,0.5722798299636395,0.608613253533701,0.6449466771037624,30,641194
qsize=5000,6424f418433b237c8a9c44a818715253,SRR5714697,0.0002,1,21,1000,DNA,3a11b44cf4e006f8b67fe9fe1f9ed0b4,0.00003406226582192247,0.0002,1.0,1.0,0.0,0.666589657745114,0.6181750241909182,0.642382340968016,0.666589657745114,1,166261
qsize=10000,65baffe3161e376e238e0d0a44d7b27b,ERR3272293,0.0001,1,21,1000,DNA,de8df47b3aee3e48b523ad7a3671738d,0.000027522430781086585,0.0001,14.0,14.0,0.0,0.6449466771037624,0.615883278839802,0.6304149779717823,0.6449466771037624,14,273002
qsize=10000,65baffe3161e376e238e0d0a44d7b27b,SRR30947208,0.0001,1,21,1000,DNA,3d1c855b95d80fa7dd6f3e4b736df9d2,0.00003280301787764474,0.0001,1.0,1.0,0.0,0.6449466771037624,0.6232933821775825,0.6341200296406724,0.6449466771037624,1,404139
qsize=10000,65baffe3161e376e238e0d0a44d7b27b,SRR28811270,0.0001,1,21,1000,DNA,23e43da81a9e89bdd73e10da1bca7a97,0.000013914398619691657,0.0001,1.0,1.0,0.0,0.6449466771037624,0.5913364019367462,0.6181415395202543,0.6449466771037624,1,909775
qsize=10000,65baffe3161e376e238e0d0a44d7b27b,ERR3455818,0.0002,2,21,1000,DNA,4ac085dcb70259e656fa684e5626996a,0.00002067012546766159,0.0002,1.0,1.0,0.0,0.666589657745114,0.601418368542902,0.634004013144008,0.666589657745114,2,882718
qsize=10000,65baffe3161e376e238e0d0a44d7b27b,ERR3682260,0.0002,2,21,1000,DNA,003301b087253789c08de7714169c221,7.745213458082904e-6,0.0002,1.5,1.5,0.5,0.666589657745114,0.5720543240497307,0.6193219908974223,0.666589657745114,3,3239869
qsize=5000,6424f418433b237c8a9c44a818715253,ERR206435,0.0004,2,21,1000,DNA,a2b05935fd8d78e7cd8185c7c2e9b253,7.809327460719083e-6,0.0004,1.0,1.0,0.0,0.6889589288344534,0.571740174383744,0.6303495516090987,0.6889589288344534,2,2121380
qsize=5000,6424f418433b237c8a9c44a818715253,ERR10378642,0.0002,1,21,1000,DNA,6e6d7e428186dda2c25d749a139cc621,1.4044786013640296e-6,0.0002,2.0,2.0,0.0,0.666589657745114,0.5265698090237331,0.5965797333844236,0.666589657745114,2,6585111
qsize=10000,65baffe3161e376e238e0d0a44d7b27b,ERR10378642,0.0007,7,21,1000,DNA,6e6d7e428186dda2c25d749a139cc621,9.762873743727354e-6,0.0007,6.714285714285714,7.0,4.919764387920733,0.7075653765539904,0.5776951466390724,0.6426302615965314,0.7075653765539904,47,6585111
qsize=5000,6424f418433b237c8a9c44a818715253,SRR27731256,0.0002,1,21,1000,DNA,77ff78c00088cfbc45b1d219f29981e5,5.5466193355150036e-6,0.0002,1.0,1.0,0.0,0.666589657745114,0.562726232462743,0.6146579451039285,0.666589657745114,1,5655316
qsize=10000,65baffe3161e376e238e0d0a44d7b27b,SRR27731256,0.0002,2,21,1000,DNA,77ff78c00088cfbc45b1d219f29981e5,0.000010793948912239798,0.0002,339.0,339.0,337.0,0.666589657745114,0.58161007726409,0.624099867504602,0.666589657745114,678,5655316
qsize=5000,6424f418433b237c8a9c44a818715253,SRR2155178,0.0006,3,21,1000,DNA,b44aaf8250341606310c4107c207aa47,8.455158069180103e-6,0.0006,2.6666666666666665,2.0,1.699673171197595,0.7023905031859884,0.5737566002798132,0.6380735517329008,0.7023905031859884,8,2033138
qsize=10000,65baffe3161e376e238e0d0a44d7b27b,SRR2155178,0.0001,1,21,1000,DNA,b44aaf8250341606310c4107c207aa47,2.7792059808512708e-6,0.0001,1.0,1.0,0.0,0.6449466771037624,0.5445122251435793,0.5947294511236709,0.6449466771037624,1,2033138
qsize=5000,6424f418433b237c8a9c44a818715253,SRR21375366,0.0002,1,21,1000,DNA,942f781e9ea736d82cfa7f23bd3d57fc,0.000019091256204658265,0.0002,1.0,1.0,0.0,0.666589657745114,0.5988970582818421,0.632743358013478,0.666589657745114,1,1043509
qsize=10000,65baffe3161e376e238e0d0a44d7b27b,SRR29659206,0.0001,1,21,1000,DNA,473ee01974be5ef74aaa78f81f3a9344,0.000010302799270561811,0.0001,1.0,1.0,0.0,0.6449466771037624,0.5817951074659168,0.6133708922848395,0.6449466771037624,1,2476948
qsize=5000,6424f418433b237c8a9c44a818715253,SRR19552409,0.0002,1,21,1000,DNA,87a5e03a714ed3cc3e96385cf0b5f695,0.000022952625780389275,0.0002,1.0,1.0,0.0,0.666589657745114,0.6047943095059962,0.6356919836255551,0.666589657745114,1,460776
qsize=5000,6424f418433b237c8a9c44a818715253,SRR2135738,0.0006,3,21,1000,DNA,d9f49fadd2f3d6003222f4105dc968bd,9.596038755201853e-6,0.0006,1.3333333333333333,1.0,0.4714045207910317,0.7023905031859884,0.5772782912197131,0.6398343972028507,0.7023905031859884,4,2429953
qsize=10000,65baffe3161e376e238e0d0a44d7b27b,SRR2135738,0.0002,2,21,1000,DNA,d9f49fadd2f3d6003222f4105dc968bd,6.29663444888707e-6,0.0002,4.0,4.0,2.0,0.666589657745114,0.566239195083199,0.6164144264141564,0.666589657745114,8,2429953
qsize=100,36c3fdb0e95a270b636308b47d19df42,SRR13557486,0.01,1,21,1000,DNA,a82f332af8c4384c67f7a8eb8d847b6a,7.161748813119178e-7,0.01,2.0,2.0,0.0,0.8030857221391514,0.5097806274704864,0.6564331748048189,0.8030857221391514,2,3752713
qsize=1000,06e3ed33658503f35a60705dda70ec6b,SRR13557486,0.001,1,21,1000,DNA,a82f332af8c4384c67f7a8eb8d847b6a,7.157135628435873e-7,0.001,1.0,1.0,0.0,0.719685673001152,0.5097806274704864,0.6147331502358192,0.719685673001152,1,3752713
qsize=5000,6424f418433b237c8a9c44a818715253,SRR13557486,0.0008,4,21,1000,DNA,a82f332af8c4384c67f7a8eb8d847b6a,2.85468782561283e-6,0.0008,2.25,2.0,1.0897247358851685,0.7120788630690342,0.5445689194334993,0.6283238912512668,0.7120788630690342,9,3752713
qsize=10000,65baffe3161e376e238e0d0a44d7b27b,SRR13557486,0.0008,8,21,1000,DNA,a82f332af8c4384c67f7a8eb8d847b6a,5.689091167685962e-6,0.0008,2.125,1.5,1.2686114456365274,0.7120788630690342,0.5628434450642202,0.6374611540666273,0.7120788630690342,17,3752713
qsize=100,36c3fdb0e95a270b636308b47d19df42,SRR5580360,0.02,2,21,1000,DNA,6e475dffd3ae2c421d4ff7ffbf6bc723,2.160548174282779e-6,0.02,1.0,1.0,0.0,0.8300354985387393,0.5373033157802196,0.6836694071594794,0.8300354985387393,2,1816417
qsize=1000,06e3ed33658503f35a60705dda70ec6b,SRR5580360,0.001,1,21,1000,DNA,6e475dffd3ae2c421d4ff7ffbf6bc723,1.0792236496753695e-6,0.001,1.0,1.0,0.0,0.719685673001152,0.5198580327236201,0.6197718528623861,0.719685673001152,1,1816417
qsize=5000,6424f418433b237c8a9c44a818715253,SRR5580360,0.0008,4,21,1000,DNA,6e475dffd3ae2c421d4ff7ffbf6bc723,4.2983529785974256e-6,0.0008,2.25,2.0,1.299038105676658,0.7120788630690342,0.5553340238601288,0.6337064434645815,0.7120788630690342,9,1816417
qsize=10000,65baffe3161e376e238e0d0a44d7b27b,SRR5580360,0.0006,6,21,1000,DNA,6e475dffd3ae2c421d4ff7ffbf6bc723,6.4130861159892136e-6,0.0006,2.8333333333333335,1.0,4.099457958749614,0.7023905031859884,0.5661605186179994,0.634275510901994,0.7023905031859884,17,1816417
qsize=10000,65baffe3161e376e238e0d0a44d7b27b,SRR5412528,0.0001,1,21,1000,DNA,ea16a008afd39cc917fea769f4cda85d,0.00001349108913562592,0.0001,1.0,1.0,0.0,0.6449466771037624,0.590329188066748,0.6176379325852552,0.6449466771037624,1,435540
qsize=1000,06e3ed33658503f35a60705dda70ec6b,SRR25337209,0.001,1,21,1000,DNA,d512199902eebe97ac7f14009adf5017,4.00447219454687e-7,0.001,3.0,3.0,0.0,0.719685673001152,0.4958697027647434,0.6077776878829477,0.719685673001152,3,7158571
qsize=5000,6424f418433b237c8a9c44a818715253,SRR25337209,0.001,5,21,1000,DNA,d512199902eebe97ac7f14009adf5017,1.9990372636538243e-6,0.001,1.8,1.0,1.1661903789690602,0.719685673001152,0.5353673232229822,0.6275264981120672,0.719685673001152,9,7158571
qsize=10000,65baffe3161e376e238e0d0a44d7b27b,SRR25337209,0.0012,12,21,1000,DNA,d512199902eebe97ac7f14009adf5017,4.7881311804299505e-6,0.0012,1.9166666666666667,2.0,0.9537935951882998,0.7259611712781008,0.5581580043748345,0.6420595878264677,0.7259611712781008,23,7158571
qsize=5000,6424f418433b237c8a9c44a818715253,SRR18100925,0.0014,7,21,1000,DNA,4835db667f1cffe630e3467908fed0c0,3.0973081295046475e-6,0.0014,1.0,1.0,0.0,0.7313097019236751,0.5466529096897927,0.638981305806734,0.7313097019236751,7,3541598
qsize=10000,65baffe3161e376e238e0d0a44d7b27b,SRR18100925,0.0013,13,21,1000,DNA,4835db667f1cffe630e3467908fed0c0,5.739461135238923e-6,0.0013,1.1538461538461537,1.0,0.532938710021193,0.7287334941087928,0.5630070353118586,0.6458702647103257,0.7287334941087928,15,3541598
qsize=5000,6424f418433b237c8a9c44a818715253,SRR10980628,0.0006,3,21,1000,DNA,b5138e90ae85f2024ec1f74a9fcfb3f4,3.918413408288228e-6,0.0006,1.3333333333333333,1.0,0.4714045207910317,0.7023905031859884,0.5529227765956115,0.6276566398907999,0.7023905031859884,4,1668515
qsize=10000,65baffe3161e376e238e0d0a44d7b27b,SRR10980628,0.0003,3,21,1000,DNA,b5138e90ae85f2024ec1f74a9fcfb3f4,3.892989504500296e-6,0.0003,1.3333333333333333,1.0,0.4714045207910317,0.6795851327658305,0.5529227765956115,0.6162539546807211,0.6795851327658305,4,1668515
qsize=10000,65baffe3161e376e238e0d0a44d7b27b,ERR2745299,0.0001,1,21,1000,DNA,0bc797f550a784e43f1140248cbde5fe,0.00006209251785159888,0.00016377333770062233,1.0,1.0,0.0,0.6449466771037624,0.6602765397728617,0.652611608438312,0.6602765397728617,1,10683
qsize=10000,65baffe3161e376e238e0d0a44d7b27b,ERR11531369,0.0001,1,21,1000,DNA,29ce79335fca43a1c75c6c88bee080ea,0.00004097185233744418,0.0001,3.0,3.0,0.0,0.6449466771037624,0.6338277543890242,0.6393872157463933,0.6449466771037624,3,319129
qsize=5000,6424f418433b237c8a9c44a818715253,ERR9514272,0.0002,1,21,1000,DNA,707ff3259a0d24593e10a1e989821062,1.639000340912071e-6,0.0002,1.0,1.0,0.0,0.666589657745114,0.5304859748280525,0.5985378162865833,0.666589657745114,1,8001477
qsize=10000,65baffe3161e376e238e0d0a44d7b27b,ERR9514272,0.0005,5,21,1000,DNA,707ff3259a0d24593e10a1e989821062,8.128442395354432e-6,0.0005,3.2,2.0,1.9390719429665317,0.6963187591769685,0.5727408929554422,0.6345298260662053,0.6963187591769685,16,8001477
qsize=5000,6424f418433b237c8a9c44a818715253,SRR28033830,0.0002,1,21,1000,DNA,7ce39edaea6c9b3245569ff207f912dc,9.517464547444561e-6,0.0002,1.0,1.0,0.0,0.666589657745114,0.5779497548127349,0.6222697062789244,0.666589657745114,1,3063066
qsize=5000,6424f418433b237c8a9c44a818715253,SRR12551003,0.0002,1,21,1000,DNA,20ecdfa1e9c7971f3042a93bfd4d59b0,0.000042195873243596775,0.0002,1.0,1.0,0.0,0.666589657745114,0.6260066851993991,0.6462981714722565,0.666589657745114,1,330395
qsize=10000,65baffe3161e376e238e0d0a44d7b27b,SRR32433429,0.0001,1,21,1000,DNA,d3abb036fc0272d892b8c43a36d88ab2,1.9413404567585825e-6,0.0001,2.0,2.0,0.0,0.6449466771037624,0.5350695455332433,0.5900081113185028,0.6449466771037624,2,5847635
qsize=10000,65baffe3161e376e238e0d0a44d7b27b,SRR8359518,0.0002,2,21,1000,DNA,ad55ee18ec3f5b482a0b0099ac350c65,0.000014181681521978062,0.0002,68.5,68.5,67.5,0.666589657745114,0.5897264386498176,0.6281580481974658,0.666589657745114,137,2437077
qsize=1000,06e3ed33658503f35a60705dda70ec6b,SRR10342238,0.001,1,21,1000,DNA,bee71409279167dbdc8c075e4a354eee,8.324322254492845e-7,0.001,2.0,2.0,0.0,0.719685673001152,0.5134640112289754,0.6165748421150637,0.719685673001152,2,12372026
qsize=5000,6424f418433b237c8a9c44a818715253,SRR10342238,0.0004,2,21,1000,DNA,bee71409279167dbdc8c075e4a354eee,1.6593406775751722e-6,0.0004,2.0,2.0,1.0,0.6889589288344534,0.5306947250997154,0.6098268269670843,0.6889589288344534,4,12372026
qsize=10000,65baffe3161e376e238e0d0a44d7b27b,SRR10342238,0.0004,4,21,1000,DNA,bee71409279167dbdc8c075e4a354eee,3.304976633815199e-6,0.0004,1.0,1.0,0.0,0.6889589288344534,0.5485036635275858,0.6187312961810196,0.6889589288344534,4,12372026
qsize=10000,65baffe3161e376e238e0d0a44d7b27b,ERR11420252,0.0002,2,21,1000,DNA,32e27dc5ffd0f1f3e3c3093601bfab3d,3.477692342469231e-6,0.0002,8.5,8.5,7.5,0.666589657745114,0.5500778773737528,0.6083337675594334,0.666589657745114,17,5450499
qsize=5000,6424f418433b237c8a9c44a818715253,SRR13267227,0.001,5,21,1000,DNA,fcce4f5710ce2e91b8b91ee94321e10d,2.8059243163645996e-6,0.001,2.8,2.0,2.227105745132009,0.719685673001152,0.5441024935657713,0.6318940832834616,0.719685673001152,14,10125625
qsize=10000,65baffe3161e376e238e0d0a44d7b27b,SRR13267227,0.0017,17,21,1000,DNA,fcce4f5710ce2e91b8b91ee94321e10d,9.513512545524955e-6,0.0017,2.7058823529411766,2.0,2.320362696860708,0.7381023963126288,0.5767521685258884,0.6574272824192586,0.7381023963126288,46,10125625
qsize=10000,65baffe3161e376e238e0d0a44d7b27b,ERR12890941,0.0001,1,21,1000,DNA,98a8332e100ccc08c105223fa63b5294,7.549391896482738e-6,0.0001,1.0,1.0,0.0,0.6449466771037624,0.5724192384292964,0.6086829577665294,0.6449466771037624,1,168007
qsize=10000,65baffe3161e376e238e0d0a44d7b27b,SRR21931169,0.0001,1,21,1000,DNA,9b1407a6cc792f8097cc79d9df3423e5,0.00003631873320258589,0.0001,2.0,2.0,0.0,0.6449466771037624,0.6279271323105179,0.6364369047071401,0.6449466771037624,2,87620
qsize=5000,6424f418433b237c8a9c44a818715253,SRR9041526,0.0002,1,21,1000,DNA,8225b0bdfda664eb629cb99624b8f396,0.000014721903247651856,0.0002,1.0,1.0,0.0,0.666589657745114,0.5908591305451281,0.628724394145121,0.666589657745114,1,433517
qsize=10000,65baffe3161e376e238e0d0a44d7b27b,SRR057690,0.0002,2,21,1000,DNA,7a636a1fffa58a134d936e06d40c2299,0.0000442556204637989,0.0002,1.5,1.5,0.5,0.666589657745114,0.6278216030924968,0.6472056304188054,0.666589657745114,3,135856
qsize=10000,65baffe3161e376e238e0d0a44d7b27b,ERR12191256,0.0001,1,21,1000,DNA,a8c9ccb201e316e62e871310ff682342,5.377153549996774e-6,0.0001,1.0,1.0,0.0,0.6449466771037624,0.5626221879962617,0.6037844325500121,0.6449466771037624,1,229400
qsize=1000,06e3ed33658503f35a60705dda70ec6b,SRR8868567,0.003,3,21,1000,DNA,d9984e3f49b422d1b75945303c501cdf,5.067567567567567e-6,0.003,1.0,1.0,0.0,0.7583381711996433,0.5596061203562225,0.658972145777933,0.7583381711996433,3,614146
qsize=5000,6424f418433b237c8a9c44a818715253,SRR8868567,0.0002,1,21,1000,DNA,d9984e3f49b422d1b75945303c501cdf,1.6778467186351723e-6,0.0002,1.0,1.0,0.0,0.666589657745114,0.531082995211782,0.598836326478448,0.666589657745114,1,614146
qsize=10000,65baffe3161e376e238e0d0a44d7b27b,SRR8868567,0.0001,1,21,1000,DNA,d9984e3f49b422d1b75945303c501cdf,1.6638879737505033e-6,0.0001,1.0,1.0,0.0,0.6449466771037624,0.531082995211782,0.5880148361577722,0.6449466771037624,1,614146
qsize=10000,65baffe3161e376e238e0d0a44d7b27b,ERR12057060,0.0002,2,21,1000,DNA,2672df8735faa258ddf1cc65c4d815a5,0.00006268413464552121,0.0002,1.0,1.0,0.0,0.666589657745114,0.6421542977359938,0.6543719777405539,0.666589657745114,2,486034
qsize=5000,6424f418433b237c8a9c44a818715253,ERR10471569,0.0002,1,21,1000,DNA,7081714d9455b124548fc4a83efab00c,3.1877285202882984e-6,0.0002,1.0,1.0,0.0,0.666589657745114,0.5477636715585255,0.6071766646518197,0.666589657745114,1,3878842
qsize=10000,65baffe3161e376e238e0d0a44d7b27b,ERR10471569,0.0001,1,21,1000,DNA,7081714d9455b124548fc4a83efab00c,3.13771756149142e-6,0.0001,3.0,3.0,0.0,0.6449466771037624,0.5477636715585255,0.5963551743311439,0.6449466771037624,3,3878842
qsize=10000,65baffe3161e376e238e0d0a44d7b27b,ERR3503947,0.0001,1,21,1000,DNA,d7397a530c433a44854ea34d40aa1880,3.491083772046194e-6,0.0001,1.0,1.0,0.0,0.6449466771037624,0.5506501657888249,0.5977984214462937,0.6449466771037624,1,2562430
qsize=5000,6424f418433b237c8a9c44a818715253,SRR12721005,0.0004,2,21,1000,DNA,c475f43dc6a5f4cb8ecdc4af64226cf0,1.6805564658569746e-6,0.0004,4.0,4.0,1.0,0.6889589288344534,0.5310172293833822,0.6099880791089178,0.6889589288344534,8,34230918
qsize=10000,65baffe3161e376e238e0d0a44d7b27b,SRR12721005,0.0003,3,21,1000,DNA,c475f43dc6a5f4cb8ecdc4af64226cf0,2.5102900974912998e-6,0.0003,3.3333333333333335,2.0,2.6246692913372702,0.6795851327658305,0.5413696569373371,0.6104773948515838,0.6795851327658305,10,34230918
qsize=100,36c3fdb0e95a270b636308b47d19df42,ERR14173601,0.01,1,21,1000,DNA,b1db2c9586ad7cbcd642f0c80fac959c,2.5903018064246737e-7,0.01,3.0,3.0,0.0,0.8030857221391514,0.4856803668323284,0.6443830444857399,0.8030857221391514,3,12492217
qsize=5000,6424f418433b237c8a9c44a818715253,ERR14173601,0.0016,8,21,1000,DNA,b1db2c9586ad7cbcd642f0c80fac959c,2.0696183390950644e-6,0.0016,2.25,2.5,1.0897247358851685,0.735974651039796,0.5362346000168242,0.63610462552831,0.735974651039796,18,12492217
qsize=10000,65baffe3161e376e238e0d0a44d7b27b,ERR14173601,0.0019,19,21,1000,DNA,b1db2c9586ad7cbcd642f0c80fac959c,4.909007667353239e-6,0.0019,1.7894736842105263,1.0,1.2388002416778758,0.7420220963576074,0.5587835037386748,0.6504028000481411,0.7420220963576074,34,12492217
qsize=5000,6424f418433b237c8a9c44a818715253,SRR17815562,0.0002,1,21,1000,DNA,16298852e493a78e8d24685a42c5f2ff,0.000019091256204658265,0.0002,1.0,1.0,0.0,0.666589657745114,0.5988970582818421,0.632743358013478,0.666589657745114,1,464458
qsize=5000,6424f418433b237c8a9c44a818715253,SRR30771562,0.0002,1,21,1000,DNA,f5da4feb2ee0f10b9467e58f19ea28e1,0.000014030952280731293,0.0002,1.0,1.0,0.0,0.666589657745114,0.5894036940916277,0.6279966759183708,0.666589657745114,1,420015
qsize=10000,65baffe3161e376e238e0d0a44d7b27b,SRR30771562,0.0002,2,21,1000,DNA,f5da4feb2ee0f10b9467e58f19ea28e1,0.00002622263012980202,0.0002,1.0,1.0,0.0,0.666589657745114,0.6091827753614951,0.6378862165533046,0.666589657745114,2,420015
qsize=10000,65baffe3161e376e238e0d0a44d7b27b,SRR6010209,0.0002,2,21,1000,DNA,994005ac3f59449e487b460dd40d566b,0.000018073704567225144,0.0002,1.0,1.0,0.0,0.666589657745114,0.5971775593487519,0.631883608546933,0.666589657745114,2,657683
qsize=5000,6424f418433b237c8a9c44a818715253,SRR18185534,0.0002,1,21,1000,DNA,68e3daed1a8f129bf362495314ea4a13,0.00002430074603290321,0.0002,1.0,1.0,0.0,0.666589657745114,0.6066610041264119,0.636625330935763,0.666589657745114,1,327051
qsize=1000,06e3ed33658503f35a60705dda70ec6b,ERR12869785,0.001,1,21,1000,DNA,12aa7c71a0bb65bcc71040747d9927a5,2.859307761590919e-6,0.001,1.0,1.0,0.0,0.719685673001152,0.544592406919438,0.6321390399602951,0.719685673001152,1,1920915
qsize=5000,6424f418433b237c8a9c44a818715253,ERR12869785,0.0002,1,21,1000,DNA,12aa7c71a0bb65bcc71040747d9927a5,2.8269749954061657e-6,0.0002,4.0,4.0,0.0,0.666589657745114,0.544592406919438,0.605591032332276,0.666589657745114,4,1920915
qsize=10000,65baffe3161e376e238e0d0a44d7b27b,ERR12869785,0.0004,4,21,1000,DNA,12aa7c71a0bb65bcc71040747d9927a5,0.000011150385245810244,0.0004,3.5,1.5,3.7749172176353745,0.6889589288344534,0.5817563135723054,0.6353576212033794,0.6889589288344534,14,1920915
qsize=10000,65baffe3161e376e238e0d0a44d7b27b,SRR16554915,0.0001,1,21,1000,DNA,7bb0808321b3e79552911b9d09d4fe45,0.00003841573508509085,0.0001,9.0,9.0,0.0,0.6449466771037624,0.6306123768599176,0.63777952698184,0.6449466771037624,9,316632
qsize=5000,6424f418433b237c8a9c44a818715253,SRR17299241,0.0004,2,21,1000,DNA,953480e5fdf21b80dbce48caee1e3a93,3.821636577648012e-6,0.0004,1.5,1.5,0.5,0.6889589288344534,0.5523448776718474,0.6206519032531503,0.6889589288344534,3,1389010
qsize=10000,65baffe3161e376e238e0d0a44d7b27b,SRR17299241,0.0001,1,21,1000,DNA,953480e5fdf21b80dbce48caee1e3a93,1.8927313438203268e-6,0.0001,1.0,1.0,0.0,0.6449466771037624,0.5344112218524039,0.5896789494780832,0.6449466771037624,1,1389010
qsize=10000,65baffe3161e376e238e0d0a44d7b27b,ERR579120,0.0001,1,21,1000,DNA,5d8aa2031f7fc0dee9aaa266850cc085,0.000017562346329469618,0.0001,46.0,46.0,0.0,0.6449466771037624,0.5991631933984628,0.6220549352511127,0.6449466771037624,46,448725
qsize=1000,06e3ed33658503f35a60705dda70ec6b,ERR3440983,0.001,1,21,1000,DNA,931d324202d3902b80e37228b5be6046,0.000020101310605451474,0.001,1.0,1.0,0.0,0.719685673001152,0.5980858636511625,0.6588857683261573,0.719685673001152,1,440980
qsize=10000,65baffe3161e376e238e0d0a44d7b27b,ERR066298,0.0001,1,21,1000,DNA,9c21861ceabb839ee7c6aef6188b928c,8.178286648947046e-6,0.0001,1.0,1.0,0.0,0.6449466771037624,0.5747912471136288,0.6098689621086957,0.6449466771037624,1,640899
qsize=1000,06e3ed33658503f35a60705dda70ec6b,SRR15520894,0.001,1,21,1000,DNA,238f329e28a463818f1a342ec9647908,1.3253722639346326e-6,0.001,1.0,1.0,0.0,0.719685673001152,0.5249751276977843,0.6223304003494682,0.719685673001152,1,6279329
qsize=5000,6424f418433b237c8a9c44a818715253,SRR15520894,0.0002,1,21,1000,DNA,238f329e28a463818f1a342ec9647908,1.3183828715697325e-6,0.0002,1.0,1.0,0.0,0.666589657745114,0.5249751276977843,0.5957823927214492,0.666589657745114,1,6279329
qsize=10000,65baffe3161e376e238e0d0a44d7b27b,SRR15520894,0.0004,4,21,1000,DNA,238f329e28a463818f1a342ec9647908,5.239017055620025e-6,0.0004,40.0,1.5,66.97387550381119,0.6889589288344534,0.5608003180473878,0.6248796234409206,0.6889589288344534,160,6279329
qsize=10000,65baffe3161e376e238e0d0a44d7b27b,SRR307109,0.0001,1,21,1000,DNA,398bdd664ad8aab11bf812b8a8ad8508,9.21438180712456e-6,0.0001,1.0,1.0,0.0,0.6449466771037624,0.5783778523757401,0.6116622647397513,0.6449466771037624,1,740533
qsize=1000,06e3ed33658503f35a60705dda70ec6b,SRR28012035,0.001,1,21,1000,DNA,dfef50537e8bbf1d2d982349ee701334,3.882460827911477e-7,0.001,1.0,1.0,0.0,0.719685673001152,0.49513931055823646,0.6074124917796943,0.719685673001152,1,4218509
qsize=5000,6424f418433b237c8a9c44a818715253,SRR28012035,0.0014,7,21,1000,DNA,dfef50537e8bbf1d2d982349ee701334,2.713514854555604e-6,0.0014,1.1428571428571428,1.0,0.3499271061118826,0.7313097019236751,0.5432130207959142,0.6372613613597946,0.7313097019236751,8,4218509
qsize=10000,65baffe3161e376e238e0d0a44d7b27b,SRR28012035,0.0017,17,21,1000,DNA,dfef50537e8bbf1d2d982349ee701334,6.577241968994108e-6,0.0017,1.2352941176470589,1.0,0.4241825029957634,0.7381023963126288,0.5666569417378664,0.6523796690252476,0.7381023963126288,21,4218509
qsize=10000,65baffe3161e376e238e0d0a44d7b27b,ERR11040772,0.0007,7,21,1000,DNA,e149a2abac035ece20fdbc05521542a4,0.000010548300668762262,0.0007,1.2857142857142858,1.0,0.45175395145262565,0.7075653765539904,0.5798591014651884,0.6437122390095894,0.7075653765539904,9,7847402
qsize=5000,6424f418433b237c8a9c44a818715253,ERR329796,0.0006,3,21,1000,DNA,34558c0101a5dc08b58c147d6d51bc9c,3.4334174520609087e-6,0.0006,1.0,1.0,0.0,0.7023905031859884,0.5494334753165746,0.6259119892512814,0.7023905031859884,3,1223932
qsize=10000,65baffe3161e376e238e0d0a44d7b27b,ERR329796,0.0007,7,21,1000,DNA,34558c0101a5dc08b58c147d6d51bc9c,7.965760883789791e-6,0.0007,1.1428571428571428,1.0,0.3499271061118826,0.7075653765539904,0.5720550452178558,0.6398102108859232,0.7075653765539904,8,1223932
qsize=5000,6424f418433b237c8a9c44a818715253,SRR19660473,0.0004,2,21,1000,DNA,f3799479092d997760df890f55567899,1.8710859221366304e-6,0.0004,1.0,1.0,0.0,0.6889589288344534,0.5337519627874138,0.6113554458109336,0.6889589288344534,2,19014074
qsize=10000,65baffe3161e376e238e0d0a44d7b27b,SRR19660473,0.0003,3,21,1000,DNA,f3799479092d997760df890f55567899,2.7935640010168572e-6,0.0003,1.0,1.0,0.0,0.6795851327658305,0.5441577052394134,0.611871419002622,0.6795851327658305,3,19014074
qsize=1000,06e3ed33658503f35a60705dda70ec6b,SRR6060211,0.001,1,21,1000,DNA,523fbe64e4885046e68ae2b8e1eeeea8,4.986165882758287e-7,0.001,4.0,4.0,0.0,0.719685673001152,0.5010764102637885,0.6103810416324702,0.719685673001152,4,12272356
qsize=5000,6424f418433b237c8a9c44a818715253,SRR6060211,0.0012,6,21,1000,DNA,523fbe64e4885046e68ae2b8e1eeeea8,2.9857519914965784e-6,0.0012,1.1666666666666667,1.0,0.37267799624996495,0.7259611712781008,0.5457060628954715,0.6358336170867862,0.7259611712781008,7,12272356
qsize=10000,65baffe3161e376e238e0d0a44d7b27b,SRR6060211,0.0012,12,21,1000,DNA,523fbe64e4885046e68ae2b8e1eeeea8,5.956700742304191e-6,0.0012,2.9166666666666665,1.0,2.8418988174966553,0.7259611712781008,0.5640187485397372,0.644989959908919,0.7259611712781008,35,12272356
qsize=5000,6424f418433b237c8a9c44a818715253,SRR14338682,0.0002,1,21,1000,DNA,10048c5b91ff1670463d69bdf4e38b6f,5.88754783632617e-6,0.0002,1.0,1.0,0.0,0.666589657745114,0.5643740899171943,0.6154818738311542,0.666589657745114,1,2440389
qsize=10000,65baffe3161e376e238e0d0a44d7b27b,SRR10918233,0.0001,1,21,1000,DNA,4a22d3f0cc5748d50256ff57bcda237c,8.047253472389873e-6,0.0001,1.0,1.0,0.0,0.6449466771037624,0.5743103292657231,0.6096285031847428,0.6449466771037624,1,1609084
qsize=10000,65baffe3161e376e238e0d0a44d7b27b,ERR3767612,0.0001,1,21,1000,DNA,c093beb228dad1f65d17bd2737de0c2b,0.000025688450472667488,0.0001,1.0,1.0,0.0,0.6449466771037624,0.6131342141915649,0.6290404456476637,0.6449466771037624,1,550748
qsize=10000,65baffe3161e376e238e0d0a44d7b27b,ERR3564086,0.0001,1,21,1000,DNA,2d3e9ef57ee444345bb619b48e049c7d,0.00003734966758795847,0.0001,11.0,11.0,0.0,0.6449466771037624,0.6292534333909681,0.6371000552473652,0.6449466771037624,11,238708
qsize=5000,6424f418433b237c8a9c44a818715253,ERR4865940,0.0002,1,21,1000,DNA,135af41c6865f97dfe623aa963a9be17,1.3944298106782647e-6,0.0002,5.0,5.0,0.0,0.666589657745114,0.5263885215498485,0.5964890896474813,0.666589657745114,5,5401148
qsize=10000,65baffe3161e376e238e0d0a44d7b27b,ERR4865940,0.0005,5,21,1000,DNA,135af41c6865f97dfe623aa963a9be17,6.923913118738186e-6,0.0005,6.6,4.0,7.863841300534999,0.6963187591769685,0.5683170643138604,0.6323179117454145,0.6963187591769685,33,5401148
qsize=5000,6424f418433b237c8a9c44a818715253,SRR5349446,0.0002,1,21,1000,DNA,faf555f44c737767a2d1108796a078a6,8.465536799688468e-6,0.0002,1.0,1.0,0.0,0.666589657745114,0.5745846069669277,0.6205871323560208,0.666589657745114,1,288621
qsize=10000,65baffe3161e376e238e0d0a44d7b27b,SRR5349446,0.0001,1,21,1000,DNA,faf555f44c737767a2d1108796a078a6,8.121761447622761e-6,0.0001,1.0,1.0,0.0,0.6449466771037624,0.5745846069669277,0.609765642035345,0.6449466771037624,1,288621
qsize=1000,06e3ed33658503f35a60705dda70ec6b,SRR2823723,0.001,1,21,1000,DNA,837dd2aff3be7c071d59d3d4bee04c20,1.1352271192136056e-6,0.001,1.0,1.0,0.0,0.719685673001152,0.5211133148173454,0.6203994939092488,0.719685673001152,1,985319
qsize=5000,6424f418433b237c8a9c44a818715253,SRR2823723,0.0004,2,21,1000,DNA,837dd2aff3be7c071d59d3d4bee04c20,2.2601934725612512e-6,0.0004,1.0,1.0,0.0,0.6889589288344534,0.5386007223580587,0.6137798255962561,0.6889589288344534,2,985319
qsize=10000,65baffe3161e376e238e0d0a44d7b27b,SRR2823723,0.0002,2,21,1000,DNA,837dd2aff3be7c071d59d3d4bee04c20,2.247494044140783e-6,0.0002,1.0,1.0,0.0,0.666589657745114,0.5386007223580587,0.6025951900515863,0.666589657745114,2,985319
qsize=10000,65baffe3161e376e238e0d0a44d7b27b,SRR26031386,0.0001,1,21,1000,DNA,81f7c2c74d34b7d3d9abe37020144f12,5.804773846010959e-6,0.0001,86.0,86.0,0.0,0.6449466771037624,0.5647978502084559,0.6048722636561091,0.6449466771037624,86,3231136
qsize=5000,6424f418433b237c8a9c44a818715253,ERR2359916,0.0002,1,21,1000,DNA,10b84605b1a5bdb176c338d2b0f30da2,0.00001804272517321016,0.0002,1.0,1.0,0.0,0.666589657745114,0.5971239362622789,0.6318567970036965,0.666589657745114,1,837920
qsize=10000,65baffe3161e376e238e0d0a44d7b27b,SRR22910556,0.0001,1,21,1000,DNA,5c9fb03f08a5fa41989bf1f9eec45645,7.649178095813605e-6,0.0001,1.0,1.0,0.0,0.6449466771037624,0.572806733780654,0.6088767054422082,0.6449466771037624,1,2706038
qsize=5000,6424f418433b237c8a9c44a818715253,ERR5002016,0.0002,1,21,1000,DNA,1ba2bcd07e71d33ce1dbd61c8962294e,3.844852511457661e-6,0.0002,1.0,1.0,0.0,0.666589657745114,0.5527623938805214,0.6096760258128178,0.666589657745114,1,419907
qsize=10000,65baffe3161e376e238e0d0a44d7b27b,ERR5002016,0.0002,2,21,1000,DNA,1ba2bcd07e71d33ce1dbd61c8962294e,7.544692874414815e-6,0.0002,1.0,1.0,0.0,0.666589657745114,0.5713118743488091,0.6189507660469615,0.666589657745114,2,419907
qsize=10000,65baffe3161e376e238e0d0a44d7b27b,SRR28807722,0.0001,1,21,1000,DNA,b2f6351eccec91cc5da0b3a737625d68,0.000016916466488479886,0.0001,1.0,1.0,0.0,0.6449466771037624,0.597872874714916,0.6214097759093392,0.6449466771037624,1,875960
qsize=10000,65baffe3161e376e238e0d0a44d7b27b,SRR29316695,0.0001,1,21,1000,DNA,adce787a53059c7b6cc5683add979e78,0.000015533980582524273,0.0001,1.0,1.0,0.0,0.6449466771037624,0.5949828071040429,0.6199647421039027,0.6449466771037624,1,420320
qsize=1000,06e3ed33658503f35a60705dda70ec6b,SRR31745234,0.001,1,21,1000,DNA,1791c52903b1a8e5baeb0c41ba5e54d3,1.6338721298993698e-6,0.001,2.0,2.0,0.0,0.719685673001152,0.5302403078162391,0.6249629904086955,0.719685673001152,2,2469220
qsize=5000,6424f418433b237c8a9c44a818715253,SRR31745234,0.0002,1,21,1000,DNA,1791c52903b1a8e5baeb0c41ba5e54d3,1.6232633111649673e-6,0.0002,1.0,1.0,0.0,0.666589657745114,0.5302403078162391,0.5984149827806766,0.666589657745114,1,2469220
qsize=10000,65baffe3161e376e238e0d0a44d7b27b,SRR31745234,0.0006,6,21,1000,DNA,1791c52903b1a8e5baeb0c41ba5e54d3,9.661244561524416e-6,0.0006,2.0,1.0,2.23606797749979,0.7023905031859884,0.5774675176078505,0.6399290103969195,0.7023905031859884,12,2469220
qsize=10000,65baffe3161e376e238e0d0a44d7b27b,ERR12409783,0.0001,1,21,1000,DNA,e0ad363b792938350f3b7d3328322194,0.000024273612156224968,0.0001,4.0,4.0,0.0,0.6449466771037624,0.6109335339973686,0.6279401055505656,0.6449466771037624,4,126651
qsize=10000,65baffe3161e376e238e0d0a44d7b27b,SRR30234735,0.0002,2,21,1000,DNA,cb2cc07d0a018f3e550d6cc6f389bb29,7.487411788929861e-6,0.0002,18.0,18.0,10.0,0.666589657745114,0.5710964833102349,0.6188430705276744,0.666589657745114,36,1318282
qsize=10000,65baffe3161e376e238e0d0a44d7b27b,SRR34530246,0.0001,1,21,1000,DNA,ca0fd394670ea33acd2d65d4067a3d4b,0.000026892564205997043,0.0001,14.0,14.0,0.0,0.6449466771037624,0.6149512652542757,0.629948971179019,0.6449466771037624,14,440978
qsize=5000,6424f418433b237c8a9c44a818715253,SRR25763811,0.0002,1,21,1000,DNA,0c29458fc493fd5bd7aeca7e065193b8,0.0000350385423966363,0.0002,1.0,1.0,0.0,0.666589657745114,0.6191813426069448,0.6428855001760294,0.666589657745114,1,146706
qsize=10000,65baffe3161e376e238e0d0a44d7b27b,SRR16866648,0.0001,1,21,1000,DNA,442b636be59e5199abe28ac3a67e1269,0.00001291822761917065,0.0001,5.0,5.0,0.0,0.6449466771037624,0.5889256087704348,0.6169361429370985,0.6449466771037624,5,665263
qsize=5000,6424f418433b237c8a9c44a818715253,ERR11512734,0.0002,1,21,1000,DNA,4e0b975b1e9db6ba34723841195ea753,3.3551867832482235e-6,0.0002,1.0,1.0,0.0,0.666589657745114,0.5491230238260714,0.6078563407855927,0.666589657745114,1,4103863
qsize=10000,65baffe3161e376e238e0d0a44d7b27b,ERR11512734,0.0002,2,21,1000,DNA,4e0b975b1e9db6ba34723841195ea753,6.599679915524097e-6,0.0002,1.0,1.0,0.0,0.666589657745114,0.5675503751037897,0.6170700164244518,0.666589657745114,2,4103863
qsize=5000,6424f418433b237c8a9c44a818715253,ERR11473395,0.0002,1,21,1000,DNA,278b4a73b070e2bce884afb2b6d8cb07,1.9410088587644314e-6,0.0002,2.0,2.0,0.0,0.666589657745114,0.5348142336167719,0.600701945680943,0.666589657745114,2,5103938
qsize=10000,65baffe3161e376e238e0d0a44d7b27b,ERR11473395,0.0004,4,21,1000,DNA,278b4a73b070e2bce884afb2b6d8cb07,7.689453721983957e-6,0.0004,13.25,10.0,11.96609794377432,0.6889589288344534,0.5713108611903892,0.6301348950124213,0.6889589288344534,53,5103938
qsize=10000,65baffe3161e376e238e0d0a44d7b27b,ERR12563147,0.0001,1,21,1000,DNA,6d6a1f7020ec52bcc9fc1dc130b84076,9.284447621788742e-6,0.0001,2.0,2.0,0.0,0.6449466771037624,0.578607794545228,0.6117772358244953,0.6449466771037624,2,144464
qsize=5000,6424f418433b237c8a9c44a818715253,SRR19488857,0.0002,1,21,1000,DNA,8fbffd992cbe16caec65617dbfe534b1,0.00003403212632725293,0.0002,1.0,1.0,0.0,0.666589657745114,0.618143621754246,0.64236663974968,0.666589657745114,1,270737
qsize=5000,6424f418433b237c8a9c44a818715253,SRR8397912,0.0002,1,21,1000,DNA,9cbf84a76ba74a275077540a67de4d93,1.0705136645716714e-6,0.0002,1.0,1.0,0.0,0.666589657745114,0.5197635706307463,0.5931766141879302,0.666589657745114,1,5152367
qsize=10000,65baffe3161e376e238e0d0a44d7b27b,SRR8397912,0.0009,9,21,1000,DNA,9cbf84a76ba74a275077540a67de4d93,9.583409201989516e-6,0.0009,5.888888888888889,1.0,13.477919757427493,0.7160839323187163,0.5770931997117663,0.6465885660152413,0.7160839323187163,53,5152367
qsize=1000,06e3ed33658503f35a60705dda70ec6b,ERR9669036,0.001,1,21,1000,DNA,6ce524e9c8d5f9ef412bd9aa118b6677,6.248164601648266e-6,0.001,1.0,1.0,0.0,0.719685673001152,0.5653380028667768,0.6425118379339645,0.719685673001152,1,287117
qsize=5000,6424f418433b237c8a9c44a818715253,ERR9669036,0.0002,1,21,1000,DNA,6ce524e9c8d5f9ef412bd9aa118b6677,6.095814004523094e-6,0.0002,3.0,3.0,0.0,0.666589657745114,0.5653380028667768,0.6159638303059454,0.666589657745114,3,287117
qsize=1000,06e3ed33658503f35a60705dda70ec6b,ERR1562585,0.001,1,21,1000,DNA,a9e31c8f91ede50db93c9d869a08f83d,2.0318513009943882e-6,0.001,5.0,5.0,0.0,0.719685673001152,0.5357834014807884,0.6277345372409702,0.719685673001152,5,1369188
qsize=5000,6424f418433b237c8a9c44a818715253,ERR1562585,0.0002,1,21,1000,DNA,a9e31c8f91ede50db93c9d869a08f83d,2.0154707535038958e-6,0.0002,2.0,2.0,0.0,0.666589657745114,0.5357834014807884,0.6011865296129513,0.666589657745114,2,1369188
qsize=10000,65baffe3161e376e238e0d0a44d7b27b,ERR1562585,0.0003,3,21,1000,DNA,a9e31c8f91ede50db93c9d869a08f83d,5.986112219650411e-6,0.0003,1.0,1.0,0.0,0.6795851327658305,0.5645589735637476,0.6220720531647891,0.6795851327658305,3,1369188
qsize=5000,6424f418433b237c8a9c44a818715253,ERR3573845,0.0006,3,21,1000,DNA,3cdfca67029362105566a91d496ef5db,2.2732353063752886e-6,0.0006,1.6666666666666667,1.0,0.9428090415820634,0.7023905031859884,0.5387003226601602,0.6205454129230743,0.7023905031859884,5,2138168
qsize=10000,65baffe3161e376e238e0d0a44d7b27b,ERR3573845,0.0007,7,21,1000,DNA,3cdfca67029362105566a91d496ef5db,5.284211305041666e-6,0.0007,1.1428571428571428,1.0,0.3499271061118826,0.7075653765539904,0.5608799814402846,0.6342226789971375,0.7075653765539904,8,2138168
qsize=5000,6424f418433b237c8a9c44a818715253,SRR30977923,0.0002,1,21,1000,DNA,d178bf7f1a79d8d815094f0817da3993,2.26208519012826e-6,0.0002,6.0,6.0,0.0,0.666589657745114,0.5387686117370811,0.6026791347410976,0.666589657745114,6,10394759
qsize=10000,65baffe3161e376e238e0d0a44d7b27b,SRR30977923,0.0002,2,21,1000,DNA,d178bf7f1a79d8d815094f0817da3993,4.473582377664298e-6,0.0002,3.0,3.0,2.0,0.666589657745114,0.5568484919007517,0.6117190748229329,0.666589657745114,6,10394759
qsize=1000,06e3ed33658503f35a60705dda70ec6b,ERR3654896,0.001,1,21,1000,DNA,c2a1fde350bf4ba5e0902be984381027,3.2351675655040553e-6,0.001,1.0,1.0,0.0,0.719685673001152,0.5478144203183458,0.633750046659749,0.719685673001152,1,3139076
qsize=10000,65baffe3161e376e238e0d0a44d7b27b,ERR3654896,0.0001,1,21,1000,DNA,c2a1fde350bf4ba5e0902be984381027,3.1436358663703268e-6,0.0001,1.0,1.0,0.0,0.6449466771037624,0.5478144203183458,0.5963805487110541,0.6449466771037624,1,3139076
qsize=5000,6424f418433b237c8a9c44a818715253,ERR3857750,0.0004,2,21,1000,DNA,9dd6403c69a9048e6183f267e51b9639,6.331498254089356e-6,0.0004,1.0,1.0,0.0,0.6889589288344534,0.5659558128200329,0.6274573708272432,0.6889589288344534,2,972280
qsize=10000,65baffe3161e376e238e0d0a44d7b27b,ERR3857750,0.0002,2,21,1000,DNA,9dd6403c69a9048e6183f267e51b9639,6.232840211791911e-6,0.0002,6.5,6.5,4.5,0.666589657745114,0.5659558128200329,0.6162727352825734,0.666589657745114,13,972280
qsize=10000,65baffe3161e376e238e0d0a44d7b27b,DRR460838,0.0001,1,21,1000,DNA,43cde9c1631b0ceddaad5cd35250ee0a,0.000036217449567201475,0.0001,1.0,1.0,0.0,0.6449466771037624,0.6277961303479219,0.6363714037258421,0.6449466771037624,1,237978
qsize=5000,6424f418433b237c8a9c44a818715253,ERR10745320,0.0002,1,21,1000,DNA,634919bf433c876dab2d9a9d2d54c5ed,8.473642734275038e-6,0.0002,1.0,1.0,0.0,0.666589657745114,0.5746119517317966,0.6206008047384552,0.666589657745114,1,306814
qsize=10000,65baffe3161e376e238e0d0a44d7b27b,ERR10745320,0.0001,1,21,1000,DNA,634919bf433c876dab2d9a9d2d54c5ed,8.12922211473584e-6,0.0001,6.0,6.0,0.0,0.6449466771037624,0.5746119517317966,0.6097793144177794,0.6449466771037624,6,306814
qsize=100,36c3fdb0e95a270b636308b47d19df42,ERR2286953,0.01,1,21,1000,DNA,007e1e0957653e26516fed3d498cc571,9.641741799939642e-7,0.01,4.0,4.0,0.0,0.8030857221391514,0.5170507688824248,0.6600682455107881,0.8030857221391514,4,4810647
qsize=5000,6424f418433b237c8a9c44a818715253,ERR2286953,0.0006,3,21,1000,DNA,007e1e0957653e26516fed3d498cc571,2.878926736112777e-6,0.0006,1.3333333333333333,1.0,0.4714045207910317,0.7023905031859884,0.5448202586228778,0.6236053809044331,0.7023905031859884,4,4810647
qsize=10000,65baffe3161e376e238e0d0a44d7b27b,ERR2286953,0.0002,2,21,1000,DNA,007e1e0957653e26516fed3d498cc571,1.9101175104292415e-6,0.0002,1.5,1.5,0.5,0.666589657745114,0.5344018463881981,0.6004957520666561,0.666589657745114,3,4810647
qsize=1000,06e3ed33658503f35a60705dda70ec6b,SRR6798588,0.001,1,21,1000,DNA,b8f59d4ebae2026d311222db80d1e72b,0.00001914315249435277,0.001,1.0,1.0,0.0,0.719685673001152,0.5966687636782881,0.6581772183397201,0.719685673001152,1,412866
qsize=10000,65baffe3161e376e238e0d0a44d7b27b,SRR6798588,0.0001,1,21,1000,DNA,b8f59d4ebae2026d311222db80d1e72b,0.00001632972990626735,0.0001,1.0,1.0,0.0,0.6449466771037624,0.5966687636782881,0.6208077203910253,0.6449466771037624,1,412866
qsize=10000,65baffe3161e376e238e0d0a44d7b27b,SRR33520462,0.0005,5,21,1000,DNA,0f997bda2f11c4583dc35fdfc66d5005,6.212739097264158e-6,0.0005,1.4,1.0,0.48989794855663565,0.6963187591769685,0.5653528006664517,0.6308357799217101,0.6963187591769685,7,4348856
qsize=5000,6424f418433b237c8a9c44a818715253,ERR3574544,0.0006,3,21,1000,DNA,f95c1e9160d7564b92ed82e3ac8ce608,2.340292583378774e-6,0.0006,1.0,1.0,0.0,0.7023905031859884,0.539449483177016,0.6209199931815022,0.7023905031859884,3,1856187
qsize=10000,65baffe3161e376e238e0d0a44d7b27b,ERR3574544,0.0004,4,21,1000,DNA,f95c1e9160d7564b92ed82e3ac8ce608,3.108268772000715e-6,0.0004,1.25,1.0,0.4330127018922193,0.6889589288344534,0.5468903308365951,0.6179246298355243,0.6889589288344534,5,1856187
qsize=5000,6424f418433b237c8a9c44a818715253,ERR15316004,0.0004,2,21,1000,DNA,3a346572be2c53803f76160c0c91b52c,4.5966444495518275e-6,0.0004,5.5,5.5,1.5,0.6889589288344534,0.5572748632653115,0.6231168960498825,0.6889589288344534,11,5815899
qsize=10000,65baffe3161e376e238e0d0a44d7b27b,ERR15316004,0.0002,2,21,1000,DNA,3a346572be2c53803f76160c0c91b52c,4.544421722335832e-6,0.0002,123.0,123.0,118.0,0.666589657745114,0.5572748632653115,0.6119322605052128,0.666589657745114,246,5815899
qsize=5000,6424f418433b237c8a9c44a818715253,ERR11646511,0.0002,1,21,1000,DNA,b1ccf42a17404ac8b8da74331fbd4b9e,7.96412956045969e-6,0.0002,1.0,1.0,0.0,0.666589657745114,0.5728451689374218,0.619717413341268,0.666589657745114,1,860299
qsize=5000,6424f418433b237c8a9c44a818715253,ERR4571069,0.0002,1,21,1000,DNA,50b045041885271585a7289b6cccb801,3.4924615218051837e-6,0.0002,1.0,1.0,0.0,0.666589657745114,0.5501908639986336,0.6083902608718739,0.666589657745114,1,854640
qsize=10000,65baffe3161e376e238e0d0a44d7b27b,ERR4571069,0.0004,4,21,1000,DNA,50b045041885271585a7289b6cccb801,0.000013730228471001757,0.0004,6.0,6.0,4.527692569068709,0.6889589288344534,0.5877368188285372,0.6383478738314954,0.6889589288344534,24,854640
qsize=10000,65baffe3161e376e238e0d0a44d7b27b,SRR16038846,0.0001,1,21,1000,DNA,07d128a7b721516620028194884fed3e,0.000021243600365389926,0.0001,1.0,1.0,0.0,0.6449466771037624,0.6059339195016379,0.6254402983027001,0.6449466771037624,1,447909
qsize=5000,6424f418433b237c8a9c44a818715253,SRR5028772,0.0002,1,21,1000,DNA,5dfe6c74074f2e27886222d8673cf9fa,4.233646482051456e-6,0.0002,1.0,1.0,0.0,0.666589657745114,0.5553562327565968,0.6109729452508554,0.666589657745114,1,2600897
qsize=10000,65baffe3161e376e238e0d0a44d7b27b,SRR5028772,0.0001,1,21,1000,DNA,5dfe6c74074f2e27886222d8673cf9fa,4.145885416018872e-6,0.0001,1.0,1.0,0.0,0.6449466771037624,0.5553562327565968,0.6001514549301796,0.6449466771037624,1,2600897
qsize=10000,65baffe3161e376e238e0d0a44d7b27b,SRR6984592,0.0001,1,21,1000,DNA,1d4fe15048e114c864038bcd58f7d74e,3.2217844175174862e-6,0.0001,1.0,1.0,0.0,0.6449466771037624,0.5484764341585027,0.5967115556311325,0.6449466771037624,1,865345
qsize=5000,6424f418433b237c8a9c44a818715253,SRR17323108,0.0002,1,21,1000,DNA,e56c5df871216cbfc3263e5b4ebd8e38,0.00004209285684219388,0.0002,1.0,1.0,0.0,0.666589657745114,0.6259143767606247,0.6462520172528694,0.666589657745114,1,43514
qsize=10000,65baffe3161e376e238e0d0a44d7b27b,ERR2363554,0.0003,3,21,1000,DNA,d47bdc1b7420ec06f4193da08f688301,7.4957087067653765e-6,0.0003,1.0,1.0,0.0,0.6795851327658305,0.5707771640155002,0.6251811483906653,0.6795851327658305,3,3672375
qsize=10000,65baffe3161e376e238e0d0a44d7b27b,ERR4594177,0.0004,4,21,1000,DNA,6f693c89cc285c0b8cf6d0d4323930cb,0.000010476661925977146,0.0004,1.0,1.0,0.0,0.6889589288344534,0.5799845402542716,0.6344717345443625,0.6889589288344534,4,2763601
qsize=5000,6424f418433b237c8a9c44a818715253,SRR19511096,0.0002,1,21,1000,DNA,d63f776a46a06b4833f8aedfe72666ee,0.00001866995257832045,0.0002,1.0,1.0,0.0,0.666589657745114,0.5981947468427357,0.6323922022939248,0.666589657745114,1,561787
qsize=10000,65baffe3161e376e238e0d0a44d7b27b,ERR3577819,0.0001,1,21,1000,DNA,2776258663ce1e6d46d528bb3c934495,0.00001890752330352247,0.0001,1.0,1.0,0.0,0.6449466771037624,0.6017437897195161,0.6233452334116393,0.6449466771037624,1,305431
qsize=5000,6424f418433b237c8a9c44a818715253,SRR32709187,0.0002,1,21,1000,DNA,adaa1db98554bd9c8fed414ebdd060f3,2.1576835109826093e-6,0.0002,1.0,1.0,0.0,0.666589657745114,0.537544189217945,0.6020669234815295,0.666589657745114,1,2410645
qsize=10000,65baffe3161e376e238e0d0a44d7b27b,SRR32709187,0.0002,2,21,1000,DNA,adaa1db98554bd9c8fed414ebdd060f3,4.2693170586967055e-6,0.0002,15.0,15.0,14.0,0.666589657745114,0.5555829804764094,0.6110863191107617,0.666589657745114,30,2410645
qsize=1000,06e3ed33658503f35a60705dda70ec6b,ERR12146358,0.001,1,21,1000,DNA,f49e26b55167b9f66cf938b49bf39e0a,4.789577113867885e-7,0.001,2.0,2.0,0.0,0.719685673001152,0.5001170578999878,0.6099013654505699,0.719685673001152,2,9956758
qsize=5000,6424f418433b237c8a9c44a818715253,ERR12146358,0.001,5,21,1000,DNA,f49e26b55167b9f66cf938b49bf39e0a,2.3902138906802214e-6,0.001,2.6,1.0,2.33238075793812,0.719685673001152,0.539952993887786,0.629819333444469,0.719685673001152,13,9956758
qsize=10000,65baffe3161e376e238e0d0a44d7b27b,ERR12146358,0.0011,11,21,1000,DNA,f49e26b55167b9f66cf938b49bf39e0a,5.245946671613754e-6,0.0011,2.5454545454545454,2.0,1.5587661999529314,0.7229594475203538,0.560611233006957,0.6417853402636554,0.7229594475203538,28,9956758
qsize=5000,6424f418433b237c8a9c44a818715253,ERR11607565,0.0002,1,21,1000,DNA,376f65d4a50161df97fbca669d935926,0.00001764726643842869,0.0002,1.0,1.0,0.0,0.666589657745114,0.596432463761878,0.631511060753496,0.666589657745114,1,1742928
qsize=5000,6424f418433b237c8a9c44a818715253,ERR8774829,0.0002,1,21,1000,DNA,fe33c97e24c5722702826586548f2cbe,0.000026487961221624773,0.0002,1.0,1.0,0.0,0.666589657745114,0.6095192303263552,0.6380544440357346,0.666589657745114,1,570329
qsize=10000,65baffe3161e376e238e0d0a44d7b27b,ERR4562019,0.0002,2,21,1000,DNA,e2111f5aefe1e710b5d03c3a8a753597,8.642855599490072e-6,0.0002,1.5,1.5,0.5,0.666589657745114,0.5751774358643106,0.6208835468047122,0.666589657745114,3,595735
qsize=10000,65baffe3161e376e238e0d0a44d7b27b,SRR12420374,0.0001,1,21,1000,DNA,3f63a834a43e5447e82d75b150d31f0e,0.000018990466785673593,0.0001,1.0,1.0,0.0,0.6449466771037624,0.6018985559693617,0.6234226165365621,0.6449466771037624,1,567753
qsize=100,36c3fdb0e95a270b636308b47d19df42,SRR24130622,0.01,1,21,1000,DNA,1d9048ad25385c4747272adce5768f6b,1.4053964412551314e-6,0.01,2.0,2.0,0.0,0.8030857221391514,0.5264130321191348,0.6647493771291431,0.8030857221391514,2,962913
qsize=5000,6424f418433b237c8a9c44a818715253,SRR24130622,0.0002,1,21,1000,DNA,1d9048ad25385c4747272adce5768f6b,1.3957844517986776e-6,0.0002,1.0,1.0,0.0,0.666589657745114,0.5264130321191348,0.5965013449321244,0.666589657745114,1,962913
qsize=10000,65baffe3161e376e238e0d0a44d7b27b,SRR24130622,0.0006,6,21,1000,DNA,1d9048ad25385c4747272adce5768f6b,8.316722989362912e-6,0.0006,1.6666666666666667,2.0,0.4714045207910317,0.7023905031859884,0.5732993558075717,0.6378449294967801,0.7023905031859884,10,962913
qsize=5000,6424f418433b237c8a9c44a818715253,SRR21991821,0.0002,1,21,1000,DNA,a7d6ce5506b940bc7971e86fec9fe413,0.000014257606433032023,0.0002,1.0,1.0,0.0,0.666589657745114,0.5898878785299333,0.6282387681375237,0.666589657745114,1,181672
qsize=5000,6424f418433b237c8a9c44a818715253,SRR30947063,0.0004,2,21,1000,DNA,a9d1554b370448c1724e120cc1b428ee,2.194890952330261e-6,0.0004,2.5,2.5,1.5,0.6889589288344534,0.5378451047676508,0.6134020168010521,0.6889589288344534,5,21081921
qsize=10000,65baffe3161e376e238e0d0a44d7b27b,SRR30947063,0.0005,5,21,1000,DNA,a9d1554b370448c1724e120cc1b428ee,5.45729990264177e-6,0.0005,4.2,3.0,3.7094473981982814,0.6963187591769685,0.5618323531272374,0.629075556152103,0.6963187591769685,21,21081921
qsize=5000,6424f418433b237c8a9c44a818715253,SRR31693679,0.0002,1,21,1000,DNA,bcb8a66a66b93290006db5142f3df547,4.6468833353469825e-6,0.0002,1.0,1.0,0.0,0.666589657745114,0.5578807779319189,0.6122352178385164,0.666589657745114,1,592211
qsize=10000,65baffe3161e376e238e0d0a44d7b27b,SRR31693679,0.0001,1,21,1000,DNA,bcb8a66a66b93290006db5142f3df547,4.541367314871162e-6,0.0001,1.0,1.0,0.0,0.6449466771037624,0.5578807779319189,0.6014137275178406,0.6449466771037624,1,592211
qsize=10000,65baffe3161e376e238e0d0a44d7b27b,ERR9710681,0.0008,8,21,1000,DNA,bbea5fb34c34ed3be6fdd21698470de3,0.000019621501241059954,0.0008,5.25,2.0,7.5456941363932835,0.7120788630690342,0.5975269980503775,0.6548029305597058,0.7120788630690342,42,2182456
qsize=10000,65baffe3161e376e238e0d0a44d7b27b,ERR11682729,0.0001,1,21,1000,DNA,0a64cff74007c047dc2962d6c67ba57d,7.946409414905874e-6,0.0001,1.0,1.0,0.0,0.6449466771037624,0.573935600771972,0.6094411389378672,0.6449466771037624,1,566275
qsize=10000,65baffe3161e376e238e0d0a44d7b27b,SRR6897936,0.0001,1,21,1000,DNA,27bf9bf94628274e164a949048645845,0.000017927894010290612,0.0001,1.0,1.0,0.0,0.6449466771037624,0.599878169672796,0.6224124233882792,0.6449466771037624,1,299892
qsize=1000,06e3ed33658503f35a60705dda70ec6b,SRR34846639,0.006,6,21,1000,DNA,a39bdf82c0bb521eb2b1b70e67d2fefd,1.0099151789073155e-6,0.006,1.1666666666666667,1.0,0.37267799624996495,0.7837863189947072,0.518194999130049,0.6509906590623781,0.7837863189947072,7,10307206
qsize=5000,6424f418433b237c8a9c44a818715253,SRR34846639,0.0046,23,21,1000,DNA,a39bdf82c0bb521eb2b1b70e67d2fefd,3.8687478511628785e-6,0.0046,1.5217391304347827,1.0,0.9722034684781693,0.7739319108151546,0.5524367717153609,0.6631843412652577,0.7739319108151546,35,10307206
qsize=10000,65baffe3161e376e238e0d0a44d7b27b,SRR34846639,0.0024,24,21,1000,DNA,a39bdf82c0bb521eb2b1b70e67d2fefd,4.033562602152074e-6,0.0024,1.6666666666666667,1.5,0.8975274678557507,0.750322818735379,0.5535575020422513,0.6519401603888151,0.750322818735379,40,10307206
qsize=5000,6424f418433b237c8a9c44a818715253,SRR9178363,0.0012,6,21,1000,DNA,edeb21b8e449e7b843440b75ca8a273b,5.349128716084295e-6,0.0012,3.0,1.0,3.0550504633038935,0.7259611712781008,0.5611230908771908,0.6435421310776458,0.7259611712781008,18,2318372
qsize=10000,65baffe3161e376e238e0d0a44d7b27b,SRR9178363,0.0004,4,21,1000,DNA,edeb21b8e449e7b843440b75ca8a273b,3.550253843149785e-6,0.0004,1.0,1.0,0.0,0.6889589288344534,0.5503929251342118,0.6196759269843326,0.6889589288344534,4,2318372
qsize=10000,65baffe3161e376e238e0d0a44d7b27b,ERR3434562,0.0001,1,21,1000,DNA,2b26968ffbcc7709691941789474c931,0.000023944639992337717,0.0001,4.0,4.0,0.0,0.6449466771037624,0.6104106945119707,0.6276786858078666,0.6449466771037624,4,55362
qsize=5000,6424f418433b237c8a9c44a818715253,SRR9333178,0.0002,1,21,1000,DNA,b11e395fa4b099647ce0e7848aaee288,9.704498034839148e-7,0.0002,6.0,6.0,0.0,0.666589657745114,0.5173279661821966,0.5919588119636553,0.666589657745114,6,8737454
qsize=10000,65baffe3161e376e238e0d0a44d7b27b,SRR9333178,0.0007,7,21,1000,DNA,b11e395fa4b099647ce0e7848aaee288,6.760384917001789e-6,0.0007,33.0,4.0,48.16341231385382,0.7075653765539904,0.5675560014316112,0.6375606889928008,0.7075653765539904,231,8737454
qsize=10000,65baffe3161e376e238e0d0a44d7b27b,SRR17007552,0.0001,1,21,1000,DNA,1fdf3f5244f70041c3baa66df4e4fb27,0.00004592000734720118,0.0001,1.0,1.0,0.0,0.6449466771037624,0.6399402844376452,0.6424434807707038,0.6449466771037624,1,167497
qsize=100,36c3fdb0e95a270b636308b47d19df42,SRR11999457,0.01,1,21,1000,DNA,a25f625ade66a7cc9f8afb40416c4a5c,6.040949178098659e-7,0.01,1.0,1.0,0.0,0.8030857221391514,0.5056655748818607,0.6543756485105061,0.8030857221391514,1,3472122
qsize=5000,6424f418433b237c8a9c44a818715253,SRR11999457,0.0002,1,21,1000,DNA,a25f625ade66a7cc9f8afb40416c4a5c,6.023120349774644e-7,0.0002,1.0,1.0,0.0,0.666589657745114,0.5056655748818607,0.5861276163134874,0.666589657745114,1,3472122
qsize=10000,65baffe3161e376e238e0d0a44d7b27b,SRR11999457,0.0007,7,21,1000,DNA,a25f625ade66a7cc9f8afb40416c4a5c,4.20354022157461e-6,0.0007,1.5714285714285714,1.0,0.7284313590846835,0.7075653765539904,0.5547612936132864,0.6311633350836384,0.7075653765539904,11,3472122
qsize=1000,06e3ed33658503f35a60705dda70ec6b,SRR8816743,0.001,1,21,1000,DNA,480169600abc83745ff7e593c510b071,7.15006338531191e-7,0.001,2.0,2.0,0.0,0.719685673001152,0.509756611680628,0.61472114234089,0.719685673001152,2,9639664
qsize=5000,6424f418433b237c8a9c44a818715253,SRR8816743,0.0004,2,21,1000,DNA,480169600abc83745ff7e593c510b071,1.4259354849749177e-6,0.0004,1.0,1.0,0.0,0.6889589288344534,0.5268629134418042,0.6079109211381288,0.6889589288344534,2,9639664
qsize=10000,65baffe3161e376e238e0d0a44d7b27b,SRR8816743,0.0008,8,21,1000,DNA,480169600abc83745ff7e593c510b071,5.683505472505332e-6,0.0008,3.0,1.5,4.183300132670378,0.7120788630690342,0.562816929482475,0.6374478962757546,0.7120788630690342,24,9639664
qsize=1000,06e3ed33658503f35a60705dda70ec6b,ERR3357551,0.001,1,21,1000,DNA,a59c0173377f62b83000442340ef1002,1.2688036703952578e-6,0.001,5.0,5.0,0.0,0.719685673001152,0.5238844266686555,0.6217850498349038,0.719685673001152,5,2900588
qsize=5000,6424f418433b237c8a9c44a818715253,ERR3357551,0.0002,1,21,1000,DNA,a59c0173377f62b83000442340ef1002,1.2623967359469994e-6,0.0002,1.0,1.0,0.0,0.666589657745114,0.5238844266686555,0.5952370422068848,0.666589657745114,1,2900588
qsize=10000,65baffe3161e376e238e0d0a44d7b27b,ERR3357551,0.0004,4,21,1000,DNA,a59c0173377f62b83000442340ef1002,5.017932837477937e-6,0.0004,10.75,2.0,15.75396775418815,0.6889589288344534,0.5596351857358584,0.6242970572851558,0.6889589288344534,43,2900588
qsize=10000,65baffe3161e376e238e0d0a44d7b27b,SRR23255629,0.0001,1,21,1000,DNA,bac129125432a9c287cd74b495523758,6.8060546662310795e-6,0.0001,1.0,1.0,0.0,0.6449466771037624,0.5693836330926396,0.607165155098201,0.6449466771037624,1,1636416
qsize=5000,6424f418433b237c8a9c44a818715253,ERR9629827,0.0002,1,21,1000,DNA,3e20e148f9607c8c515220795ec1f715,0.00003333111125924938,0.0002,1.0,1.0,0.0,0.666589657745114,0.6174073620551083,0.6419985099001111,0.666589657745114,1,319920
qsize=10000,65baffe3161e376e238e0d0a44d7b27b,SRR25389485,0.0001,1,21,1000,DNA,a9996287d977129a444af0cb30e2ea12,0.00001115374319621665,0.0001,1.0,1.0,0.0,0.6449466771037624,0.5842629988962565,0.6146048380000095,0.6449466771037624,1,1168076
qsize=5000,6424f418433b237c8a9c44a818715253,SRR7609623,0.0016,8,21,1000,DNA,c5395d2b01e630551537b6dcdc063aff,2.443590477450089e-6,0.0016,8.875,2.0,16.796111901270486,0.735974651039796,0.5404989022969977,0.6382367766683968,0.735974651039796,71,11357173
qsize=10000,65baffe3161e376e238e0d0a44d7b27b,SRR7609623,0.0013,13,21,1000,DNA,c5395d2b01e630551537b6dcdc063aff,3.964785386167047e-6,0.0013,1.9230769230769231,1.0,2.12897730816893,0.7287334941087928,0.5531404933650902,0.6409369937369416,0.7287334941087928,25,11357173
qsize=5000,6424f418433b237c8a9c44a818715253,SRR16902965,0.0002,1,21,1000,DNA,9737c1d0697e4fc57d709f09e58794ec,0.00002994011976047904,0.0002,1.0,1.0,0.0,0.666589657745114,0.6136722621622226,0.6401309599536683,0.666589657745114,1,288777
qsize=10000,65baffe3161e376e238e0d0a44d7b27b,ERR1592190,0.0001,1,21,1000,DNA,0634caef0aaaee9b4e9f73cee0aa89f0,0.000014824258416472715,0.0001,1.0,1.0,0.0,0.6449466771037624,0.5934228454504563,0.6191847612771093,0.6449466771037624,1,313391
qsize=100,36c3fdb0e95a270b636308b47d19df42,ERR11736254,0.01,1,21,1000,DNA,a0ea0783020c0d2bd32a921dca4c5c8b,8.347872544681987e-6,0.01,113.0,113.0,0.0,0.8030857221391514,0.5730432154356031,0.6880644687873773,0.8030857221391514,113,2272191
qsize=10000,65baffe3161e376e238e0d0a44d7b27b,ERR11736254,0.0001,1,21,1000,DNA,a0ea0783020c0d2bd32a921dca4c5c8b,7.710635279240657e-6,0.0001,1.0,1.0,0.0,0.6449466771037624,0.5730432154356031,0.6089949462696828,0.6449466771037624,1,2272191
qsize=5000,6424f418433b237c8a9c44a818715253,ERR469675,0.0002,1,21,1000,DNA,6a7273416aabd2fe3cc92c9d2aa2416c,9.327314106629855e-6,0.0002,1.0,1.0,0.0,0.666589657745114,0.577367174274642,0.621978416009878,0.666589657745114,1,108042
qsize=10000,65baffe3161e376e238e0d0a44d7b27b,SRR22756468,0.0001,1,21,1000,DNA,d7a9ff8bea9880178e98ebdc94b66abb,0.00001437607820586544,0.0001,9.0,9.0,0.0,0.6449466771037624,0.5924079227516085,0.6186772999276855,0.6449466771037624,9,407773
qsize=1000,06e3ed33658503f35a60705dda70ec6b,SRR13296320,0.001,1,21,1000,DNA,46e48db8a83020d59adde6cb22b2c2f5,3.187539525490116e-7,0.001,1.0,1.0,0.0,0.719685673001152,0.4905093930487133,0.6050975330249326,0.719685673001152,1,3587253
qsize=5000,6424f418433b237c8a9c44a818715253,SRR13296320,0.0016,8,21,1000,DNA,46e48db8a83020d59adde6cb22b2c2f5,2.546790105338422e-6,0.0016,1.0,1.0,0.0,0.735974651039796,0.5415662772235907,0.6387704641316934,0.735974651039796,8,3587253
qsize=10000,65baffe3161e376e238e0d0a44d7b27b,SRR13296320,0.0014,14,21,1000,DNA,46e48db8a83020d59adde6cb22b2c2f5,4.449808229157496e-6,0.0014,1.1428571428571428,1.0,0.3499271061118826,0.7313097019236751,0.5561921485231647,0.6437509252234199,0.7313097019236751,16,3587253
qsize=5000,6424f418433b237c8a9c44a818715253,ERR11456636,0.0006,3,21,1000,DNA,cb92ae2c03ee3ba2e794a1e8fd08a39e,4.500375781377745e-6,0.0006,1.6666666666666667,1.0,0.9428090415820634,0.7023905031859884,0.5566066721652178,0.6294985876756031,0.7023905031859884,5,6975362
qsize=10000,65baffe3161e376e238e0d0a44d7b27b,ERR11456636,0.0009,9,21,1000,DNA,cb92ae2c03ee3ba2e794a1e8fd08a39e,0.000013400734062432532,0.0009,18.444444444444443,3.0,36.154333107791324,0.7160839323187163,0.5865006094773475,0.6512922708980319,0.7160839323187163,166,6975362
qsize=5000,6424f418433b237c8a9c44a818715253,SRR31327279,0.0002,1,21,1000,DNA,3a4ebb72b237d583a8ad40c72fc101e7,0.000015869993017203073,0.0002,1.0,1.0,0.0,0.666589657745114,0.5931512647110072,0.6298704612280606,0.666589657745114,1,808579
qsize=10000,65baffe3161e376e238e0d0a44d7b27b,SRR31327279,0.0001,1,21,1000,DNA,3a4ebb72b237d583a8ad40c72fc101e7,0.000014703287655119684,0.0001,1.0,1.0,0.0,0.6449466771037624,0.5931512647110072,0.6190489709073848,0.6449466771037624,1,808579
qsize=5000,6424f418433b237c8a9c44a818715253,DRR078802,0.0002,1,21,1000,DNA,7f265704d40f0e7018acd6fa1d822201,1.21562368180807e-6,0.0002,1.0,1.0,0.0,0.666589657745114,0.5229375490875111,0.5947636034163126,0.666589657745114,1,8946350
qsize=10000,65baffe3161e376e238e0d0a44d7b27b,DRR078802,0.0001,1,21,1000,DNA,7f265704d40f0e7018acd6fa1d822201,1.2082796152354394e-6,0.0001,2.0,2.0,0.0,0.6449466771037624,0.5229375490875111,0.5839421130956368,0.6449466771037624,2,8946350
qsize=5000,6424f418433b237c8a9c44a818715253,ERR025985,0.0002,1,21,1000,DNA,c7b1adfa98f183ac978529f5fa09bc8c,0.000010875120985720967,0.0002,1.0,1.0,0.0,0.666589657745114,0.5818294971535092,0.6242095774493116,0.666589657745114,1,326535
qsize=10000,65baffe3161e376e238e0d0a44d7b27b,ERR1107590,0.0001,1,21,1000,DNA,0d0f1170d568d22ce7d8631b36c88ef6,0.00002741904526884374,0.0001,27.0,27.0,0.0,0.6449466771037624,0.6157311240921877,0.630338900597975,0.6449466771037624,27,492852
qsize=5000,6424f418433b237c8a9c44a818715253,SRR6919848,0.0002,1,21,1000,DNA,ca3102e2b26ef861806c14ecf7c51cd7,0.000018527439137362433,0.0002,1.0,1.0,0.0,0.666589657745114,0.5979541489075811,0.6322719033263475,0.666589657745114,1,305351
qsize=5000,6424f418433b237c8a9c44a818715253,SRR27029438,0.0002,1,21,1000,DNA,bb50f50fe050e81e04b7a7b8b87e54e0,4.90191272634582e-6,0.0002,9.0,9.0,0.0,0.666589657745114,0.5593367456530305,0.6129632016990723,0.666589657745114,9,1145746
qsize=5000,6424f418433b237c8a9c44a818715253,ERR2524925,0.0004,2,21,1000,DNA,b851af6a20b1ffe28f5fd81226d30cbc,0.000018987221599863293,0.0004,1.0,1.0,0.0,0.6889589288344534,0.5972692458687708,0.6431140873516121,0.6889589288344534,2,913717
qsize=10000,65baffe3161e376e238e0d0a44d7b27b,SRR6511966,0.0001,1,21,1000,DNA,47d0c9c04d8999162903a3397ba5606d,0.000013675774732638604,0.0001,2.0,2.0,0.0,0.6449466771037624,0.5907716369894075,0.617859157046585,0.6449466771037624,2,583482
qsize=5000,6424f418433b237c8a9c44a818715253,SRR10938823,0.0012,6,21,1000,DNA,abef1adbe5ada1d8c541d8597d57a688,2.3128169763849823e-6,0.0012,1.8333333333333333,1.0,1.8633899812498247,0.7259611712781008,0.5390953974111605,0.6325282843446307,0.7259611712781008,11,8825976
qsize=10000,65baffe3161e376e238e0d0a44d7b27b,SRR10938823,0.0014,14,21,1000,DNA,abef1adbe5ada1d8c541d8597d57a688,5.386208459348169e-6,0.0014,1.8571428571428572,1.0,1.2453996981544782,0.7313097019236751,0.5612913224209515,0.6463005121723133,0.7313097019236751,26,8825976
qsize=1000,06e3ed33658503f35a60705dda70ec6b,ERR6496062,0.001,1,21,1000,DNA,13ebc9bcabfbeaac9eccd2e351922c82,4.108260890999622e-6,0.001,17.0,17.0,0.0,0.719685673001152,0.5541056466556201,0.6368956598283861,0.719685673001152,17,2236136
qsize=10000,65baffe3161e376e238e0d0a44d7b27b,SRR1968599,0.0001,1,21,1000,DNA,d47306bd7d1ef16f3fc82bc0b3102465,0.000014687522949254608,0.0001,1.0,1.0,0.0,0.6449466771037624,0.5931157459672889,0.6190312115355256,0.6449466771037624,1,391386
qsize=1000,06e3ed33658503f35a60705dda70ec6b,SRR10084861,0.001,1,21,1000,DNA,653620ea5bd09feb82211c8e4cbafc7b,1.6816473417359645e-6,0.001,1.0,1.0,0.0,0.719685673001152,0.5309697365562763,0.6253277047787142,0.719685673001152,1,2691282
qsize=5000,6424f418433b237c8a9c44a818715253,SRR10084861,0.0008,4,21,1000,DNA,653620ea5bd09feb82211c8e4cbafc7b,6.68167817028925e-6,0.0008,3.5,1.5,3.7749172176353745,0.7120788630690342,0.5672040091501543,0.6396414361095943,0.7120788630690342,14,2691282
qsize=10000,65baffe3161e376e238e0d0a44d7b27b,SRR10084861,0.0003,3,21,1000,DNA,653620ea5bd09feb82211c8e4cbafc7b,4.969742550770062e-6,0.0003,2.3333333333333335,1.0,1.8856180831641267,0.6795851327658305,0.5594867788646369,0.6195359558152338,0.6795851327658305,7,2691282
qsize=10000,65baffe3161e376e238e0d0a44d7b27b,ERR2025059,0.0001,1,21,1000,DNA,ca2f448c566f3d64ef1f145f5398cab2,0.000024186721489902045,0.0001,1.0,1.0,0.0,0.6449466771037624,0.6107958661247326,0.6278712716142475,0.6449466771037624,1,67477
qsize=100,36c3fdb0e95a270b636308b47d19df42,ERR10312062,0.01,1,21,1000,DNA,bd1844bb21aeb3c868a5824a4850b25d,7.93683548844873e-7,0.01,1.0,1.0,0.0,0.8030857221391514,0.5122814652798315,0.6576835937094915,0.8030857221391514,1,20878989
qsize=5000,6424f418433b237c8a9c44a818715253,ERR10312062,0.0004,2,21,1000,DNA,bd1844bb21aeb3c868a5824a4850b25d,1.5812189142244082e-6,0.0004,1.0,1.0,0.0,0.6889589288344534,0.5294724955302142,0.6092157121823338,0.6889589288344534,2,20878989
qsize=10000,65baffe3161e376e238e0d0a44d7b27b,ERR10312062,0.0006,6,21,1000,DNA,bd1844bb21aeb3c868a5824a4850b25d,4.724993562196272e-6,0.0006,2.1666666666666665,1.0,2.1921577396609844,0.7023905031859884,0.5579091248079511,0.6301498139969697,0.7023905031859884,13,20878989
qsize=10000,65baffe3161e376e238e0d0a44d7b27b,SRR23232038,0.0001,1,21,1000,DNA,e67f26866b0feebd2a873460214b46b3,0.000029931158335827595,0.0001,1.0,1.0,0.0,0.6449466771037624,0.6193446388487981,0.6321456579762803,0.6449466771037624,1,109487
qsize=5000,6424f418433b237c8a9c44a818715253,SRR12114248,0.0002,1,21,1000,DNA,0f97f860c7bb1830c944f60a915f8f0a,6.29822075263738e-6,0.0002,1.0,1.0,0.0,0.666589657745114,0.5662462079933709,0.6164179328692425,0.666589657745114,1,697991
qsize=10000,65baffe3161e376e238e0d0a44d7b27b,SRR12114248,0.0001,1,21,1000,DNA,0f97f860c7bb1830c944f60a915f8f0a,6.105938024729049e-6,0.0001,4.0,4.0,0.0,0.6449466771037624,0.5662462079933709,0.6055964425485667,0.6449466771037624,4,697991
qsize=10000,65baffe3161e376e238e0d0a44d7b27b,SRR28588191,0.0001,1,21,1000,DNA,350037ad0a50049a62e891542acc9bde,0.000037505156959081875,0.0001,1.0,1.0,0.0,0.6449466771037624,0.6294523981858818,0.6371995376448221,0.6449466771037624,1,206694
qsize=1000,06e3ed33658503f35a60705dda70ec6b,ERR12218702,0.001,1,21,1000,DNA,dbf6cdfe894f1bf32a3a6daecbb06a77,6.635105680645728e-7,0.001,2.0,2.0,0.0,0.719685673001152,0.5079441828357514,0.6138149279184517,0.719685673001152,2,8719750
qsize=5000,6424f418433b237c8a9c44a818715253,ERR12218702,0.0002,1,21,1000,DNA,dbf6cdfe894f1bf32a3a6daecbb06a77,6.617542443262845e-7,0.0002,3.0,3.0,0.0,0.666589657745114,0.5079441828357514,0.5872669202904327,0.666589657745114,3,8719750
qsize=10000,65baffe3161e376e238e0d0a44d7b27b,ERR12218702,0.0005,5,21,1000,DNA,dbf6cdfe894f1bf32a3a6daecbb06a77,3.297868060213794e-6,0.0005,1.6,1.0,0.8,0.6963187591769685,0.5484035745585305,0.6223611668677496,0.6963187591769685,8,8719750
qsize=10000,65baffe3161e376e238e0d0a44d7b27b,ERR9971639,0.0001,1,21,1000,DNA,55b9a9d767788d2b506b33d63fa48b9a,6.5465591285220485e-6,0.0001,1.0,1.0,0.0,0.6449466771037624,0.5682553848215013,0.6066010309626318,0.6449466771037624,1,1412248
qsize=5000,6424f418433b237c8a9c44a818715253,ERR10672051,0.0002,1,21,1000,DNA,0a054368869f0142a9fcc14c58f3ab82,0.00004922228785193936,0.0002,1.0,1.0,0.0,0.666589657745114,0.6319838986471012,0.6492867781961076,0.666589657745114,1,411741
qsize=10000,65baffe3161e376e238e0d0a44d7b27b,SRR19561758,0.0002,2,21,1000,DNA,eeda385b8cb48bae626b42ab7fd22815,0.00008700191404210893,0.0002,1.0,1.0,0.0,0.666589657745114,0.6583375268519888,0.6624635922985513,0.666589657745114,2,381077
qsize=10000,65baffe3161e376e238e0d0a44d7b27b,ERR2729473,0.0001,1,21,1000,DNA,74470553b7ab6573e37dc408a337c809,0.00001817520901490367,0.0001,1.0,1.0,0.0,0.6449466771037624,0.6003559276006977,0.62265130235223,0.6449466771037624,1,284211
qsize=10000,65baffe3161e376e238e0d0a44d7b27b,ERR1681164,0.0001,1,21,1000,DNA,3cda8e15faa69f3f5761e8193b324ad6,9.998200323941691e-6,0.0001,71.0,71.0,0.0,0.6449466771037624,0.580870504735698,0.6129085909197303,0.6449466771037624,71,1426241
qsize=10000,65baffe3161e376e238e0d0a44d7b27b,SRR6346974,0.0001,1,21,1000,DNA,39f6f6f06025e674f8a507231c6a6f4b,0.000015753985758396876,0.0001,1.0,1.0,0.0,0.6449466771037624,0.5954553323700715,0.620201004736917,0.6449466771037624,1,423479
qsize=1000,06e3ed33658503f35a60705dda70ec6b,ERR12561522,0.001,1,21,1000,DNA,217f518e9b46f5c6c9aa85aad24400fc,7.329390121447995e-6,0.001,1.0,1.0,0.0,0.719685673001152,0.569680564674203,0.6446831188376776,0.719685673001152,1,200865
qsize=10000,65baffe3161e376e238e0d0a44d7b27b,ERR12561522,0.0001,1,21,1000,DNA,217f518e9b46f5c6c9aa85aad24400fc,6.875829396921003e-6,0.0001,1.0,1.0,0.0,0.6449466771037624,0.569680564674203,0.6073136208889827,0.6449466771037624,1,200865
qsize=5000,6424f418433b237c8a9c44a818715253,SRR20649171,0.0002,1,21,1000,DNA,c6f6b87d9f4fe7e24d65a35597cd944d,0.000027936862690319878,0.0002,1.0,1.0,0.0,0.666589657745114,0.6113109508243632,0.6389503042847386,0.666589657745114,1,344630
qsize=10000,65baffe3161e376e238e0d0a44d7b27b,SRR20649171,0.0001,1,21,1000,DNA,c6f6b87d9f4fe7e24d65a35597cd944d,0.000024512807942149773,0.0001,1.0,1.0,0.0,0.6449466771037624,0.6113109508243632,0.6281288139640628,0.6449466771037624,1,344630
qsize=10000,65baffe3161e376e238e0d0a44d7b27b,SRR8404661,0.0001,1,21,1000,DNA,8fb47b32746fb1eb08cacb9fcbd3e1ed,6.590871642774757e-6,0.0001,1.0,1.0,0.0,0.6449466771037624,0.5684507967363344,0.6066987369200484,0.6449466771037624,1,1039817
qsize=10000,65baffe3161e376e238e0d0a44d7b27b,ERR10900766,0.0001,1,21,1000,DNA,908fe9ee737172b593de0ee749405b4d,3.241144383258841e-6,0.0001,1.0,1.0,0.0,0.6449466771037624,0.5486381578121525,0.5967924174579575,0.6449466771037624,1,2198972
qsize=5000,6424f418433b237c8a9c44a818715253,ERR486737,0.0002,1,21,1000,DNA,b02b197f04610879f20ac84e70ce575d,0.00001555451858764971,0.0002,1.0,1.0,0.0,0.666589657745114,0.5925361075598085,0.6295628826524613,0.666589657745114,1,400798
qsize=10000,65baffe3161e376e238e0d0a44d7b27b,ERR13338936,0.0001,1,21,1000,DNA,94486f4558b43b0b7adde7789744d03f,0.00003295870274545994,0.0001,1.0,1.0,0.0,0.6449466771037624,0.6235027849110535,0.634224731007408,0.6449466771037624,1,464562
qsize=1000,06e3ed33658503f35a60705dda70ec6b,SRR10016707,0.001,1,21,1000,DNA,6c448784e447d89e03a80a4f0351e1e7,0.000010312893179052452,0.001,2.0,2.0,0.0,0.719685673001152,0.5791033791522242,0.6493945260766881,0.719685673001152,2,448575
qsize=10000,65baffe3161e376e238e0d0a44d7b27b,ERR12520035,0.0001,1,21,1000,DNA,3b9629bab8f81269da1061387495d3fa,3.6168981481481483e-6,0.0001,1.0,1.0,0.0,0.6449466771037624,0.5516135687082953,0.5982801229060288,0.6449466771037624,1,3238589
qsize=5000,6424f418433b237c8a9c44a818715253,SRR6663998,0.0006,3,21,1000,DNA,ac28269b918b6ef91bd7e61eb1d16a1f,0.000015061299488919904,0.0006,2.0,1.0,1.4142135623730951,0.7023905031859884,0.5900649789237132,0.6462277410548508,0.7023905031859884,6,1268357
qsize=10000,65baffe3161e376e238e0d0a44d7b27b,SRR6663998,0.0001,1,21,1000,DNA,ac28269b918b6ef91bd7e61eb1d16a1f,4.8974474503888574e-6,0.0001,1.0,1.0,0.0,0.6449466771037624,0.5599893656933235,0.6024680213985429,0.6449466771037624,1,1268357
qsize=5000,6424f418433b237c8a9c44a818715253,SRR27405717,0.0002,1,21,1000,DNA,22320cbffea0ea195aff8972430df19e,2.0349771879057234e-6,0.0002,4.0,4.0,0.0,0.666589657745114,0.5360317136374924,0.6013106856913032,0.666589657745114,4,4314610
qsize=10000,65baffe3161e376e238e0d0a44d7b27b,SRR27405717,0.0003,3,21,1000,DNA,22320cbffea0ea195aff8972430df19e,6.043464597384389e-6,0.0003,5.333333333333333,1.0,6.128258770283412,0.6795851327658305,0.5648206219386781,0.6222028773522543,0.6795851327658305,16,4314610
qsize=10000,65baffe3161e376e238e0d0a44d7b27b,DRR204892,0.0001,1,21,1000,DNA,87de299a5a46313e370548cdba1239ae,9.707135715464437e-6,0.0001,1.0,1.0,0.0,0.6449466771037624,0.5799647144942724,0.6124556957990175,0.6449466771037624,1,530095
qsize=10000,65baffe3161e376e238e0d0a44d7b27b,SRR8433797,0.0001,1,21,1000,DNA,e8de1f1db2a7685fbdf35434bd8fcfba,0.00003455663833022323,0.0001,5.0,5.0,0.0,0.6449466771037624,0.625628221683,0.6352874493933812,0.6449466771037624,5,124633
qsize=5000,6424f418433b237c8a9c44a818715253,SRR22307761,0.0002,1,21,1000,DNA,7a94a0cb2bee6216326971655657db9d,0.000034555444210235324,0.0002,1.0,1.0,0.0,0.666589657745114,0.6186859859036181,0.642637821824366,0.666589657745114,1,480719
qsize=10000,65baffe3161e376e238e0d0a44d7b27b,SRR22307761,0.0001,1,21,1000,DNA,7a94a0cb2bee6216326971655657db9d,0.000029464627714428828,0.0001,1.0,1.0,0.0,0.6449466771037624,0.6186859859036181,0.6318163315036902,0.6449466771037624,1,480719
qsize=5000,6424f418433b237c8a9c44a818715253,ERR11560528,0.0004,2,21,1000,DNA,056466abd05cbecf14895a62f0653d9e,2.440205806957759e-6,0.0004,3.0,3.0,0.0,0.6889589288344534,0.540581391229396,0.6147701600319246,0.6889589288344534,6,6683801
qsize=10000,65baffe3161e376e238e0d0a44d7b27b,ERR11560528,0.0004,4,21,1000,DNA,056466abd05cbecf14895a62f0653d9e,4.8508308866955045e-6,0.0004,17.25,5.5,23.155722834755128,0.6889589288344534,0.5587221042539092,0.6238405165441814,0.6889589288344534,69,6683801
qsize=5000,6424f418433b237c8a9c44a818715253,SRR21919637,0.0002,1,21,1000,DNA,d807748a19ed1a00961eddca75e36cba,3.543247102509682e-6,0.0002,1.0,1.0,0.0,0.666589657745114,0.550576006435322,0.608582832090218,0.666589657745114,1,1297677
qsize=10000,65baffe3161e376e238e0d0a44d7b27b,SRR21919637,0.0003,3,21,1000,DNA,d807748a19ed1a00961eddca75e36cba,0.00001044477326138045,0.0003,19.333333333333332,15.0,16.21384867602041,0.6795851327658305,0.5801460519360606,0.6298655923509455,0.6795851327658305,58,1297677
qsize=5000,6424f418433b237c8a9c44a818715253,ERR4794186,0.0002,1,21,1000,DNA,fa9832360bb4189b9b9350671e0d0741,2.598050422962609e-6,0.0002,3.0,3.0,0.0,0.666589657745114,0.5423769068825027,0.6044832823138084,0.666589657745114,3,2022308
qsize=10000,65baffe3161e376e238e0d0a44d7b27b,ERR4794186,0.0003,3,21,1000,DNA,fa9832360bb4189b9b9350671e0d0741,7.69424111699863e-6,0.0003,33.666666666666664,1.0,46.19764303752111,0.6795851327658305,0.5715065994728201,0.6255458661193254,0.6795851327658305,101,2022308
qsize=5000,6424f418433b237c8a9c44a818715253,SRR26030805,0.0002,1,21,1000,DNA,cedaa756cbbd645ad1331c03612a3930,0.000019873603879327478,0.0002,1.0,1.0,0.0,0.666589657745114,0.6001673504627318,0.6333785041039229,0.666589657745114,1,447665
qsize=10000,65baffe3161e376e238e0d0a44d7b27b,SRR26030805,0.0001,1,21,1000,DNA,cedaa756cbbd645ad1331c03612a3930,0.0000180772985285079,0.0001,1.0,1.0,0.0,0.6449466771037624,0.6001673504627318,0.6225570137832471,0.6449466771037624,1,447665
qsize=5000,6424f418433b237c8a9c44a818715253,ERR4083869,0.0004,2,21,1000,DNA,9ba15bcdc5667d5de20486e0b47f25d0,4.625592943195406e-6,0.0004,1.5,1.5,0.5,0.6889589288344534,0.5574434294376892,0.6232011791360713,0.6889589288344534,3,828260
qsize=10000,65baffe3161e376e238e0d0a44d7b27b,ERR4083869,0.0004,4,21,1000,DNA,9ba15bcdc5667d5de20486e0b47f25d0,9.145470134324093e-6,0.0004,1.0,1.0,0.0,0.6889589288344534,0.5761499950814525,0.632554461957953,0.6889589288344534,4,828260
qsize=1000,06e3ed33658503f35a60705dda70ec6b,SRR12165638,0.003,3,21,1000,DNA,85bbfa144493081448bab4a1b8a44457,7.944711166053203e-7,0.003,1.0,1.0,0.0,0.7583381711996433,0.5123101852854823,0.6353241782425628,0.7583381711996433,3,4911582
qsize=5000,6424f418433b237c8a9c44a818715253,SRR12165638,0.0014,7,21,1000,DNA,85bbfa144493081448bab4a1b8a44457,1.85180629153833e-6,0.0014,1.0,1.0,0.0,0.7313097019236751,0.5334032951672497,0.6323564985454624,0.7313097019236751,7,4911582
qsize=10000,65baffe3161e376e238e0d0a44d7b27b,SRR12165638,0.0024,24,21,1000,DNA,85bbfa144493081448bab4a1b8a44457,6.3406917060582135e-6,0.0024,1.375,1.0,1.602407043585784,0.750322818735379,0.5656363033219889,0.6579795610286839,0.750322818735379,33,4911582
qsize=10000,65baffe3161e376e238e0d0a44d7b27b,SRR19742817,0.0003,3,21,1000,DNA,0e5a04923853b05fd869d691abbc577e,7.225120298252966e-6,0.0003,4.0,3.0,1.4142135623730951,0.6795851327658305,0.5697536420809698,0.6246693874234002,0.6795851327658305,12,1754035
qsize=5000,6424f418433b237c8a9c44a818715253,SRR13726018,0.0002,1,21,1000,DNA,884e8ae236108d7e13ae1b95d3a566d6,4.908336810071907e-6,0.0002,1.0,1.0,0.0,0.666589657745114,0.5593725067707439,0.6129810822579289,0.666589657745114,1,594290
qsize=10000,65baffe3161e376e238e0d0a44d7b27b,SRR13726018,0.0002,2,21,1000,DNA,884e8ae236108d7e13ae1b95d3a566d6,9.581572719346154e-6,0.0002,6.0,6.0,2.0,0.666589657745114,0.5781438079730538,0.6223667328590838,0.666589657745114,12,594290
qsize=1000,06e3ed33658503f35a60705dda70ec6b,SRR17302245,0.001,1,21,1000,DNA,6e89d79b66adf02050d8c0503862c612,0.000012040359284321044,0.001,1.0,1.0,0.0,0.719685673001152,0.5834383839655555,0.6515620284833538,0.719685673001152,1,167778
qsize=5000,6424f418433b237c8a9c44a818715253,SRR20038338,0.0002,1,21,1000,DNA,a7051e7462511fa23ab9a3e277a01cf0,0.00003451846738004832,0.0002,1.0,1.0,0.0,0.666589657745114,0.6186478622848901,0.6426187600150021,0.666589657745114,1,201989
qsize=5000,6424f418433b237c8a9c44a818715253,SRR19348688,0.0002,1,21,1000,DNA,465af6aa63ae734ecba972b72298a931,7.825460919648167e-6,0.0002,1.0,1.0,0.0,0.666589657745114,0.5723465551402379,0.6194681064426759,0.666589657745114,1,7809216
qsize=10000,65baffe3161e376e238e0d0a44d7b27b,SRR19348688,0.0001,1,21,1000,DNA,465af6aa63ae734ecba972b72298a931,7.530800975991807e-6,0.0001,207.0,207.0,0.0,0.6449466771037624,0.5723465551402379,0.6086466161220001,0.6449466771037624,207,7809216
qsize=10000,65baffe3161e376e238e0d0a44d7b27b,SRR14866252,0.0001,1,21,1000,DNA,8a3329733e5ee443354154a7c6d275d6,0.000044509725374994435,0.0001,1.0,1.0,0.0,0.6449466771037624,0.6382077261266803,0.6415772016152214,0.6449466771037624,1,562642
qsize=10000,65baffe3161e376e238e0d0a44d7b27b,ERR10786220,0.0001,1,21,1000,DNA,c796763ce923b3d9ff9816d1958ea353,5.829883985308692e-6,0.0001,3.0,3.0,0.0,0.6449466771037624,0.564921124803046,0.6049339009534043,0.6449466771037624,3,378327
qsize=10000,65baffe3161e376e238e0d0a44d7b27b,SRR4254717,0.0001,1,21,1000,DNA,46a6b08603b27538ffee220ae505a429,0.00004241601628775026,0.0001,4.0,4.0,0.0,0.6449466771037624,0.6356233138454536,0.6402849954746079,0.6449466771037624,4,237365
qsize=10000,65baffe3161e376e238e0d0a44d7b27b,SRR2241110,0.0002,2,21,1000,DNA,6682b2b57de6b302beec502497faa714,0.000015258207008094479,0.0002,1.5,1.5,0.5,0.666589657745114,0.591948419384973,0.6292690385650435,0.666589657745114,3,368351
qsize=5000,6424f418433b237c8a9c44a818715253,ERR3769989,0.0002,1,21,1000,DNA,298323ca1aaa0575a3fc4c0b5e24a0fb,0.00003930817610062893,0.0002,1.0,1.0,0.0,0.666589657745114,0.6233586544500537,0.6449741560975839,0.666589657745114,1,293560
qsize=5000,6424f418433b237c8a9c44a818715253,SRR8820140,0.0002,1,21,1000,DNA,e454b937ed84e9bf31f9d6c802f44cfc,2.279981760145919e-6,0.0002,1.0,1.0,0.0,0.666589657745114,0.5389731490788817,0.6027814034119978,0.666589657745114,1,1928797
qsize=10000,65baffe3161e376e238e0d0a44d7b27b,SRR8820140,0.0002,2,21,1000,DNA,e454b937ed84e9bf31f9d6c802f44cfc,4.5085764395321e-6,0.0002,2.0,2.0,1.0,0.666589657745114,0.5570598930622852,0.6118247754036996,0.666589657745114,4,1928797
qsize=1000,06e3ed33658503f35a60705dda70ec6b,SRR32402449,0.001,1,21,1000,DNA,357137fc66ef8eb06f607fb3eb472343,3.196062451060294e-7,0.001,2.0,2.0,0.0,0.719685673001152,0.49057178769177967,0.6051287303464659,0.719685673001152,2,7371783
qsize=5000,6424f418433b237c8a9c44a818715253,SRR32402449,0.0014,7,21,1000,DNA,357137fc66ef8eb06f607fb3eb472343,2.2343914985872264e-6,0.0014,1.0,1.0,0.0,0.7313097019236751,0.5382020312805692,0.6347558666021221,0.7313097019236751,7,7371783
qsize=10000,65baffe3161e376e238e0d0a44d7b27b,SRR32402449,0.001,10,21,1000,DNA,357137fc66ef8eb06f607fb3eb472343,3.1869046264613153e-6,0.001,4.2,1.5,7.0398863627192165,0.719685673001152,0.5474212050611666,0.6335534390311593,0.719685673001152,42,7371783
qsize=5000,6424f418433b237c8a9c44a818715253,SRR17319871,0.0002,1,21,1000,DNA,9ea1e034d90f65b4eed4b498272e6fe6,0.000011964727981909332,0.0002,1.0,1.0,0.0,0.666589657745114,0.5846418549412165,0.6256157563431652,0.666589657745114,1,1225726
qsize=5000,6424f418433b237c8a9c44a818715253,ERR13664613,0.0004,2,21,1000,DNA,6ed45a4e4119ce5fe6e7f9c2e7483e04,1.9442902514258937e-6,0.0004,4.5,4.5,3.5,0.6889589288344534,0.5347329804062675,0.6118459546203605,0.6889589288344534,9,7910248
qsize=10000,65baffe3161e376e238e0d0a44d7b27b,ERR13664613,0.0005,5,21,1000,DNA,6ed45a4e4119ce5fe6e7f9c2e7483e04,4.837227301310889e-6,0.0005,6.2,1.0,10.4,0.6963187591769685,0.5585814317417283,0.6274500954593484,0.6963187591769685,31,7910248
qsize=10000,65baffe3161e376e238e0d0a44d7b27b,ERR10768082,0.0001,1,21,1000,DNA,f9d1e36c184aa2a0b5ea6740e279079f,0.00001096803913396363,0.0001,1.0,1.0,0.0,0.6449466771037624,0.5837380269379681,0.6143423520208653,0.6449466771037624,1,894914
qsize=10000,65baffe3161e376e238e0d0a44d7b27b,SRR4235854,0.0002,2,21,1000,DNA,b7130dddbf83856e1c62bbd9ab422c52,9.711943748421809e-6,0.0002,2.0,2.0,1.0,0.666589657745114,0.578534860167355,0.6225622589562345,0.666589657745114,4,1014918
qsize=10000,65baffe3161e376e238e0d0a44d7b27b,SRR6344702,0.0002,2,21,1000,DNA,3cba179069e12d3c9103858cd2a7b444,3.897313581748101e-6,0.0002,1.0,1.0,0.0,0.666589657745114,0.5531262753418195,0.6098579665434667,0.666589657745114,2,1022309
qsize=5000,6424f418433b237c8a9c44a818715253,SRR14998947,0.0002,1,21,1000,DNA,4092d1e6a5f7a904f4516e7fe42150a1,0.00004052028040034037,0.0002,1.0,1.0,0.0,0.666589657745114,0.6244858676398688,0.6455377626924914,0.666589657745114,1,275816
qsize=5000,6424f418433b237c8a9c44a818715253,SRR1491532,0.0002,1,21,1000,DNA,87e3646c4ef554e5c1d1f85309962b04,0.000014096618221288713,0.0002,1.0,1.0,0.0,0.666589657745114,0.5895446695803397,0.6280671636627269,0.666589657745114,1,162373
qsize=5000,6424f418433b237c8a9c44a818715253,SRR11484735,0.0002,1,21,1000,DNA,20058f5ccaebcbc8f0f3026dcd243972,7.660487206986365e-6,0.0002,1.0,1.0,0.0,0.666589657745114,0.5717427766714518,0.6191662172082829,0.666589657745114,1,457531
qsize=10000,65baffe3161e376e238e0d0a44d7b27b,ERR9800691,0.0001,1,21,1000,DNA,85900344aafd80fbbef99ccf6d864475,0.00001378625785816698,0.0001,58.0,58.0,0.0,0.6449466771037624,0.5910340772694779,0.6179903771866202,0.6449466771037624,58,1045052
qsize=10000,65baffe3161e376e238e0d0a44d7b27b,SRR11536464,0.0002,2,21,1000,DNA,49b20b8f9d84fb32bea08d14fab54025,0.000010209759509114763,0.0002,1.0,1.0,0.0,0.666589657745114,0.5799859516445546,0.6232878046948342,0.666589657745114,2,393671
qsize=1000,06e3ed33658503f35a60705dda70ec6b,ERR675680,0.002,2,21,1000,DNA,e5a86a67cef52e851ad38e0a42b1fcad,3.476652539868513e-6,0.002,2.5,2.5,1.5,0.7438367286489914,0.5496562980139742,0.6467465133314828,0.7438367286489914,5,4296494
qsize=10000,65baffe3161e376e238e0d0a44d7b27b,ERR675680,0.0004,4,21,1000,DNA,e5a86a67cef52e851ad38e0a42b1fcad,6.846220201826572e-6,0.0004,6.0,6.0,4.527692569068709,0.6889589288344534,0.5681015447911733,0.6285302368128134,0.6889589288344534,24,4296494
qsize=10000,65baffe3161e376e238e0d0a44d7b27b,ERR2522307,0.0001,1,21,1000,DNA,7fc520a8ef906ea0f22fe8f945a65864,0.000016358847682769225,0.0001,1.0,1.0,0.0,0.6449466771037624,0.5967292732703732,0.6208379751870678,0.6449466771037624,1,368988
qsize=100,36c3fdb0e95a270b636308b47d19df42,SRR16917370,0.01,1,21,1000,DNA,4005defa1b9c4651da365fab340c2350,0.000012493128779171455,0.01,1.0,1.0,0.0,0.8030857221391514,0.5841625982757847,0.693624160207468,0.8030857221391514,1,2387214
qsize=10000,65baffe3161e376e238e0d0a44d7b27b,SRR16917370,0.0002,2,21,1000,DNA,4005defa1b9c4651da365fab340c2350,0.000022236305215525388,0.0002,3.5,3.5,2.5,0.666589657745114,0.6037657999895449,0.6351777288673295,0.666589657745114,7,2387214
qsize=10000,65baffe3161e376e238e0d0a44d7b27b,ERR4819957,0.0001,1,21,1000,DNA,d92b2ae4da6ef6dac35d8a43e1da4f62,0.000036798528058877646,0.0001,1.0,1.0,0.0,0.6449466771037624,0.6285459698846688,0.6367463234942157,0.6449466771037624,1,239561
qsize=5000,6424f418433b237c8a9c44a818715253,SRR13639655,0.0012,6,21,1000,DNA,196a9b7fb77f1db8a31c19b34ae41835,2.934860765313859e-6,0.0012,1.1666666666666667,1.0,0.37267799624996495,0.7259611712781008,0.5452584015256537,0.6356097864018773,0.7259611712781008,7,19217220
qsize=10000,65baffe3161e376e238e0d0a44d7b27b,SRR13639655,0.0013,13,21,1000,DNA,196a9b7fb77f1db8a31c19b34ae41835,6.343372615074879e-6,0.0013,7.3076923076923075,1.0,20.99224990831182,0.7287334941087928,0.5657081898653599,0.6472208419870764,0.7287334941087928,95,19217220
qsize=10000,65baffe3161e376e238e0d0a44d7b27b,SRR4788214,0.0001,1,21,1000,DNA,2bbdc8754a52efd803631fd69787bc7a,0.000014787649355258487,0.0001,1.0,1.0,0.0,0.6449466771037624,0.5933408385204593,0.6191437578121108,0.6449466771037624,1,432755
qsize=10000,65baffe3161e376e238e0d0a44d7b27b,SRR7501672,0.0001,1,21,1000,DNA,12d7b90dde2b5a89dd8a179f1c383c3d,0.00001526904049349539,0.0001,1.0,1.0,0.0,0.6449466771037624,0.5944069723952516,0.619676824749507,0.6449466771037624,1,428388
qsize=5000,6424f418433b237c8a9c44a818715253,SRR18551680,0.0002,1,21,1000,DNA,f647de2775e17455eb6316356849d260,0.00001341021858656296,0.0002,1.0,1.0,0.0,0.666589657745114,0.5880417735617705,0.6273157156534422,0.666589657745114,1,1211682
qsize=10000,65baffe3161e376e238e0d0a44d7b27b,SRR18551680,0.0001,1,21,1000,DNA,f647de2775e17455eb6316356849d260,0.000012567550584391101,0.0001,25.0,25.0,0.0,0.6449466771037624,0.5880417735617705,0.6164942253327664,0.6449466771037624,25,1211682
qsize=5000,6424f418433b237c8a9c44a818715253,ERR14800285,0.0002,1,21,1000,DNA,2864e6d558e7b05985547d9c0fbe6e9b,0.00004208931352329643,0.0002,1.0,1.0,0.0,0.666589657745114,0.6259111990463668,0.6462504283957404,0.666589657745114,1,298303
qsize=5000,6424f418433b237c8a9c44a818715253,SRR31220714,0.0004,2,21,1000,DNA,8e1a072d8e311d3d00f5d78eaf85dfa6,1.183633660647495e-6,0.0004,5.5,5.5,1.5,0.6889589288344534,0.5221959687109989,0.6055774487727261,0.6889589288344534,11,4926635
qsize=10000,65baffe3161e376e238e0d0a44d7b27b,SRR31220714,0.0009,9,21,1000,DNA,8e1a072d8e311d3d00f5d78eaf85dfa6,5.310658787222555e-6,0.0009,4.666666666666667,3.0,6.599663291074444,0.7160839323187163,0.5609690135014616,0.6385264729100889,0.7160839323187163,42,4926635
qsize=10000,65baffe3161e376e238e0d0a44d7b27b,SRR8503498,0.0002,2,21,1000,DNA,e1186ad6a4ad88991c258320a00ba240,7.1108582805944675e-6,0.0002,1.0,1.0,0.0,0.666589657745114,0.5696419364353226,0.6181157970902182,0.666589657745114,2,2382346
qsize=10000,65baffe3161e376e238e0d0a44d7b27b,ERR3452474,0.0002,2,21,1000,DNA,0bc416b1a8a92f5d66905b8cbaa13801,3.961949437601277e-6,0.0002,110.5,110.5,109.5,0.666589657745114,0.5535683809916399,0.6100790193683769,0.666589657745114,221,4867222
qsize=10000,65baffe3161e376e238e0d0a44d7b27b,SRR23309698,0.0001,1,21,1000,DNA,70660426a2bde185831de288ca09cae4,0.000028271748042181448,0.0001,1.0,1.0,0.0,0.6449466771037624,0.6169767857781663,0.6309617314409643,0.6449466771037624,1,294292
qsize=5000,6424f418433b237c8a9c44a818715253,ERR14980405,0.0008,4,21,1000,DNA,9fa3997a0c53108d5e14eba7c2ab3b71,3.0040359222615583e-6,0.0008,3.75,1.0,4.763139720814412,0.7120788630690342,0.5458977671571289,0.6289883151130815,0.7120788630690342,15,15321694
qsize=10000,65baffe3161e376e238e0d0a44d7b27b,ERR14980405,0.0007,7,21,1000,DNA,9fa3997a0c53108d5e14eba7c2ab3b71,5.2374079619075835e-6,0.0007,4.428571428571429,1.0,7.997448572730517,0.7075653765539904,0.5606406173325443,0.6341029969432674,0.7075653765539904,31,15321694
qsize=5000,6424f418433b237c8a9c44a818715253,SRR32820489,0.0002,1,21,1000,DNA,331a391e8f6a783d5f4587982984871f,2.010284616095947e-6,0.0002,1.0,1.0,0.0,0.666589657745114,0.5357170023966111,0.6011533300708626,0.666589657745114,1,6001719
qsize=10000,65baffe3161e376e238e0d0a44d7b27b,SRR32820489,0.0003,3,21,1000,DNA,331a391e8f6a783d5f4587982984871f,5.970862192500597e-6,0.0003,5.666666666666667,5.0,2.494438257849294,0.6795851327658305,0.5644890083526098,0.6220370705592202,0.6795851327658305,17,6001719
qsize=10000,65baffe3161e376e238e0d0a44d7b27b,SRR10852246,0.0001,1,21,1000,DNA,5a7ddf83238d7ad6d9b985e7ad05545a,0.000011649444903950327,0.0001,1.0,1.0,0.0,0.6449466771037624,0.5856300374532797,0.615288357278521,0.6449466771037624,1,370594
qsize=10000,65baffe3161e376e238e0d0a44d7b27b,SRR26893936,0.0001,1,21,1000,DNA,21f6f93ad5f3ce4bf942586e97ba9977,5.0706339306540105e-6,0.0001,313.0,313.0,0.0,0.6449466771037624,0.5609655095681926,0.6029560933359774,0.6449466771037624,313,4248532
qsize=10000,65baffe3161e376e238e0d0a44d7b27b,ERR1681581,0.0001,1,21,1000,DNA,0d9c187c288c244af78a1c041d38e1d2,0.00003391785096496286,0.0001,1.0,1.0,0.0,0.6449466771037624,0.6247835886434303,0.6348651328735964,0.6449466771037624,1,143556
qsize=10000,65baffe3161e376e238e0d0a44d7b27b,DRR075933,0.0001,1,21,1000,DNA,a9f5c47feda4bc2c0137cb2974bf2081,0.000014416076808857237,0.0001,2.0,2.0,0.0,0.6449466771037624,0.592499488920439,0.6187230830121007,0.6449466771037624,2,663156
qsize=5000,6424f418433b237c8a9c44a818715253,SRR22401098,0.0002,1,21,1000,DNA,17e128b51c0f356459a07cfc8b32f59f,3.5542286435286384e-6,0.0002,1.0,1.0,0.0,0.666589657745114,0.5506586090650031,0.6086241334050586,0.666589657745114,1,1349544
qsize=10000,65baffe3161e376e238e0d0a44d7b27b,SRR22401098,0.0001,1,21,1000,DNA,17e128b51c0f356459a07cfc8b32f59f,3.492168811440345e-6,0.0001,1.0,1.0,0.0,0.6449466771037624,0.5506586090650031,0.5978026430843828,0.6449466771037624,1,1349544
qsize=5000,6424f418433b237c8a9c44a818715253,SRR4006774,0.0002,1,21,1000,DNA,e6370826cea8456a870ea91f2356d31b,5.177189303926898e-6,0.0002,1.0,1.0,0.0,0.666589657745114,0.560831595922312,0.613710626833713,0.666589657745114,1,340926
qsize=10000,65baffe3161e376e238e0d0a44d7b27b,SRR4006774,0.0001,1,21,1000,DNA,e6370826cea8456a870ea91f2356d31b,5.046554464939063e-6,0.0001,1.0,1.0,0.0,0.6449466771037624,0.560831595922312,0.6028891365130372,0.6449466771037624,1,340926
qsize=1000,06e3ed33658503f35a60705dda70ec6b,SRR1800210,0.001,1,21,1000,DNA,f16f05433e0cd0eb79741316fe4c96cb,0.000011971173414418082,0.001,1.0,1.0,0.0,0.719685673001152,0.5832763580771985,0.6514810155391753,0.719685673001152,1,972725
qsize=10000,65baffe3161e376e238e0d0a44d7b27b,SRR1800210,0.0001,1,21,1000,DNA,f16f05433e0cd0eb79741316fe4c96cb,0.00001080683856744548,0.0001,13.0,13.0,0.0,0.6449466771037624,0.5832763580771985,0.6141115175904804,0.6449466771037624,13,972725
qsize=5000,6424f418433b237c8a9c44a818715253,SRR5500902,0.0012,6,21,1000,DNA,b1c833b88a123d553467e9b7236a4964,4.719730597777479e-6,0.0012,1.5,1.0,1.1180339887498947,0.7259611712781008,0.5577741868966267,0.6418676790873638,0.7259611712781008,9,3886842
qsize=10000,65baffe3161e376e238e0d0a44d7b27b,SRR5500902,0.0007,7,21,1000,DNA,b1c833b88a123d553467e9b7236a4964,5.484784424465899e-6,0.0007,1.5714285714285714,1.0,0.9035079029052513,0.7075653765539904,0.5618835972204249,0.6347244868872077,0.7075653765539904,11,3886842
qsize=5000,6424f418433b237c8a9c44a818715253,SRR1765527,0.0002,1,21,1000,DNA,0daaacb0d725410d5ad489da2254520c,7.629045301270999e-6,0.0002,6.0,6.0,0.0,0.666589657745114,0.5716263627418537,0.6191080102434838,0.666589657745114,6,463167
qsize=10000,65baffe3161e376e238e0d0a44d7b27b,SRR1765527,0.0001,1,21,1000,DNA,0daaacb0d725410d5ad489da2254520c,7.348726465703493e-6,0.0001,7.0,7.0,0.0,0.6449466771037624,0.5716263627418537,0.608286519922808,0.6449466771037624,7,463167
qsize=1000,06e3ed33658503f35a60705dda70ec6b,ERR7125435,0.001,1,21,1000,DNA,8ebe16d7b7025adbdb4e6af8efe4c9e5,2.9548644455935583e-6,0.001,1.0,1.0,0.0,0.719685673001152,0.5454480615705374,0.6325668672858447,0.719685673001152,1,695080
qsize=5000,6424f418433b237c8a9c44a818715253,ERR7125435,0.0004,2,21,1000,DNA,8ebe16d7b7025adbdb4e6af8efe4c9e5,5.840712099619186e-6,0.0004,1.0,1.0,0.0,0.6889589288344534,0.5637520892623255,0.6263555090483894,0.6889589288344534,2,695080
qsize=10000,65baffe3161e376e238e0d0a44d7b27b,ERR7125435,0.0001,1,21,1000,DNA,8ebe16d7b7025adbdb4e6af8efe4c9e5,2.878319061667986e-6,0.0001,1.0,1.0,0.0,0.6449466771037624,0.5454480615705374,0.59519736933715,0.6449466771037624,1,695080
qsize=1000,06e3ed33658503f35a60705dda70ec6b,SRR5864994,0.001,1,21,1000,DNA,1c1d74fa1198d2bdaa55a650ae9bdc2f,1.730885399808564e-6,0.001,2.0,2.0,0.0,0.719685673001152,0.5317011695022221,0.6256934212516871,0.719685673001152,2,1809933
qsize=5000,6424f418433b237c8a9c44a818715253,SRR5864994,0.0002,1,21,1000,DNA,1c1d74fa1198d2bdaa55a650ae9bdc2f,1.7189839429709888e-6,0.0002,2.0,2.0,0.0,0.666589657745114,0.5317011695022221,0.599145413623668,0.666589657745114,2,1809933
qsize=10000,65baffe3161e376e238e0d0a44d7b27b,SRR5864994,0.0002,2,21,1000,DNA,1c1d74fa1198d2bdaa55a650ae9bdc2f,3.4086764450231618e-6,0.0002,1.5,1.5,0.5,0.666589657745114,0.5495438819729606,0.6080667698590373,0.666589657745114,3,1809933
qsize=100,36c3fdb0e95a270b636308b47d19df42,ERR11840782,0.01,1,21,1000,DNA,5d286e6f6738cbc5dd9e7c8023d534d0,2.4158032183330473e-6,0.01,1.0,1.0,0.0,0.8030857221391514,0.5401715258475481,0.6716286239933498,0.8030857221391514,1,2527980
qsize=1000,06e3ed33658503f35a60705dda70ec6b,ERR11840782,0.001,1,21,1000,DNA,5d286e6f6738cbc5dd9e7c8023d534d0,2.410562118980525e-6,0.001,1.0,1.0,0.0,0.719685673001152,0.5401715258475481,0.6299285994243501,0.719685673001152,1,2527980
qsize=10000,65baffe3161e376e238e0d0a44d7b27b,ERR11840782,0.0002,2,21,1000,DNA,5d286e6f6738cbc5dd9e7c8023d534d0,4.718761796904493e-6,0.0002,1.0,1.0,0.0,0.666589657745114,0.5582984846985153,0.6124440712218147,0.666589657745114,2,2527980
qsize=5000,6424f418433b237c8a9c44a818715253,SRR6053295,0.0002,1,21,1000,DNA,61acff3588225166aa0d8b6595220359,7.438373079040152e-6,0.0002,1.0,1.0,0.0,0.666589657745114,0.5709108887864304,0.6187502732657721,0.666589657745114,1,1178056
qsize=10000,65baffe3161e376e238e0d0a44d7b27b,SRR6053295,0.0002,2,21,1000,DNA,61acff3588225166aa0d8b6595220359,0.000014343395225083729,0.0002,1.5,1.5,0.5,0.666589657745114,0.5900693925086747,0.6283295251268943,0.666589657745114,3,1178056
qsize=10000,65baffe3161e376e238e0d0a44d7b27b,SRR29873200,0.0002,2,21,1000,DNA,7c20bf433de056759558f7bc2c03627d,7.0839339919030636e-6,0.0002,22.5,22.5,19.5,0.666589657745114,0.5695352580593354,0.6180624579022247,0.666589657745114,45,2386523
qsize=5000,6424f418433b237c8a9c44a818715253,SRR15803472,0.0014,7,21,1000,DNA,c94c4bfbceb519053863345b981bfcc2,4.324612854479249e-6,0.0014,1.1428571428571428,1.0,0.3499271061118826,0.7313097019236751,0.5554344438898502,0.6433720729067627,0.7313097019236751,8,3069980
qsize=10000,65baffe3161e376e238e0d0a44d7b27b,SRR15803472,0.0006,6,21,1000,DNA,c94c4bfbceb519053863345b981bfcc2,3.6953936302499994e-6,0.0006,1.0,1.0,0.0,0.7023905031859884,0.5513722003055822,0.6268813517457853,0.7023905031859884,6,3069980
qsize=5000,6424f418433b237c8a9c44a818715253,SRR20036337,0.0002,1,21,1000,DNA,2a396710d4fe9e5817b80c85cb5fafae,0.000010322154440074733,0.0002,19.0,19.0,0.0,0.666589657745114,0.5803047741392834,0.6234472159421987,0.666589657745114,19,2505823
qsize=10000,65baffe3161e376e238e0d0a44d7b27b,SRR5085213,0.0002,2,21,1000,DNA,694dc42118e14c5f54bb92846afd1a50,0.00001277889948117668,0.0002,1.5,1.5,0.5,0.666589657745114,0.5865986811928121,0.6265941694689631,0.666589657745114,3,908323
qsize=5000,6424f418433b237c8a9c44a818715253,ERR11570853,0.0004,2,21,1000,DNA,bc5c869f4d243ae6d403bae651444e84,2.7953144938454165e-6,0.0004,2.0,2.0,1.0,0.6889589288344534,0.5441132347833413,0.6165360818088974,0.6889589288344534,4,8214825
qsize=10000,65baffe3161e376e238e0d0a44d7b27b,ERR11570853,0.0003,3,21,1000,DNA,bc5c869f4d243ae6d403bae651444e84,4.163879180881688e-6,0.0003,14.0,4.0,14.854853303438128,0.6795851327658305,0.5547209750459001,0.6171530539058654,0.6795851327658305,42,8214825
qsize=10000,65baffe3161e376e238e0d0a44d7b27b,ERR742710,0.0001,1,21,1000,DNA,c86eace50fc67eb77d76c01ae0d7f891,0.00001464386129334583,0.0001,1.0,1.0,0.0,0.6449466771037624,0.5930172199642199,0.6189819485339911,0.6449466771037624,1,439906
qsize=1000,06e3ed33658503f35a60705dda70ec6b,ERR4398772,0.002,2,21,1000,DNA,4bfe52dbee601ca04f8bd697df974469,9.19583777990406e-7,0.002,22.5,22.5,21.5,0.7438367286489914,0.5158951662479639,0.6298659474484777,0.7438367286489914,45,14183052
qsize=5000,6424f418433b237c8a9c44a818715253,ERR4398772,0.0012,6,21,1000,DNA,4bfe52dbee601ca04f8bd697df974469,2.753691897674645e-6,0.0012,4.5,3.0,3.7749172176353745,0.7259611712781008,0.5436025914921758,0.6347818813851382,0.7259611712781008,27,14183052
qsize=10000,65baffe3161e376e238e0d0a44d7b27b,ERR4398772,0.0006,6,21,1000,DNA,4bfe52dbee601ca04f8bd697df974469,2.7473873491054737e-6,0.0006,2.0,1.5,1.1547005383792515,0.7023905031859884,0.5436025914921758,0.6229965473390822,0.7023905031859884,12,14183052
qsize=5000,6424f418433b237c8a9c44a818715253,ERR14656761,0.0002,1,21,1000,DNA,7abf4232be678b08e3f917762b79b532,3.2246726151127508e-6,0.0002,4.0,4.0,0.0,0.666589657745114,0.5480692138064132,0.6073294357757636,0.666589657745114,4,3090973
qsize=10000,65baffe3161e376e238e0d0a44d7b27b,ERR14656761,0.0001,1,21,1000,DNA,7abf4232be678b08e3f917762b79b532,3.1735050411127576e-6,0.0001,1.0,1.0,0.0,0.6449466771037624,0.5480692138064132,0.5965079454550878,0.6449466771037624,1,3090973
qsize=5000,6424f418433b237c8a9c44a818715253,SRR25556622,0.0006,3,21,1000,DNA,3985b7a3b135b80ac333c832e9bffff3,2.6702388528653888e-6,0.0006,1.3333333333333333,1.0,0.4714045207910317,0.7023905031859884,0.5428624614782027,0.6226264823320955,0.7023905031859884,4,2313653
qsize=10000,65baffe3161e376e238e0d0a44d7b27b,SRR25556622,0.0006,6,21,1000,DNA,3985b7a3b135b80ac333c832e9bffff3,5.316829893344392e-6,0.0006,1.3333333333333333,1.0,0.4714045207910317,0.7023905031859884,0.5610797221631493,0.6317351126745688,0.7023905031859884,8,2313653
qsize=100,36c3fdb0e95a270b636308b47d19df42,ERR2597329,0.01,1,21,1000,DNA,bad47ac8ffe249ac699888a85880e284,3.9866304361692625e-7,0.01,5.0,5.0,0.0,0.8030857221391514,0.4957557585848129,0.6494207403619822,0.8030857221391514,5,6803605
qsize=1000,06e3ed33658503f35a60705dda70ec6b,ERR2597329,0.001,1,21,1000,DNA,bad47ac8ffe249ac699888a85880e284,3.9852005592033426e-7,0.001,1.0,1.0,0.0,0.719685673001152,0.4957557585848129,0.6077207157929825,0.719685673001152,1,6803605
qsize=5000,6424f418433b237c8a9c44a818715253,ERR2597329,0.001,5,21,1000,DNA,bad47ac8ffe249ac699888a85880e284,1.98943213649096e-6,0.001,24.6,6.0,40.252204908551285,0.719685673001152,0.535244303021776,0.627464988011464,0.719685673001152,123,6803605
qsize=10000,65baffe3161e376e238e0d0a44d7b27b,ERR2597329,0.001,10,21,1000,DNA,bad47ac8ffe249ac699888a85880e284,3.970972193267217e-6,0.001,1.4,1.0,0.9165151389911679,0.719685673001152,0.5532059151983285,0.6364457940997403,0.719685673001152,14,6803605
qsize=5000,6424f418433b237c8a9c44a818715253,ERR10300000,0.0002,1,21,1000,DNA,277dd52c0955db062d8b52e1eaa931ff,4.576302987868221e-6,0.0002,1.0,1.0,0.0,0.666589657745114,0.5574647424621372,0.6120272001036255,0.666589657745114,1,2405218
qsize=10000,65baffe3161e376e238e0d0a44d7b27b,ERR10300000,0.0001,1,21,1000,DNA,277dd52c0955db062d8b52e1eaa931ff,4.473932631522435e-6,0.0001,1.0,1.0,0.0,0.6449466771037624,0.5574647424621372,0.6012057097829497,0.6449466771037624,1,2405218
qsize=1000,06e3ed33658503f35a60705dda70ec6b,SRR27304298,0.001,1,21,1000,DNA,71f0043e4333d580f5bed4c64b1c13ec,1.434893157855466e-6,0.001,7.0,7.0,0.0,0.719685673001152,0.5269664652946341,0.623326069147893,0.719685673001152,7,2864991
qsize=10000,65baffe3161e376e238e0d0a44d7b27b,SRR27304298,0.0005,5,21,1000,DNA,71f0043e4333d580f5bed4c64b1c13ec,7.083035845827809e-6,0.0005,2.2,2.0,1.1661903789690602,0.6963187591769685,0.5689410431411495,0.632629901159059,0.6963187591769685,11,2864991
qsize=1000,06e3ed33658503f35a60705dda70ec6b,SRR32766572,0.001,1,21,1000,DNA,bc9f19460c7504d50961fe9ef82dcc11,2.9052800268680295e-7,0.001,2.0,2.0,0.0,0.719685673001152,0.4883478063356652,0.6040167396684086,0.719685673001152,2,6408559
qsize=5000,6424f418433b237c8a9c44a818715253,SRR32766572,0.0008,4,21,1000,DNA,bc9f19460c7504d50961fe9ef82dcc11,1.1607640845663067e-6,0.0008,1.25,1.0,0.4330127018922193,0.7120788630690342,0.5216734863455151,0.6168761747072746,0.7120788630690342,5,6408559
qsize=10000,65baffe3161e376e238e0d0a44d7b27b,SRR32766572,0.0022,22,21,1000,DNA,bc9f19460c7504d50961fe9ef82dcc11,6.37498594605371e-6,0.0022,2.1818181818181817,1.5,1.6134763044817135,0.7472203637831225,0.5657885193571096,0.656504441570116,0.7472203637831225,48,6408559
qsize=5000,6424f418433b237c8a9c44a818715253,SRR5343263,0.0002,1,21,1000,DNA,af80aa5e9c47cbe6fc1324048fa38041,0.000010213044099924423,0.0002,1.0,1.0,0.0,0.666589657745114,0.579995313303177,0.6232924855241455,0.666589657745114,1,327784
qsize=10000,65baffe3161e376e238e0d0a44d7b27b,SRR5343263,0.0001,1,21,1000,DNA,af80aa5e9c47cbe6fc1324048fa38041,9.716850962939931e-6,0.0001,1.0,1.0,0.0,0.6449466771037624,0.579995313303177,0.6124709952034697,0.6449466771037624,1,327784
qsize=5000,6424f418433b237c8a9c44a818715253,SRR13385222,0.0008,4,21,1000,DNA,81244f731a917a5bc6609b63fd8f7d91,5.639513817513792e-6,0.0008,2.5,1.0,2.598076211353316,0.7120788630690342,0.5626072340057883,0.6373430485374112,0.7120788630690342,10,8553717
qsize=10000,65baffe3161e376e238e0d0a44d7b27b,SRR13385222,0.0003,3,21,1000,DNA,81244f731a917a5bc6609b63fd8f7d91,4.2000218401135685e-6,0.0003,4.333333333333333,2.0,4.0276819911981905,0.6795851327658305,0.5549525462478051,0.6172688395068178,0.6795851327658305,13,8553717
qsize=10000,65baffe3161e376e238e0d0a44d7b27b,SRR13943450,0.0001,1,21,1000,DNA,f77b687f5c484e2a79637acc62b4ffb7,0.000013639401503062045,0.0001,1.0,1.0,0.0,0.6449466771037624,0.5906848718083373,0.6178157744560498,0.6449466771037624,1,704413
qsize=5000,6424f418433b237c8a9c44a818715253,SRR6221002,0.0002,1,21,1000,DNA,fa8c1aefadb943984d156f323bf76196,2.0705562756490157e-6,0.0002,1.0,1.0,0.0,0.666589657745114,0.5364789096420073,0.6015342836935607,0.666589657745114,1,6215151
qsize=5000,6424f418433b237c8a9c44a818715253,SRR28703452,0.0006,3,21,1000,DNA,9da2bd229e789b37ca073d3abe5f697f,3.244720029332269e-6,0.0006,1.6666666666666667,2.0,0.4714045207910317,0.7023905031859884,0.5479482718530619,0.6251693875195252,0.7023905031859884,5,1510600
qsize=10000,65baffe3161e376e238e0d0a44d7b27b,SRR28703452,0.0005,5,21,1000,DNA,9da2bd229e789b37ca073d3abe5f697f,5.378790568183163e-6,0.0005,1.8,2.0,0.4,0.6963187591769685,0.561440564770802,0.6288796619738852,0.6963187591769685,9,1510600
qsize=1000,06e3ed33658503f35a60705dda70ec6b,SRR26895098,0.001,1,21,1000,DNA,2016f495b44b147b8bd41c1c96af5d2f,2.663683341324383e-6,0.001,1.0,1.0,0.0,0.719685673001152,0.5427525784031203,0.6312191257021362,0.719685673001152,1,3136646
qsize=10000,65baffe3161e376e238e0d0a44d7b27b,SRR26895098,0.0001,1,21,1000,DNA,2016f495b44b147b8bd41c1c96af5d2f,2.6013214713074243e-6,0.0001,16.0,16.0,0.0,0.6449466771037624,0.5427525784031203,0.5938496277534413,0.6449466771037624,16,3136646
qsize=10000,65baffe3161e376e238e0d0a44d7b27b,ERR13432688,0.0001,1,21,1000,DNA,7441b7277956e7b13703df6d04564708,0.00006151574803149606,0.000159821000479463,1.0,1.0,0.0,0.6449466771037624,0.659508897887105,0.6522277874954336,0.659508897887105,1,10203
qsize=5000,6424f418433b237c8a9c44a818715253,ERR2197424,0.0002,1,21,1000,DNA,816de65fbe62ac20fd7b8bb7c46ad89c,0.000027597626604112046,0.0002,3.0,3.0,0.0,0.666589657745114,0.6108981216620298,0.638743889703572,0.666589657745114,3,273842
qsize=5000,6424f418433b237c8a9c44a818715253,ERR054299,0.0002,1,21,1000,DNA,5a4daf9f53f5e3dc6221e897a420445d,5.789214693026891e-6,0.0002,1.0,1.0,0.0,0.666589657745114,0.5639080213391707,0.6152488395421424,0.666589657745114,1,932096
qsize=10000,65baffe3161e376e238e0d0a44d7b27b,ERR054299,0.0002,2,21,1000,DNA,5a4daf9f53f5e3dc6221e897a420445d,0.000011252770994857484,0.0002,1.0,1.0,0.0,0.666589657745114,0.5828315243551929,0.6247105910501535,0.666589657745114,2,932096
qsize=100,36c3fdb0e95a270b636308b47d19df42,SRR32940902,0.01,1,21,1000,DNA,575de48a7bf4579731483bb77a5c87f7,9.319143384340112e-6,0.01,1.0,1.0,0.0,0.8030857221391514,0.5760571409374049,0.6895714315382782,0.8030857221391514,1,1079959
qsize=10000,65baffe3161e376e238e0d0a44d7b27b,SRR18762507,0.0001,1,21,1000,DNA,e9be80803715dad2dac51bc1f1adf2ec,0.000049686972075921695,0.0001,1.0,1.0,0.0,0.6449466771037624,0.6445592103360575,0.64475294371991,0.6449466771037624,1,307681
qsize=5000,6424f418433b237c8a9c44a818715253,ERR10376282,0.0002,1,21,1000,DNA,7193b1a589bc9a6506656f21b50a2667,0.000037268932617769825,0.0002,1.0,1.0,0.0,0.666589657745114,0.6214061565309908,0.6439979071380524,0.666589657745114,1,301629
qsize=10000,65baffe3161e376e238e0d0a44d7b27b,SRR30560518,0.0001,1,21,1000,DNA,995d9f2ce8ec2929b8f03f4e5b3109ec,0.000018384380630216567,0.0001,1.0,1.0,0.0,0.6449466771037624,0.6007563611811945,0.6228515191424784,0.6449466771037624,1,46605
qsize=10000,65baffe3161e376e238e0d0a44d7b27b,SRR21063336,0.0001,1,21,1000,DNA,26566a224b207d4a418e938805b5633f,0.00003137648646104609,0.0001,6.0,6.0,0.0,0.6449466771037624,0.6213533483271514,0.6331500127154569,0.6449466771037624,6,161116
qsize=100,36c3fdb0e95a270b636308b47d19df42,SRR540393,0.01,1,21,1000,DNA,0cfe6466c8708f57b741c27d5bc9d0e2,8.902262064790664e-6,0.01,1.0,1.0,0.0,0.8030857221391514,0.5748019757805156,0.6889438489598335,0.8030857221391514,1,199445
qsize=10000,65baffe3161e376e238e0d0a44d7b27b,SRR540393,0.0001,1,21,1000,DNA,0cfe6466c8708f57b741c27d5bc9d0e2,8.181230620709968e-6,0.0001,1.0,1.0,0.0,0.6449466771037624,0.5748019757805156,0.609874326442139,0.6449466771037624,1,199445
qsize=10000,65baffe3161e376e238e0d0a44d7b27b,SRR33416468,0.0001,1,21,1000,DNA,7141d961bfb2368ae456075eee664de8,0.00002782802281897871,0.0001,1.0,1.0,0.0,0.6449466771037624,0.6163311854902527,0.6306389312970075,0.6449466771037624,1,331432
qsize=5000,6424f418433b237c8a9c44a818715253,SRR650258,0.0002,1,21,1000,DNA,e32f9eb9a6748e22b996e106f8f286dc,3.851575679610529e-6,0.0002,1.0,1.0,0.0,0.666589657745114,0.5528092847725985,0.6096994712588563,0.666589657745114,1,1141137
qsize=10000,65baffe3161e376e238e0d0a44d7b27b,SRR650258,0.0002,2,21,1000,DNA,e32f9eb9a6748e22b996e106f8f286dc,7.557636424784513e-6,0.0002,1.0,1.0,0.0,0.666589657745114,0.5713603387952676,0.6189749982701909,0.666589657745114,2,1141137
qsize=10000,65baffe3161e376e238e0d0a44d7b27b,SRR34910897,0.0001,1,21,1000,DNA,c39f6fa87e32e1e04ebd8db57acb8e73,0.00002034794994404314,0.0001,71.0,71.0,0.0,0.6449466771037624,0.6043668019448266,0.6246567395242946,0.6449466771037624,71,381303
qsize=1000,06e3ed33658503f35a60705dda70ec6b,SRR28887121,0.001,1,21,1000,DNA,b4e8f04747d7289bc193f5535b35f2ad,6.305365045956653e-7,0.001,1.0,1.0,0.0,0.719685673001152,0.5067119393337858,0.6131988061674689,0.719685673001152,1,3731685
qsize=5000,6424f418433b237c8a9c44a818715253,SRR28887121,0.0006,3,21,1000,DNA,b4e8f04747d7289bc193f5535b35f2ad,1.8868529745293716e-6,0.0006,1.3333333333333333,1.0,0.4714045207910317,0.7023905031859884,0.5339261566747802,0.6181583299303843,0.7023905031859884,4,3731685
qsize=10000,65baffe3161e376e238e0d0a44d7b27b,SRR28887121,0.0003,3,21,1000,DNA,b4e8f04747d7289bc193f5535b35f2ad,1.8809378857881976e-6,0.0003,2.0,2.0,0.816496580927726,0.6795851327658305,0.5339261566747802,0.6067556447203053,0.6795851327658305,6,3731685
qsize=5000,6424f418433b237c8a9c44a818715253,SRR22554227,0.0004,2,21,1000,DNA,ed209be4c0f2bdc527e2641c0ecdca28,3.4041857868435028e-6,0.0004,1.0,1.0,0.0,0.6889589288344534,0.5492832595109481,0.6191210941727008,0.6889589288344534,2,1776589
qsize=10000,65baffe3161e376e238e0d0a44d7b27b,SRR22554227,0.0002,2,21,1000,DNA,ed209be4c0f2bdc527e2641c0ecdca28,3.375459062432491e-6,0.0002,2.0,2.0,1.0,0.666589657745114,0.5492832595109481,0.6079364586280311,0.666589657745114,4,1776589
qsize=10000,65baffe3161e376e238e0d0a44d7b27b,DRR317776,0.0001,1,21,1000,DNA,131b228b374125254403883a8891b46b,5.1101231539680105e-6,0.0001,2.0,2.0,0.0,0.6449466771037624,0.5611838928539667,0.6030652849788646,0.6449466771037624,2,549299
qsize=5000,6424f418433b237c8a9c44a818715253,SRR1967167,0.0002,1,21,1000,DNA,0aec96006885f6fdf1be0f7f3fd127c5,0.00002497939200159868,0.0002,1.0,1.0,0.0,0.666589657745114,0.6075691687266804,0.6370794132358972,0.666589657745114,1,219213
qsize=5000,6424f418433b237c8a9c44a818715253,ERR2650118,0.0002,1,21,1000,DNA,d1f40add21ac7952edb880e80a7e8925,0.00002712085050987199,0.0002,1.0,1.0,0.0,0.666589657745114,0.6103111276917929,0.6384503927184535,0.666589657745114,1,299841
qsize=10000,65baffe3161e376e238e0d0a44d7b27b,ERR4024452,0.0001,1,21,1000,DNA,cf569901766a97a6ecb74e35337af1d0,0.000037404151860856555,0.0001,1.0,1.0,0.0,0.6449466771037624,0.6293231823577243,0.6371349297307434,0.6449466771037624,1,230364
qsize=10000,65baffe3161e376e238e0d0a44d7b27b,ERR11846070,0.0003,3,21,1000,DNA,edbc9df64d04cd23dfe068478bd2da1e,9.150051697792093e-6,0.0003,10.333333333333334,6.0,7.586537784494029,0.6795851327658305,0.5763790366449592,0.6279820847053948,0.6795851327658305,31,996657
qsize=1000,06e3ed33658503f35a60705dda70ec6b,SRR30067331,0.002,2,21,1000,DNA,5406a59413e306be82e84aa53ef280fd,1.6295655333853164e-6,0.002,1.0,1.0,0.0,0.7438367286489914,0.5301529670103569,0.6369948478296741,0.7438367286489914,2,8195081
qsize=5000,6424f418433b237c8a9c44a818715253,SRR30067331,0.0008,4,21,1000,DNA,5406a59413e306be82e84aa53ef280fd,3.2485489138070638e-6,0.0008,1.0,1.0,0.0,0.7120788630690342,0.5479437252378223,0.6300112941534283,0.7120788630690342,4,8195081
qsize=10000,65baffe3161e376e238e0d0a44d7b27b,SRR30067331,0.0007,7,21,1000,DNA,5406a59413e306be82e84aa53ef280fd,5.661982858751322e-6,0.0007,8.714285714285714,7.0,8.597579156189187,0.7075653765539904,0.5627418298129873,0.6351536031834888,0.7075653765539904,61,8195081
qsize=10000,65baffe3161e376e238e0d0a44d7b27b,SRR13325184,0.0004,4,21,1000,DNA,af54f05e971b49eaf995c2238fcfb37b,3.8036914825838474e-6,0.0004,5.25,5.0,2.8613807855648994,0.6889589288344534,0.5522199042531378,0.6205894165437956,0.6889589288344534,21,5474195
qsize=5000,6424f418433b237c8a9c44a818715253,SRR331155,0.0002,1,21,1000,DNA,a5295a2414cdae12703a6ad2e42abbd7,0.000014702855294498192,0.0002,1.0,1.0,0.0,0.666589657745114,0.5908198124599818,0.6287047351025479,0.666589657745114,1,650681
qsize=10000,65baffe3161e376e238e0d0a44d7b27b,SRR331155,0.0001,1,21,1000,DNA,a5295a2414cdae12703a6ad2e42abbd7,0.000013696003506176898,0.0001,75.0,75.0,0.0,0.6449466771037624,0.5908198124599818,0.6178832447818721,0.6449466771037624,75,650681
qsize=10000,65baffe3161e376e238e0d0a44d7b27b,SRR13621911,0.0004,4,21,1000,DNA,e1f5dd6f8c9ef54a8a909317570e8c56,0.000011410477671121508,0.0004,4.5,4.5,3.0413812651491097,0.6889589288344534,0.5824139811250771,0.6356864549797653,0.6889589288344534,18,1434675
qsize=1000,06e3ed33658503f35a60705dda70ec6b,ERR9872313,0.001,1,21,1000,DNA,ccadaad72a7210b9a724e8661a407b03,0.00002725835468571117,0.001,1.0,1.0,0.0,0.719685673001152,0.6070351055762581,0.663360389288705,0.719685673001152,1,624202
qsize=10000,65baffe3161e376e238e0d0a44d7b27b,ERR9872313,0.0001,1,21,1000,DNA,ccadaad72a7210b9a724e8661a407b03,0.000021888543536313093,0.0001,1.0,1.0,0.0,0.6449466771037624,0.6070351055762581,0.6259908913400103,0.6449466771037624,1,624202
qsize=10000,65baffe3161e376e238e0d0a44d7b27b,SRR25220509,0.0001,1,21,1000,DNA,3fd1fa9f88ffadfdff95af17cf6b95cd,0.00006368209896198179,0.0001753155680224404,1.0,1.0,0.0,0.6449466771037624,0.6624213306340297,0.653684003868896,0.6624213306340297,1,49651
qsize=10000,65baffe3161e376e238e0d0a44d7b27b,ERR2434522,0.0003,3,21,1000,DNA,538b643c08816bf06f748ff35a864a8f,5.396091071627713e-6,0.0003,1.6666666666666667,1.0,0.9428090415820634,0.6795851327658305,0.5617225870365451,0.6206538599011878,0.6795851327658305,5,4380043
qsize=5000,6424f418433b237c8a9c44a818715253,SRR32519370,0.0002,1,21,1000,DNA,06f1308b1d0900f4de3dde8f5ae7d7c1,1.173408681816155e-6,0.0002,3.0,3.0,0.0,0.666589657745114,0.5220528741499797,0.5943212659475469,0.666589657745114,3,9237230
qsize=10000,65baffe3161e376e238e0d0a44d7b27b,SRR32519370,0.0001,1,21,1000,DNA,06f1308b1d0900f4de3dde8f5ae7d7c1,1.1665643978544548e-6,0.0001,75.0,75.0,0.0,0.6449466771037624,0.5220528741499797,0.583499775626871,0.6449466771037624,75,9237230
qsize=5000,6424f418433b237c8a9c44a818715253,ERR2789333,0.0002,1,21,1000,DNA,e1593f376f0d11a925ad0d2be659d715,8.354428264701705e-6,0.0002,1.0,1.0,0.0,0.666589657745114,0.5742073790922934,0.6203985184187037,0.666589657745114,1,3746949
qsize=10000,65baffe3161e376e238e0d0a44d7b27b,ERR2789333,0.0001,1,21,1000,DNA,e1593f376f0d11a925ad0d2be659d715,8.019439120427917e-6,0.0001,1.0,1.0,0.0,0.6449466771037624,0.5742073790922934,0.6095770280980279,0.6449466771037624,1,3746949
qsize=5000,6424f418433b237c8a9c44a818715253,SRR19580890,0.0002,1,21,1000,DNA,47a324c5d6d8058e770cfe133788025e,0.0001774622892635315,0.0015723270440251573,4.0,4.0,0.0,0.666589657745114,0.7353634532466817,0.7009765554958979,0.7353634532466817,4,4579
qsize=10000,65baffe3161e376e238e0d0a44d7b27b,SRR23919905,0.0001,1,21,1000,DNA,f1b77fb90db68b901ee4d08fd391e993,0.000024484599187111306,0.0001,9.0,9.0,0.0,0.6449466771037624,0.6112665593606333,0.6281066182321979,0.6449466771037624,9,349871
qsize=5000,6424f418433b237c8a9c44a818715253,SRR16636562,0.0002,1,21,1000,DNA,b47e980d2524ee485b18b41e467ccd55,0.000021053518042864963,0.0002,1.0,1.0,0.0,0.666589657745114,0.6020062689142242,0.634297963329669,0.666589657745114,1,741357
qsize=100,36c3fdb0e95a270b636308b47d19df42,SRR8674950,0.01,1,21,1000,DNA,718d7f92dc62ecfe7b6aba3b7a93a822,6.016716846085163e-7,0.01,1.0,1.0,0.0,0.8030857221391514,0.5055687936842133,0.6543272579116823,0.8030857221391514,1,4220310
qsize=1000,06e3ed33658503f35a60705dda70ec6b,SRR8674950,0.002,2,21,1000,DNA,718d7f92dc62ecfe7b6aba3b7a93a822,1.2026928292446789e-6,0.002,2.5,2.5,1.5,0.7438367286489914,0.5225345615577929,0.6331856451033921,0.7438367286489914,5,4220310
qsize=5000,6424f418433b237c8a9c44a818715253,SRR8674950,0.0004,2,21,1000,DNA,718d7f92dc62ecfe7b6aba3b7a93a822,1.1998068311001928e-6,0.0004,1.0,1.0,0.0,0.6889589288344534,0.5225345615577929,0.6057467451961231,0.6889589288344534,2,4220310
qsize=10000,65baffe3161e376e238e0d0a44d7b27b,SRR8674950,0.0006,6,21,1000,DNA,718d7f92dc62ecfe7b6aba3b7a93a822,3.588664843226186e-6,0.0006,1.8333333333333333,2.0,0.6871842709362768,0.7023905031859884,0.5505985719403224,0.6264945375631554,0.7023905031859884,11,4220310
qsize=10000,65baffe3161e376e238e0d0a44d7b27b,ERR908999,0.0001,1,21,1000,DNA,c23e7a4687498d1f12d0277fce3a5ca3,0.00001445525376197979,0.0001,1.0,1.0,0.0,0.6449466771037624,0.5925889832378365,0.6187678301707995,0.6449466771037624,1,464876
qsize=5000,6424f418433b237c8a9c44a818715253,SRR13359658,0.0002,1,21,1000,DNA,32b5fc2d2a5d92dc9d1c866428e952e9,5.118545514106712e-6,0.0002,1.0,1.0,0.0,0.666589657745114,0.5605194094611284,0.6135545336031212,0.666589657745114,1,3914179
qsize=10000,65baffe3161e376e238e0d0a44d7b27b,SRR13359658,0.0001,1,21,1000,DNA,32b5fc2d2a5d92dc9d1c866428e952e9,4.990816896909686e-6,0.0001,202.0,202.0,0.0,0.6449466771037624,0.5605194094611284,0.6027330432824454,0.6449466771037624,202,3914179
qsize=10000,65baffe3161e376e238e0d0a44d7b27b,SRR072305,0.0002,2,21,1000,DNA,060df53f168f733b2ef55cdf91479cbd,0.000030255355197870022,0.0002,1.0,1.0,0.0,0.666589657745114,0.6140326455061523,0.6403111516256332,0.666589657745114,2,171578
qsize=5000,6424f418433b237c8a9c44a818715253,SRR15033940,0.0004,2,21,1000,DNA,54f1a80c741d23a5665a2230ca0cf6ee,2.9604761629860548e-6,0.0004,3.0,3.0,0.0,0.6889589288344534,0.5456134561528215,0.6172861924936375,0.6889589288344534,6,11080651
qsize=10000,65baffe3161e376e238e0d0a44d7b27b,SRR15033940,0.0007,7,21,1000,DNA,54f1a80c741d23a5665a2230ca0cf6ee,0.00001028561688721968,0.0007,125.0,1.0,303.7367281051141,0.7075653765539904,0.5791526857191553,0.6433590311365729,0.7075653765539904,875,11080651
qsize=10000,65baffe3161e376e238e0d0a44d7b27b,SRR4875290,0.0004,4,21,1000,DNA,043812bdf1cb606d0358dd0b55e966db,7.074387181210428e-6,0.0004,3.0,1.5,2.9154759474226504,0.6889589288344534,0.5690048510998469,0.6289818899671502,0.6889589288344534,12,1145496
qsize=5000,6424f418433b237c8a9c44a818715253,SRR33148727,0.0018,9,21,1000,DNA,7085360215ab0457bde67f4a6c3f5bdd,2.2239420707569408e-6,0.0018,1.2222222222222223,1.0,0.41573970964154905,0.7401141215342868,0.5380726586435587,0.6390933900889227,0.7401141215342868,11,5172033
qsize=10000,65baffe3161e376e238e0d0a44d7b27b,SRR33148727,0.0022,22,21,1000,DNA,7085360215ab0457bde67f4a6c3f5bdd,5.429611869131546e-6,0.0022,1.1363636363636365,1.0,0.3431742925123068,0.7472203637831225,0.5614688859607627,0.6543446248719427,0.7472203637831225,25,5172033
qsize=10000,65baffe3161e376e238e0d0a44d7b27b,SRR5322933,0.0001,1,21,1000,DNA,4352a6087a84f77e6e62153d7566ce5c,0.00002733809016102135,0.0001,3.0,3.0,0.0,0.6449466771037624,0.6156117576354522,0.6302792173696072,0.6449466771037624,3,965675
qsize=10000,65baffe3161e376e238e0d0a44d7b27b,ERR707077,0.0001,1,21,1000,DNA,fafcf6ca365320ac6a3c2d3f941d4f76,8.06874571347884e-6,0.0001,1.0,1.0,0.0,0.6449466771037624,0.5743896696453468,0.6096681733745546,0.6449466771037624,1,132623
qsize=10000,65baffe3161e376e238e0d0a44d7b27b,SRR32345523,0.0001,1,21,1000,DNA,cca35c76ad6886e4d7a36b2d23fca6d4,0.000013828772143321394,0.0001,1.0,1.0,0.0,0.6449466771037624,0.5911346252752244,0.6180406511894934,0.6449466771037624,1,1604214
qsize=1000,06e3ed33658503f35a60705dda70ec6b,SRR25867678,0.001,1,21,1000,DNA,bf031ad54ee497e9a6ee98ef44cc7e60,1.6098004652323345e-6,0.001,1.0,1.0,0.0,0.719685673001152,0.5298650661833556,0.6247753695922538,0.719685673001152,1,1230490
qsize=5000,6424f418433b237c8a9c44a818715253,SRR25867678,0.0002,1,21,1000,DNA,bf031ad54ee497e9a6ee98ef44cc7e60,1.599500955701821e-6,0.0002,2.0,2.0,0.0,0.666589657745114,0.5298650661833556,0.5982273619642349,0.666589657745114,2,1230490
qsize=10000,65baffe3161e376e238e0d0a44d7b27b,SRR25867678,0.0003,3,21,1000,DNA,bf031ad54ee497e9a6ee98ef44cc7e60,4.760446402927357e-6,0.0003,1.6666666666666667,2.0,0.4714045207910317,0.6795851327658305,0.5583227794384905,0.6189539561021605,0.6795851327658305,5,1230490
qsize=5000,6424f418433b237c8a9c44a818715253,SRR3629510,0.0002,1,21,1000,DNA,3115c22bbe775913da9f49e826048506,0.00002336885399140026,0.0002,1.0,1.0,0.0,0.666589657745114,0.6053799457656014,0.6359848017553578,0.666589657745114,1,299886
qsize=5000,6424f418433b237c8a9c44a818715253,ERR1728141,0.0002,1,21,1000,DNA,072b37a67c5e7131a381774e0aafaad5,5.311802825879103e-6,0.0002,3.0,3.0,0.0,0.666589657745114,0.5615360161833298,0.6140628369642219,0.666589657745114,3,1218789
qsize=10000,65baffe3161e376e238e0d0a44d7b27b,ERR1728141,0.0001,1,21,1000,DNA,072b37a67c5e7131a381774e0aafaad5,5.17437648763324e-6,0.0001,21.0,21.0,0.0,0.6449466771037624,0.5615360161833298,0.6032413466435461,0.6449466771037624,21,1218789
qsize=10000,65baffe3161e376e238e0d0a44d7b27b,ERR6053004,0.0001,1,21,1000,DNA,0131452e0e9e58e5bd80569292311a75,0.000025801124929046907,0.0001,1.0,1.0,0.0,0.6449466771037624,0.6133063185598377,0.6291264978318001,0.6449466771037624,1,778111
qsize=100,36c3fdb0e95a270b636308b47d19df42,SRR33526525,0.01,1,21,1000,DNA,25ecfdabf5737e9d32e95d9cb3d00084,2.4165271122259356e-6,0.01,8.0,8.0,0.0,0.8030857221391514,0.5401792343086386,0.6716324782238949,0.8030857221391514,8,1090049
qsize=10000,65baffe3161e376e238e0d0a44d7b27b,SRR33526525,0.0004,4,21,1000,DNA,25ecfdabf5737e9d32e95d9cb3d00084,9.440330033937987e-6,0.0004,1.75,2.0,0.4330127018922193,0.6889589288344534,0.5770419786006893,0.6330004537175713,0.6889589288344534,7,1090049
qsize=10000,65baffe3161e376e238e0d0a44d7b27b,ERR3054984,0.0001,1,21,1000,DNA,b98d0c6ce959ae9f8fff1f99856764c4,5.392841542136967e-6,0.0001,1.0,1.0,0.0,0.6449466771037624,0.5627046870689376,0.60382568208635,0.6449466771037624,1,4651403
qsize=10000,65baffe3161e376e238e0d0a44d7b27b,SRR28524543,0.0001,1,21,1000,DNA,cbbb5bed006c360b17475aef26227190,0.00003241701244813278,0.0001,7.0,7.0,0.0,0.6449466771037624,0.6227722817172021,0.6338594794104823,0.6449466771037624,7,145954
qsize=5000,6424f418433b237c8a9c44a818715253,ERR3357560,0.0002,1,21,1000,DNA,e70cd9624cebf4bee4cab4497dfa52c9,3.4433957391421125e-6,0.0002,1.0,1.0,0.0,0.666589657745114,0.5498137645168537,0.6082017111309839,0.666589657745114,1,553402
qsize=5000,6424f418433b237c8a9c44a818715253,ERR12043084,0.0002,1,21,1000,DNA,855a64919bcb61a05195f7053ce26e3e,8.096772626431104e-6,0.0002,1.0,1.0,0.0,0.666589657745114,0.5733147861677306,0.6199522219564223,0.666589657745114,1,2510645
qsize=100,36c3fdb0e95a270b636308b47d19df42,SRR24824109,0.01,1,21,1000,DNA,a8feb07516a0c60069ec59d07e835d37,1.4907777506787512e-7,0.01,1.0,1.0,0.0,0.8030857221391514,0.4730692606546092,0.6380774913968803,0.8030857221391514,1,13481696
qsize=1000,06e3ed33658503f35a60705dda70ec6b,SRR24824109,0.002,2,21,1000,DNA,a8feb07516a0c60069ec59d07e835d37,2.981155964093169e-7,0.002,1.5,1.5,0.5,0.7438367286489914,0.48894441625095153,0.6163905724499714,0.7438367286489914,3,13481696
qsize=5000,6424f418433b237c8a9c44a818715253,SRR24824109,0.0022,11,21,1000,DNA,a8feb07516a0c60069ec59d07e835d37,1.6386609577705154e-6,0.0022,2.3636363636363638,1.0,3.41847194126603,0.7472203637831225,0.5302917333531655,0.638756048568144,0.7472203637831225,26,13481696
qsize=10000,65baffe3161e376e238e0d0a44d7b27b,SRR24824109,0.0044,44,21,1000,DNA,a8feb07516a0c60069ec59d07e835d37,6.549797440071214e-6,0.0044,1.8863636363636365,2.0,1.0491535352348902,0.7722954226093889,0.5664797378620857,0.6693875802357373,0.7722954226093889,83,13481696
qsize=5000,6424f418433b237c8a9c44a818715253,SRR1592257,0.0002,1,21,1000,DNA,f1cf6f000232ef667961854c6028b333,3.79705500413879e-6,0.0002,1.0,1.0,0.0,0.666589657745114,0.5524268092697242,0.6095082335074191,0.666589657745114,1,4331201
qsize=10000,65baffe3161e376e238e0d0a44d7b27b,SRR1592257,0.0002,2,21,1000,DNA,f1cf6f000232ef667961854c6028b333,7.452647739425625e-6,0.0002,3.0,3.0,1.0,0.666589657745114,0.5709650282624623,0.6187773430037882,0.666589657745114,6,4331201
qsize=10000,65baffe3161e376e238e0d0a44d7b27b,SRR17548759,0.0004,4,21,1000,DNA,7becca890e1ba42e828d0885b13172d9,6.729226038067232e-6,0.0004,1.25,1.0,0.4330127018922193,0.6889589288344534,0.5676274054922694,0.6282931671633614,0.6889589288344534,5,3374299
qsize=5000,6424f418433b237c8a9c44a818715253,SRR30292945,0.0002,1,21,1000,DNA,000646ab9d99ef6715b85b87b59f1cc4,0.000012612567161920138,0.0002,1.0,1.0,0.0,0.666589657745114,0.5862080398095549,0.6263988487773344,0.666589657745114,1,706055
qsize=5000,6424f418433b237c8a9c44a818715253,SRR22424825,0.0002,1,21,1000,DNA,2d493997973378622e7962d4648bc59d,6.437533394704485e-6,0.0002,1.0,1.0,0.0,0.666589657745114,0.5668558600758603,0.6167227589104871,0.666589657745114,1,520075
qsize=5000,6424f418433b237c8a9c44a818715253,SRR3886552,0.0002,1,21,1000,DNA,ead2fa9760bfa8e47c6a182166158a77,3.644846187490888e-6,0.0002,1.0,1.0,0.0,0.666589657745114,0.5513312794122207,0.6089604685786674,0.666589657745114,1,1160261
qsize=10000,65baffe3161e376e238e0d0a44d7b27b,SRR3886552,0.0001,1,21,1000,DNA,ead2fa9760bfa8e47c6a182166158a77,3.579610538373425e-6,0.0001,2.0,2.0,0.0,0.6449466771037624,0.5513312794122207,0.5981389782579916,0.6449466771037624,2,1160261
qsize=5000,6424f418433b237c8a9c44a818715253,ERR9878930,0.0004,2,21,1000,DNA,943a1e3988d6b6cc148061064ff5a5a5,1.5341564594123568e-6,0.0004,1.0,1.0,0.0,0.6889589288344534,0.5287082525627673,0.6088335906986104,0.6889589288344534,2,3659169
qsize=10000,65baffe3161e376e238e0d0a44d7b27b,ERR9878930,0.0003,3,21,1000,DNA,943a1e3988d6b6cc148061064ff5a5a5,2.2924440280686845e-6,0.0003,1.0,1.0,0.0,0.6795851327658305,0.5390156655410427,0.6093003991534367,0.6795851327658305,3,3659169
qsize=10000,65baffe3161e376e238e0d0a44d7b27b,SRR6505396,0.0001,1,21,1000,DNA,c7477944c8386fb84fc8ef5a2dfca3b1,6.666577778962947e-6,0.0001,2.0,2.0,0.0,0.6449466771037624,0.5687819958803751,0.6068643364920687,0.6449466771037624,2,1304176
qsize=5000,6424f418433b237c8a9c44a818715253,SRR11184080,0.0002,1,21,1000,DNA,54006064f7d326d306b1b9baab05f414,2.8362840141360395e-6,0.0002,1.0,1.0,0.0,0.666589657745114,0.5446788929832029,0.6056342753641585,0.666589657745114,1,871550
qsize=10000,65baffe3161e376e238e0d0a44d7b27b,SRR11184080,0.0001,1,21,1000,DNA,54006064f7d326d306b1b9baab05f414,2.796623915609077e-6,0.0001,4.0,4.0,0.0,0.6449466771037624,0.5446788929832029,0.5948127850434827,0.6449466771037624,4,871550
qsize=5000,6424f418433b237c8a9c44a818715253,SRR33145347,0.0008,4,21,1000,DNA,a82761d2dd4c0006eec35eb7788aa66d,1.8286090456717967e-6,0.0008,1.25,1.0,0.4330127018922193,0.7120788630690342,0.5331076903686823,0.6225932767188582,0.7120788630690342,5,27394643
qsize=10000,65baffe3161e376e238e0d0a44d7b27b,SRR33145347,0.0009,9,21,1000,DNA,a82761d2dd4c0006eec35eb7788aa66d,4.104996693197108e-6,0.0009,12.555555555555555,16.0,9.178611745805949,0.7160839323187163,0.5540966744046414,0.6350903033616788,0.7160839323187163,113,27394643
qsize=1000,06e3ed33658503f35a60705dda70ec6b,SRR14862904,0.001,1,21,1000,DNA,8f06e14a326c65729148a44cec3734f3,6.681450489449656e-7,0.001,1.0,1.0,0.0,0.719685673001152,0.5081126823331948,0.6138991776671734,0.719685673001152,1,8625621
qsize=5000,6424f418433b237c8a9c44a818715253,SRR14862904,0.0002,1,21,1000,DNA,8f06e14a326c65729148a44cec3734f3,6.663641373483106e-7,0.0002,1.0,1.0,0.0,0.666589657745114,0.5081126823331948,0.5873511700391545,0.666589657745114,1,8625621
qsize=10000,65baffe3161e376e238e0d0a44d7b27b,SRR14862904,0.0007,7,21,1000,DNA,8f06e14a326c65729148a44cec3734f3,4.649077656200707e-6,0.0007,3.7142857142857144,2.0,3.7688302737922625,0.7075653765539904,0.5574459938633085,0.6325056852086495,0.7075653765539904,26,8625621
qsize=5000,6424f418433b237c8a9c44a818715253,SRR12321277,0.0004,2,21,1000,DNA,2572675654d930bb1fb16f23aaa29b72,6.63420329852588e-6,0.0004,124.0,124.0,118.0,0.6889589288344534,0.5672366057774433,0.6280977673059484,0.6889589288344534,248,3788519
qsize=10000,65baffe3161e376e238e0d0a44d7b27b,SRR12321277,0.0002,2,21,1000,DNA,2572675654d930bb1fb16f23aaa29b72,6.525966821984677e-6,0.0002,72.5,72.5,71.5,0.666589657745114,0.5672366057774433,0.6169131317612786,0.666589657745114,145,3788519
qsize=10000,65baffe3161e376e238e0d0a44d7b27b,ERR2692953,0.0001,1,21,1000,DNA,88f8a1935275cd9463fb00853a0603d9,0.00003466324655967278,0.0001,9.0,9.0,0.0,0.6449466771037624,0.6257685680419759,0.6353576225728692,0.6449466771037624,9,115379
qsize=100,36c3fdb0e95a270b636308b47d19df42,SRR346660,0.02,2,21,1000,DNA,db2fbe6b921cf963d426dfbd66bf1844,4.385791788920613e-6,0.02,2.5,2.5,1.5,0.8300354985387393,0.5557300408603647,0.692882769699552,0.8300354985387393,5,2288745
qsize=10000,65baffe3161e376e238e0d0a44d7b27b,SRR346660,0.0001,1,21,1000,DNA,db2fbe6b921cf963d426dfbd66bf1844,2.146295815367049e-6,0.0001,1.0,1.0,0.0,0.6449466771037624,0.5376864748127836,0.591316575958273,0.6449466771037624,1,2288745
qsize=10000,65baffe3161e376e238e0d0a44d7b27b,ERR14190419,0.0001,1,21,1000,DNA,9c363262941a291775ace297f11f569c,0.000022557578218402474,0.0001,1.0,1.0,0.0,0.6449466771037624,0.6081550654018752,0.6265508712528188,0.6449466771037624,1,431607
qsize=10000,65baffe3161e376e238e0d0a44d7b27b,ERR976291,0.0001,1,21,1000,DNA,d54ce77bb60053948938eb929ce0bc92,0.000011326824185035,0.0001,1.0,1.0,0.0,0.6449466771037624,0.5847458651019388,0.6148462711028506,0.6449466771037624,1,767162
qsize=5000,6424f418433b237c8a9c44a818715253,SRR12298690,0.0002,1,21,1000,DNA,380619d4f4f531bc69a15363b0b515ff,2.1062475514872215e-6,0.0002,1.0,1.0,0.0,0.666589657745114,0.5369203054891875,0.6017549816171508,0.666589657745114,1,825913
qsize=10000,65baffe3161e376e238e0d0a44d7b27b,SRR12298690,0.0003,3,21,1000,DNA,380619d4f4f531bc69a15363b0b515ff,6.252918028413259e-6,0.0003,1.0,1.0,0.0,0.6795851327658305,0.5657569378124503,0.6226710352891405,0.6795851327658305,3,825913
qsize=1000,06e3ed33658503f35a60705dda70ec6b,ERR5310819,0.001,1,21,1000,DNA,88457c6f4d80d6832d056103b44365e7,1.062541173470472e-6,0.001,3.0,3.0,0.0,0.719685673001152,0.5194721133527977,0.6195788931769749,0.719685673001152,3,8059166
qsize=5000,6424f418433b237c8a9c44a818715253,ERR5310819,0.0006,3,21,1000,DNA,88457c6f4d80d6832d056103b44365e7,3.1741396494480173e-6,0.0006,1.3333333333333333,1.0,0.4714045207910317,0.7023905031859884,0.5473716473838209,0.6248810752849047,0.7023905031859884,4,8059166
qsize=10000,65baffe3161e376e238e0d0a44d7b27b,ERR5310819,0.0004,4,21,1000,DNA,88457c6f4d80d6832d056103b44365e7,4.2099192011257325e-6,0.0004,8.75,6.5,7.428828979051812,0.6889589288344534,0.5549217686989234,0.6219403487666884,0.6889589288344534,35,8059166
qsize=10000,65baffe3161e376e238e0d0a44d7b27b,SRR23255827,0.0001,1,21,1000,DNA,f598be3da886b17f7df59a774dfe5f3a,0.000018017368743468703,0.0001,1.0,1.0,0.0,0.6449466771037624,0.600051561136886,0.6224991191203242,0.6449466771037624,1,383573
qsize=1000,06e3ed33658503f35a60705dda70ec6b,ERR14783633,0.001,1,21,1000,DNA,6069c3d9a7156c6c21936008c3340c8b,4.207620842870607e-6,0.001,2.0,2.0,0.0,0.719685673001152,0.5547391994525064,0.6372124362268292,0.719685673001152,2,2740839
qsize=5000,6424f418433b237c8a9c44a818715253,ERR14783633,0.0002,1,21,1000,DNA,6069c3d9a7156c6c21936008c3340c8b,4.137976694915254e-6,0.0002,2.0,2.0,0.0,0.666589657745114,0.5547391994525064,0.6106644285988102,0.666589657745114,2,2740839
qsize=10000,65baffe3161e376e238e0d0a44d7b27b,ERR14783633,0.0001,1,21,1000,DNA,6069c3d9a7156c6c21936008c3340c8b,4.054097882139266e-6,0.0001,3.0,3.0,0.0,0.6449466771037624,0.5547391994525064,0.5998429382781344,0.6449466771037624,3,2740839
qsize=1000,06e3ed33658503f35a60705dda70ec6b,ERR5261058,0.001,1,21,1000,DNA,ddb0e672fbbd4f4cab7032c34322a6f9,8.011177194421658e-7,0.001,2.0,2.0,0.0,0.719685673001152,0.512526568427665,0.6161061207144085,0.719685673001152,2,17606226
qsize=5000,6424f418433b237c8a9c44a818715253,ERR5261058,0.001,5,21,1000,DNA,ddb0e672fbbd4f4cab7032c34322a6f9,3.992806559702041e-6,0.001,5.0,3.0,4.147288270665544,0.719685673001152,0.5533509619359809,0.6365183174685665,0.719685673001152,25,17606226
qsize=10000,65baffe3161e376e238e0d0a44d7b27b,ERR5261058,0.001,10,21,1000,DNA,ddb0e672fbbd4f4cab7032c34322a6f9,7.953886547353065e-6,0.001,11.3,1.0,16.661632573070385,0.719685673001152,0.5719201934433585,0.6458029332222552,0.719685673001152,113,17606226
qsize=10000,65baffe3161e376e238e0d0a44d7b27b,ERR12360637,0.0001,1,21,1000,DNA,aac930fc1ed5d04ae4fc50c8a460e5e7,0.00004598758335249483,0.0001,1.0,1.0,0.0,0.6449466771037624,0.6400231964314643,0.6424849367676133,0.6449466771037624,1,247250
qsize=5000,6424f418433b237c8a9c44a818715253,SRR26561550,0.0002,1,21,1000,DNA,e25a997ac570c44add72fecbffb16d96,0.000016052652700858816,0.0002,1.0,1.0,0.0,0.666589657745114,0.5935026360316523,0.6300461468883831,0.666589657745114,1,340707
qsize=10000,65baffe3161e376e238e0d0a44d7b27b,SRR26561550,0.0001,1,21,1000,DNA,e25a997ac570c44add72fecbffb16d96,0.000014859945018203432,0.0001,1.0,1.0,0.0,0.6449466771037624,0.5935026360316523,0.6192246565677073,0.6449466771037624,1,340707
qsize=10000,65baffe3161e376e238e0d0a44d7b27b,SRR11466427,0.0001,1,21,1000,DNA,8e37682462a8f0e2c12c82e1d62a24fe,0.000041069448437307486,0.0001,5.0,5.0,0.0,0.6449466771037624,0.633949511284632,0.6394480941941971,0.6449466771037624,5,38332
qsize=10000,65baffe3161e376e238e0d0a44d7b27b,ERR6279620,0.0001,1,21,1000,DNA,5bf0b9b1704d6e7d3596a959b6f939ab,2.8083971073509794e-6,0.0001,51.0,51.0,0.0,0.6449466771037624,0.544791006307896,0.5948688417058292,0.6449466771037624,51,2594452
qsize=5000,6424f418433b237c8a9c44a818715253,SRR22824494,0.0002,1,21,1000,DNA,d29a1a18ab071434acabde458bb88010,0.000026261193833871688,0.0002,1.0,1.0,0.0,0.666589657745114,0.6092318436595439,0.6379107507023289,0.666589657745114,1,359505
qsize=5000,6424f418433b237c8a9c44a818715253,SRR23460480,0.0014,7,21,1000,DNA,1e6224afbd89139df540d924ef685e3a,3.867636227817035e-6,0.0014,1.2857142857142858,1.0,0.45175395145262565,0.7313097019236751,0.5524798543228234,0.6418947781232492,0.7313097019236751,9,4333679
qsize=10000,65baffe3161e376e238e0d0a44d7b27b,SRR23460480,0.0005,5,21,1000,DNA,1e6224afbd89139df540d924ef685e3a,2.754983351635606e-6,0.0005,1.6,1.0,0.7999999999999999,0.6963187591769685,0.5436982918891966,0.6200085255330825,0.6963187591769685,8,4333679
qsize=10000,65baffe3161e376e238e0d0a44d7b27b,ERR1453428,0.0001,1,21,1000,DNA,accb380dfedd9b77d442d6db00e358fa,0.000021982370139148404,0.0001,1.0,1.0,0.0,0.6449466771037624,0.6071935091522744,0.6260700931280184,0.6449466771037624,1,304121
qsize=5000,6424f418433b237c8a9c44a818715253,ERR13651908,0.0002,1,21,1000,DNA,99bffa706f023a70253e1c7449bc0970,0.000023314370978271005,0.0002,1.0,1.0,0.0,0.666589657745114,0.6053037736344846,0.6359467156897993,0.666589657745114,1,4995493
qsize=10000,65baffe3161e376e238e0d0a44d7b27b,ERR13651908,0.0001,1,21,1000,DNA,99bffa706f023a70253e1c7449bc0970,0.00002088031403992316,0.0001,2.0,2.0,0.0,0.6449466771037624,0.6053037736344846,0.6251252253691235,0.6449466771037624,2,4995493
qsize=1000,06e3ed33658503f35a60705dda70ec6b,ERR1892107,0.001,1,21,1000,DNA,1011b6a8f340150edbeb045e224f44a4,6.050280248981133e-7,0.001,1.0,1.0,0.0,0.719685673001152,0.5057158608480122,0.6127007669245821,0.719685673001152,1,1890261
qsize=5000,6424f418433b237c8a9c44a818715253,ERR1892107,0.001,5,21,1000,DNA,1011b6a8f340150edbeb045e224f44a4,3.017843907456006e-6,0.001,1.0,1.0,0.0,0.719685673001152,0.5459977595405865,0.6328417162708693,0.719685673001152,5,1890261
qsize=10000,65baffe3161e376e238e0d0a44d7b27b,ERR1892107,0.0012,12,21,1000,DNA,1011b6a8f340150edbeb045e224f44a4,7.221063843230704e-6,0.0012,1.0,1.0,0.0,0.7259611712781008,0.5692409802369913,0.6476010757575461,0.7259611712781008,12,1890261
qsize=1000,06e3ed33658503f35a60705dda70ec6b,ERR7366489,0.001,1,21,1000,DNA,95ccf8f572c7f9f38a10825d27fb3726,1.4335869348621105e-6,0.001,1.0,1.0,0.0,0.719685673001152,0.526943579158928,0.62331462608004,0.719685673001152,1,5535623
qsize=5000,6424f418433b237c8a9c44a818715253,ERR7366489,0.0002,1,21,1000,DNA,95ccf8f572c7f9f38a10825d27fb3726,1.4254131203576077e-6,0.0002,1.0,1.0,0.0,0.666589657745114,0.526943579158928,0.5967666184520211,0.666589657745114,1,5535623
qsize=10000,65baffe3161e376e238e0d0a44d7b27b,ERR7366489,0.0002,2,21,1000,DNA,95ccf8f572c7f9f38a10825d27fb3726,2.8306560045290495e-6,0.0002,1.0,1.0,0.0,0.666589657745114,0.5446266374452898,0.605608147595202,0.666589657745114,2,5535623
qsize=5000,6424f418433b237c8a9c44a818715253,SRR23876327,0.0002,1,21,1000,DNA,e7038083243464be51f7de686e0ed441,8.540438978563499e-6,0.0002,1.0,1.0,0.0,0.666589657745114,0.5748363859900941,0.620713021867604,0.666589657745114,1,2381960
qsize=5000,6424f418433b237c8a9c44a818715253,SRR29680282,0.0002,1,21,1000,DNA,59fcab1df2f00278cc1d3c0c4eeb99b3,0.000019484062037253527,0.0002,2.0,2.0,0.0,0.666589657745114,0.5995402062062551,0.6330649319756846,0.666589657745114,2,546078
qsize=1000,06e3ed33658503f35a60705dda70ec6b,SRR29331567,0.001,1,21,1000,DNA,09f6b943fa32596630e4e35194161fe4,6.051254122416871e-6,0.001,2.0,2.0,0.0,0.719685673001152,0.5644712740753807,0.6420784735382663,0.719685673001152,2,2087613
qsize=10000,65baffe3161e376e238e0d0a44d7b27b,SRR29331567,0.0001,1,21,1000,DNA,09f6b943fa32596630e4e35194161fe4,5.7387162491750594e-6,0.0001,3.0,3.0,0.0,0.6449466771037624,0.5644712740753807,0.6047089755895716,0.6449466771037624,3,2087613
qsize=10000,65baffe3161e376e238e0d0a44d7b27b,ERR4845644,0.0001,1,21,1000,DNA,16ed9e96e6d73e165b35025e990faa4c,0.00004323202628507198,0.0001,1.0,1.0,0.0,0.6449466771037624,0.6366327938748011,0.6407897354892818,0.6449466771037624,1,372249
qsize=5000,6424f418433b237c8a9c44a818715253,SRR12455773,0.0002,1,21,1000,DNA,cb922cce2f0b503a06cfbda40a47cfcb,0.000019792965580032857,0.0002,1.0,1.0,0.0,0.666589657745114,0.6000383772468355,0.6333140174959748,0.666589657745114,1,413116
qsize=5000,6424f418433b237c8a9c44a818715253,DRR221378,0.0004,2,21,1000,DNA,0853092380d3fe22b45375b53d232750,2.348037920812421e-6,0.0004,5.0,5.0,4.0,0.6889589288344534,0.5395852195661396,0.6142720742002965,0.6889589288344534,10,7669533
qsize=10000,65baffe3161e376e238e0d0a44d7b27b,DRR221378,0.0007,7,21,1000,DNA,0853092380d3fe22b45375b53d232750,8.170220712676681e-6,0.0007,6.142857142857143,4.0,5.962467644202631,0.7075653765539904,0.5727538893369242,0.6401596329454573,0.7075653765539904,43,7669533
qsize=10000,65baffe3161e376e238e0d0a44d7b27b,ERR9796654,0.0001,1,21,1000,DNA,657e6014abefa48faf8f9902362655d1,0.000012486732846350753,0.0001,89.0,89.0,0.0,0.6449466771037624,0.587835288276355,0.6163909826900587,0.6449466771037624,89,1252962
qsize=5000,6424f418433b237c8a9c44a818715253,SRR16279954,0.0002,1,21,1000,DNA,18755e41c20a58926e1b7dfdcac2608f,1.8118173977953805e-6,0.0002,10.0,10.0,0.0,0.666589657745114,0.5330464330110348,0.5998180453780744,0.666589657745114,10,6533560
qsize=10000,65baffe3161e376e238e0d0a44d7b27b,SRR16279954,0.0004,4,21,1000,DNA,18755e41c20a58926e1b7dfdcac2608f,7.182244056244153e-6,0.0004,46.25,12.0,61.69025449777298,0.6889589288344534,0.5694224228822938,0.6291906758583736,0.6889589288344534,185,6533560
qsize=10000,65baffe3161e376e238e0d0a44d7b27b,ERR4091319,0.0004,4,21,1000,DNA,7f6d8ada34e6680dad1ce930daa888df,0.000015220236826885026,0.0004,4.25,1.5,5.0682837331783235,0.6889589288344534,0.5907360070945196,0.6398474679644865,0.6889589288344534,17,773651
qsize=5000,6424f418433b237c8a9c44a818715253,SRR23913692,0.0004,2,21,1000,DNA,65250a6aaf0f469f153b0e7f58977c54,2.1227794400320117e-6,0.0004,1.0,1.0,0.0,0.6889589288344534,0.5369855663745852,0.6129722476045193,0.6889589288344534,2,12607624
qsize=10000,65baffe3161e376e238e0d0a44d7b27b,SRR23913692,0.0002,2,21,1000,DNA,65250a6aaf0f469f153b0e7f58977c54,2.111573428382292e-6,0.0002,484.0,484.0,482.0,0.666589657745114,0.5369855663745852,0.6017876120598495,0.666589657745114,968,12607624
qsize=10000,65baffe3161e376e238e0d0a44d7b27b,SRR32330822,0.0001,1,21,1000,DNA,b8d448c5a50346995b4fd7cd7d302d88,0.000018815737482830638,0.0001,1.0,1.0,0.0,0.6449466771037624,0.6015719628785471,0.6232593199911547,0.6449466771037624,1,513165
qsize=5000,6424f418433b237c8a9c44a818715253,ERR4889282,0.0002,1,21,1000,DNA,600dbed255359b70c7042fa5f224dec0,0.000011398869232172168,0.0002,18.0,18.0,0.0,0.666589657745114,0.5832111525414754,0.6249004051432947,0.666589657745114,18,626153
qsize=10000,65baffe3161e376e238e0d0a44d7b27b,SRR15988567,0.0001,1,21,1000,DNA,41ae8b96b828e5444894df888c5a4be2,9.005682585711584e-6,0.0001,1.0,1.0,0.0,0.6449466771037624,0.5776840598022455,0.6113153684530039,0.6449466771037624,1,145163
qsize=100,36c3fdb0e95a270b636308b47d19df42,SRR14127963,0.01,1,21,1000,DNA,98708364eaa0bf93e7b8ac240340625d,1.3565612799426989e-6,0.01,1.0,1.0,0.0,0.8030857221391514,0.5255271174937561,0.6643064198164538,0.8030857221391514,1,1633123
qsize=5000,6424f418433b237c8a9c44a818715253,SRR14127963,0.0002,1,21,1000,DNA,98708364eaa0bf93e7b8ac240340625d,1.3476035565953066e-6,0.0002,2.0,2.0,0.0,0.666589657745114,0.5255271174937561,0.5960583876194351,0.666589657745114,2,1633123
qsize=10000,65baffe3161e376e238e0d0a44d7b27b,SRR14127963,0.0003,3,21,1000,DNA,98708364eaa0bf93e7b8ac240340625d,4.015763209183783e-6,0.0003,1.0,1.0,0.0,0.6795851327658305,0.5537518504907032,0.6166684916282669,0.6795851327658305,3,1633123
qsize=10000,65baffe3161e376e238e0d0a44d7b27b,SRR25762337,0.0001,1,21,1000,DNA,4967fffd8f6b06d52e3e8539e118320e,0.00005072794602546543,0.00010294420424130121,1.0,1.0,0.0,0.6449466771037624,0.6458384542575348,0.6453925656806486,0.6458384542575348,1,121787
qsize=5000,6424f418433b237c8a9c44a818715253,SRR8674970,0.0006,3,21,1000,DNA,758d9f06cbd4bb19b43dbc1c4111e8ec,1.2868329111806477e-6,0.0006,2.0,2.0,0.0,0.7023905031859884,0.5242584395545427,0.6133244713702655,0.7023905031859884,6,6480884
qsize=10000,65baffe3161e376e238e0d0a44d7b27b,SRR8674970,0.0012,12,21,1000,DNA,758d9f06cbd4bb19b43dbc1c4111e8ec,5.136335464341847e-6,0.0012,1.5,1.0,0.9574271077563382,0.7259611712781008,0.5600347218934648,0.6429979465857828,0.7259611712781008,18,6480884
qsize=5000,6424f418433b237c8a9c44a818715253,SRR30009469,0.0004,2,21,1000,DNA,e2966fd97f27e0a15d43a88d24470101,4.448942819962407e-6,0.0004,1.0,1.0,0.0,0.6889589288344534,0.556398948485023,0.6226789386597382,0.6889589288344534,2,14096336
qsize=10000,65baffe3161e376e238e0d0a44d7b27b,SRR30009469,0.0001,1,21,1000,DNA,e2966fd97f27e0a15d43a88d24470101,2.199997360003168e-6,0.0001,4.0,4.0,0.0,0.6449466771037624,0.5383336641965375,0.59164017065015,0.6449466771037624,4,14096336
qsize=5000,6424f418433b237c8a9c44a818715253,ERR3804142,0.0002,1,21,1000,DNA,f5a2cc3300ee5e4ee1a9914633ae8c6d,0.00002307976366322009,0.0002,1.0,1.0,0.0,0.666589657745114,0.6049741057235256,0.6357818817343198,0.666589657745114,1,871116
qsize=5000,6424f418433b237c8a9c44a818715253,ERR2738446,0.0002,1,21,1000,DNA,79431c381d66c8afb1a18b73303605c7,3.614388156372889e-6,0.0002,6.0,6.0,0.0,0.666589657745114,0.5511069424284939,0.6088483000868039,0.666589657745114,6,2850772
qsize=10000,65baffe3161e376e238e0d0a44d7b27b,ERR2738446,0.0005,5,21,1000,DNA,79431c381d66c8afb1a18b73303605c7,0.00001775139525966741,0.0005,2.2,1.0,1.469693845669907,0.6963187591769685,0.5950043871051417,0.6456615731410551,0.6963187591769685,11,2850772
qsize=5000,6424f418433b237c8a9c44a818715253,ERR084302,0.0002,1,21,1000,DNA,bf1fc1c920e16783664bdd8b9aa9a190,0.000022761414849547046,0.0002,1.0,1.0,0.0,0.666589657745114,0.6045223645953557,0.6355560111702349,0.666589657745114,1,639099
qsize=10000,65baffe3161e376e238e0d0a44d7b27b,ERR084302,0.0001,1,21,1000,DNA,bf1fc1c920e16783664bdd8b9aa9a190,0.000020435688887072383,0.0001,1.0,1.0,0.0,0.6449466771037624,0.6045223645953557,0.624734520849559,0.6449466771037624,1,639099
qsize=1000,06e3ed33658503f35a60705dda70ec6b,SRR24716219,0.002,2,21,1000,DNA,0c82a8b5e1b3570ff58508794c4570c9,3.0014707206531203e-7,0.002,2.5,2.5,1.5,0.7438367286489914,0.4891025871729917,0.6164696579109916,0.7438367286489914,5,13420937
qsize=5000,6424f418433b237c8a9c44a818715253,SRR24716219,0.003,15,21,1000,DNA,0c82a8b5e1b3570ff58508794c4570c9,2.249756913765468e-6,0.003,1.2,1.0,0.541602560309064,0.7583381711996433,0.5383559831545541,0.6483470771770987,0.7583381711996433,18,13420937
qsize=10000,65baffe3161e376e238e0d0a44d7b27b,SRR24716219,0.0026,26,21,1000,DNA,0c82a8b5e1b3570ff58508794c4570c9,3.896662897894243e-6,0.0026,2.3461538461538463,1.0,2.5860916113868067,0.7531881745740489,0.5526432649111566,0.6529157197426028,0.7531881745740489,61,13420937
qsize=10000,65baffe3161e376e238e0d0a44d7b27b,SRR25078912,0.0001,1,21,1000,DNA,7a955ed9191ba763b7fd7a3280bd7c2e,5.221441326663812e-6,0.0001,3.0,3.0,0.0,0.6449466771037624,0.5617914671293357,0.603369072116549,0.6449466771037624,3,311584
qsize=5000,6424f418433b237c8a9c44a818715253,SRR10397244,0.0002,1,21,1000,DNA,969e74f2c4d21543b65b7b2330f66dd0,0.000015439723320158102,0.0002,1.0,1.0,0.0,0.666589657745114,0.5923095874066018,0.6294496225758579,0.666589657745114,1,480191
qsize=10000,65baffe3161e376e238e0d0a44d7b27b,SRR10397244,0.0001,1,21,1000,DNA,969e74f2c4d21543b65b7b2330f66dd0,0.000014333218667583992,0.0001,1.0,1.0,0.0,0.6449466771037624,0.5923095874066018,0.6186281322551821,0.6449466771037624,1,480191
qsize=10000,65baffe3161e376e238e0d0a44d7b27b,SRR1144830,0.0001,1,21,1000,DNA,c7533b697cbd41abd03effa46be533ef,0.000020983716635890548,0.0001,1.0,1.0,0.0,0.6449466771037624,0.6054838794070347,0.6252152782553986,0.6449466771037624,1,322853
qsize=1000,06e3ed33658503f35a60705dda70ec6b,ERR5214336,0.001,1,21,1000,DNA,82fe6e4537b2d8ad9fdd46a16b4c4c91,1.4367754161979187e-6,0.001,1.0,1.0,0.0,0.719685673001152,0.526999409241618,0.6233425411213851,0.719685673001152,1,1474786
qsize=5000,6424f418433b237c8a9c44a818715253,ERR5214336,0.0002,1,21,1000,DNA,82fe6e4537b2d8ad9fdd46a16b4c4c91,1.4285653061486879e-6,0.0002,1.0,1.0,0.0,0.666589657745114,0.526999409241618,0.596794533493366,0.666589657745114,1,1474786
qsize=10000,65baffe3161e376e238e0d0a44d7b27b,ERR5214336,0.0002,2,21,1000,DNA,82fe6e4537b2d8ad9fdd46a16b4c4c91,2.8368713847620292e-6,0.0002,1.0,1.0,0.0,0.666589657745114,0.5446843410617801,0.6056369994034471,0.666589657745114,2,1474786
qsize=5000,6424f418433b237c8a9c44a818715253,SRR528497,0.0002,1,21,1000,DNA,7ca1b92ae5fb362ea62710e362cc156b,6.632883181661404e-6,0.0002,2.0,2.0,0.0,0.666589657745114,0.5676906608723785,0.6171401593087462,0.666589657745114,2,437788
qsize=10000,65baffe3161e376e238e0d0a44d7b27b,SRR528497,0.0004,4,21,1000,DNA,7ca1b92ae5fb362ea62710e362cc156b,0.0000256803692837103,0.0004,3.75,1.5,4.205650960315181,0.6889589288344534,0.606430831429855,0.6476948801321543,0.6889589288344534,15,437788
qsize=10000,65baffe3161e376e238e0d0a44d7b27b,ERR845564,0.0001,1,21,1000,DNA,a9bf582e3306bae0e428407e090fe0bc,0.000028855864954552014,0.0001,17.0,17.0,0.0,0.6449466771037624,0.6178183845567956,0.631382530830279,0.6449466771037624,17,423794
qsize=5000,6424f418433b237c8a9c44a818715253,SRR3989592,0.0018,9,21,1000,DNA,c5208f0418639f3e17e51b6480690b2e,3.1447584738137708e-6,0.0018,1.2222222222222223,1.0,0.41573970964154905,0.7401141215342868,0.547036676429385,0.6435753989818359,0.7401141215342868,11,3663834
qsize=10000,65baffe3161e376e238e0d0a44d7b27b,SRR3989592,0.0011,11,21,1000,DNA,c5208f0418639f3e17e51b6480690b2e,3.836892981729762e-6,0.0011,1.2727272727272727,1.0,0.44536177141512323,0.7229594475203538,0.55228907606425,0.6376242617923019,0.7229594475203538,14,3663834
qsize=1000,06e3ed33658503f35a60705dda70ec6b,ERR12076117,0.001,1,21,1000,DNA,83dac6de9176d5468f0bb07f0417a523,2.1826064599039916e-7,0.001,4.0,4.0,0.0,0.719685673001152,0.4817401725622865,0.6007129227817193,0.719685673001152,4,9309583
qsize=5000,6424f418433b237c8a9c44a818715253,ERR12076117,0.003,15,21,1000,DNA,83dac6de9176d5468f0bb07f0417a523,3.271063906993622e-6,0.003,1.4666666666666666,1.0,0.6182412330330469,0.7583381711996433,0.5480462488573056,0.6531922100284744,0.7583381711996433,22,9309583
qsize=10000,65baffe3161e376e238e0d0a44d7b27b,ERR12076117,0.0019,19,21,1000,DNA,83dac6de9176d5468f0bb07f0417a523,4.138838424104595e-6,0.0019,2.210526315789474,1.0,1.541665106934401,0.7420220963576074,0.5542502433683103,0.6481361698629589,0.7420220963576074,42,9309583
qsize=10000,65baffe3161e376e238e0d0a44d7b27b,ERR10917940,0.0002,2,21,1000,DNA,6087d3fe4805200a39cf4da812f97a53,0.00004809542131589073,0.0002,1.0,1.0,0.0,0.666589657745114,0.6310635738198533,0.6488266157824837,0.666589657745114,2,843446
qsize=5000,6424f418433b237c8a9c44a818715253,ERR9353847,0.0006,3,21,1000,DNA,6d4b484733f5c0e001e0a3d5a4f11cc6,5.670252156113382e-6,0.0006,10.666666666666666,2.0,12.970050972229147,0.7023905031859884,0.5628177604752049,0.6326041318305966,0.7023905031859884,32,5313148
qsize=10000,65baffe3161e376e238e0d0a44d7b27b,ERR9353847,0.0003,3,21,1000,DNA,6d4b484733f5c0e001e0a3d5a4f11cc6,5.617167561980763e-6,0.0003,12.333333333333334,4.0,13.224556283251582,0.6795851327658305,0.5628177604752049,0.6212014466205178,0.6795851327658305,37,5313148
qsize=1000,06e3ed33658503f35a60705dda70ec6b,SRR27388019,0.001,1,21,1000,DNA,36d1469e3bb51f87c7808940bc79fe28,0.000011000374012716432,0.001,1.0,1.0,0.0,0.719685673001152,0.5809049418738199,0.650295307437486,0.719685673001152,1,2110946
qsize=10000,65baffe3161e376e238e0d0a44d7b27b,ERR2909203,0.0001,1,21,1000,DNA,b874880e276331eee81ad834377e2889,0.00004076142338890474,0.0001,6.0,6.0,0.0,0.6449466771037624,0.6335650080512208,0.6392558425774917,0.6449466771037624,6,79774
qsize=5000,6424f418433b237c8a9c44a818715253,SRR16846786,0.0002,1,21,1000,DNA,fac3128381d37533a3f7884aa317da4f,1.141424817771528e-6,0.0002,1.0,1.0,0.0,0.666589657745114,0.521362321901438,0.593975989823276,0.666589657745114,1,1547185
qsize=10000,65baffe3161e376e238e0d0a44d7b27b,SRR16846786,0.0006,6,21,1000,DNA,fac3128381d37533a3f7884aa317da4f,6.809723831650007e-6,0.0006,1.6666666666666667,2.0,0.4714045207910317,0.7023905031859884,0.5677987911606066,0.6350946471732974,0.7023905031859884,10,1547185
qsize=1000,06e3ed33658503f35a60705dda70ec6b,ERR1945639,0.001,1,21,1000,DNA,5cd50a1c82124cbf7be54f39ed9c9f80,0.00001087618550421996,0.001,1.0,1.0,0.0,0.719685673001152,0.5805874914685412,0.6501365822348466,0.719685673001152,1,850366
qsize=5000,6424f418433b237c8a9c44a818715253,SRR7043018,0.0002,1,21,1000,DNA,0ed983b1ed3e7c3692df774de673fa76,7.50846579518407e-6,0.0002,10.0,10.0,0.0,0.666589657745114,0.5711758255977674,0.6188827416714406,0.666589657745114,10,1181129
qsize=10000,65baffe3161e376e238e0d0a44d7b27b,SRR16643166,0.0004,4,21,1000,DNA,66af64a4fc083e909d73fb6316b30bb5,0.000014606109735702444,0.0004,1.5,1.0,0.8660254037844386,0.6889589288344534,0.589533815308319,0.6392463720713862,0.6889589288344534,6,1363044
qsize=5000,6424f418433b237c8a9c44a818715253,SRR10680719,0.0002,1,21,1000,DNA,ec7bd5c477c89c3774f0f74c561236f6,1.606451509261193e-6,0.0002,12.0,12.0,0.0,0.666589657745114,0.5299753668961908,0.5982825123206524,0.666589657745114,12,7550696
qsize=10000,65baffe3161e376e238e0d0a44d7b27b,SRR10680719,0.0006,6,21,1000,DNA,ec7bd5c477c89c3774f0f74c561236f6,9.561981561312223e-6,0.0006,41.0,7.0,71.19925093238926,0.7023905031859884,0.5771789790468288,0.6397847411164086,0.7023905031859884,246,7550696
qsize=5000,6424f418433b237c8a9c44a818715253,SRR10113582,0.0002,1,21,1000,DNA,a71ec733e530651cc39548deac5b550d,6.57745878564325e-7,0.0002,1.0,1.0,0.0,0.666589657745114,0.5077967624267113,0.5871932100859127,0.666589657745114,1,2247082
qsize=10000,65baffe3161e376e238e0d0a44d7b27b,SRR10113582,0.0008,8,21,1000,DNA,a71ec733e530651cc39548deac5b550d,5.2447426372008285e-6,0.0008,1.75,1.5,0.9682458365518543,0.7120788630690342,0.5606530804728441,0.6363659717709391,0.7120788630690342,14,2247082
qsize=1000,06e3ed33658503f35a60705dda70ec6b,SRR2502777,0.001,1,21,1000,DNA,65681f6751a9b8b8e9347c831355b1f0,7.468259895444361e-6,0.001,1.0,1.0,0.0,0.719685673001152,0.5701937653979751,0.6449397191995636,0.719685673001152,1,680795
qsize=10000,65baffe3161e376e238e0d0a44d7b27b,SRR6467846,0.0001,1,21,1000,DNA,fa352d24ec5ef9dbfc64b782b352ec95,0.000028110417720807333,0.0001,46.0,46.0,0.0,0.6449466771037624,0.61674269902151,0.6308446880626362,0.6449466771037624,46,582193
qsize=10000,65baffe3161e376e238e0d0a44d7b27b,ERR046499,0.0001,1,21,1000,DNA,2ccc3df6166b0e804248a9517b9aba50,0.000019281196976708315,0.0001,1.0,1.0,0.0,0.6449466771037624,0.6024372988306158,0.6236919879671892,0.6449466771037624,1,241369
qsize=1000,06e3ed33658503f35a60705dda70ec6b,ERR10101792,0.001,1,21,1000,DNA,4c6e5c32373e2f3868c9199b75f1fc1d,5.445329976105892e-7,0.001,5.0,5.0,0.0,0.719685673001152,0.5031838472339066,0.6114347601175294,0.719685673001152,5,71731765
qsize=5000,6424f418433b237c8a9c44a818715253,ERR10101792,0.0004,2,21,1000,DNA,4c6e5c32373e2f3868c9199b75f1fc1d,1.0866996117765637e-6,0.0004,16.5,16.5,15.5,0.6889589288344534,0.5200695815920234,0.6045142552132384,0.6889589288344534,33,71731765
qsize=10000,65baffe3161e376e238e0d0a44d7b27b,ERR10101792,0.0004,4,21,1000,DNA,4c6e5c32373e2f3868c9199b75f1fc1d,2.167512990176289e-6,0.0004,317.5,45.0,498.32644922781293,0.6889589288344534,0.5375219637596442,0.6132404462970489,0.6889589288344534,1270,71731765
qsize=1000,06e3ed33658503f35a60705dda70ec6b,SRR26802392,0.001,1,21,1000,DNA,6e930084c3d5dd18652ea5c8da4a18c4,8.084989408663874e-6,0.001,1.0,1.0,0.0,0.719685673001152,0.572369205209076,0.646027439105114,0.719685673001152,1,1081773
qsize=10000,65baffe3161e376e238e0d0a44d7b27b,SRR16988745,0.0001,1,21,1000,DNA,1d43c8db8e4d3df2e3c07856c5dac2a7,0.000016569184630424336,0.0001,10.0,10.0,0.0,0.6449466771037624,0.5971640024597654,0.621055339781764,0.6449466771037624,10,1367953
qsize=5000,6424f418433b237c8a9c44a818715253,SRR8530193,0.0002,1,21,1000,DNA,6eddaa36eb6dfcd9a11e91d15b3f177a,0.00001703838748700823,0.0002,1.0,1.0,0.0,0.666589657745114,0.5953415727152989,0.6309656152302064,0.666589657745114,1,507369
qsize=10000,65baffe3161e376e238e0d0a44d7b27b,SRR32603438,0.0001,1,21,1000,DNA,2c34698bb07b035d2c6ccd6746d830d5,0.000023136365739669612,0.0001,3.0,3.0,0.0,0.6449466771037624,0.609106716315881,0.6270266967098217,0.6449466771037624,3,1558156
qsize=10000,65baffe3161e376e238e0d0a44d7b27b,SRR16950820,0.0001,1,21,1000,DNA,7f1bb053935df82e172c9066e5e3b778,0.000016409852475426246,0.0001,1.0,1.0,0.0,0.6449466771037624,0.5968350725057422,0.6208908748047524,0.6449466771037624,1,559786
qsize=10000,65baffe3161e376e238e0d0a44d7b27b,SRR33021664,0.0001,1,21,1000,DNA,88688eb71002f07ea6230857ff6c9928,0.000016897600540723217,0.0001,37.0,37.0,0.0,0.6449466771037624,0.5978346438766415,0.621390660490202,0.6449466771037624,37,722733
qsize=10000,65baffe3161e376e238e0d0a44d7b27b,ERR049967,0.0001,1,21,1000,DNA,140b11a8e73e16153548564ec611f4a5,0.000010634903754121024,0.0001,1.0,1.0,0.0,0.6449466771037624,0.5827776386849446,0.6138621578943535,0.6449466771037624,1,390357
qsize=5000,6424f418433b237c8a9c44a818715253,ERR1302689,0.0004,2,21,1000,DNA,6f513caf12ddc69b9cb8502342c35c09,0.000023424415268033872,0.0004,2.0,2.0,1.0,0.6889589288344534,0.6036087316945788,0.6462838302645162,0.6889589288344534,4,542609
qsize=100,36c3fdb0e95a270b636308b47d19df42,SRR13826151,0.01,1,21,1000,DNA,bc556a8ae78645a4889010098ebaf4cb,1.2847740146746888e-6,0.01,1.0,1.0,0.0,0.8030857221391514,0.5241680804747791,0.6636269013069653,0.8030857221391514,1,14371608
qsize=5000,6424f418433b237c8a9c44a818715253,SRR13826151,0.0004,2,21,1000,DNA,bc556a8ae78645a4889010098ebaf4cb,2.553476174790551e-6,0.0004,11.5,11.5,7.5,0.6889589288344534,0.541757999178562,0.6153584640065077,0.6889589288344534,23,14371608
qsize=10000,65baffe3161e376e238e0d0a44d7b27b,SRR13826151,0.0006,6,21,1000,DNA,bc556a8ae78645a4889010098ebaf4cb,7.611875540760325e-6,0.0006,26.666666666666668,7.0,33.06895153396242,0.7023905031859884,0.5708544518006418,0.6366224774933151,0.7023905031859884,160,14371608
qsize=5000,6424f418433b237c8a9c44a818715253,ERR3310238,0.0006,3,21,1000,DNA,26023a71390b177b5d2419595af3bfe9,3.952272358992803e-6,0.0006,1.0,1.0,0.0,0.7023905031859884,0.5531508551645746,0.6277706791752815,0.7023905031859884,3,1709514
qsize=10000,65baffe3161e376e238e0d0a44d7b27b,ERR3310238,0.0001,1,21,1000,DNA,26023a71390b177b5d2419595af3bfe9,1.30879945135127e-6,0.0001,1.0,1.0,0.0,0.6449466771037624,0.5249567549006782,0.5849517160022203,0.6449466771037624,1,1709514
qsize=5000,6424f418433b237c8a9c44a818715253,SRR9178342,0.0016,8,21,1000,DNA,745f040fd8bd091ca7d8aa703585c356,7.226732405842452e-6,0.0016,1.25,1.0,0.4330127018922193,0.735974651039796,0.5692213528311179,0.6525980019354569,0.735974651039796,10,2628653
qsize=10000,65baffe3161e376e238e0d0a44d7b27b,SRR9178342,0.0004,4,21,1000,DNA,745f040fd8bd091ca7d8aa703585c356,3.5971061281199276e-6,0.0004,1.0,1.0,0.0,0.6889589288344534,0.550739747878467,0.6198493383564603,0.6889589288344534,4,2628653
qsize=5000,6424f418433b237c8a9c44a818715253,SRR15723158,0.0002,1,21,1000,DNA,56a56af02c89dabc503dd4289e14fcc9,0.00001306369859434603,0.0002,1.0,1.0,0.0,0.666589657745114,0.5872572695193119,0.626923463632213,0.666589657745114,1,847837
qsize=5000,6424f418433b237c8a9c44a818715253,SRR27434587,0.0006,3,21,1000,DNA,7a966ef926c4ebd0ad9412476aec338d,5.861332593502908e-6,0.0006,1.0,1.0,0.0,0.7023905031859884,0.5637153592556495,0.633052931220819,0.7023905031859884,3,3151408
qsize=10000,65baffe3161e376e238e0d0a44d7b27b,SRR27434587,0.0005,5,21,1000,DNA,7a966ef926c4ebd0ad9412476aec338d,9.67441716473791e-6,0.0005,6.0,2.0,5.549774770204643,0.6963187591769685,0.5775958898458543,0.6369573245114114,0.6963187591769685,30,3151408
qsize=100,36c3fdb0e95a270b636308b47d19df42,DRR121212,0.01,1,21,1000,DNA,8ce1873504301e076a290b99141a609b,1.4446754319940711e-6,0.01,2.0,2.0,0.0,0.8030857221391514,0.5271045695870178,0.6650951458630846,0.8030857221391514,2,1216959
qsize=5000,6424f418433b237c8a9c44a818715253,DRR121212,0.0002,1,21,1000,DNA,8ce1873504301e076a290b99141a609b,1.4345205903912942e-6,0.0002,2.0,2.0,0.0,0.666589657745114,0.5271045695870178,0.5968471136660659,0.666589657745114,2,1216959
qsize=10000,65baffe3161e376e238e0d0a44d7b27b,DRR121212,0.0009,9,21,1000,DNA,8ce1873504301e076a290b99141a609b,0.000012818887633903963,0.0009,2.2222222222222223,2.0,2.096440251568134,0.7160839323187163,0.5852439067180585,0.6506639195183874,0.7160839323187163,20,1216959
qsize=10000,65baffe3161e376e238e0d0a44d7b27b,SRR10561725,0.0003,3,21,1000,DNA,dffdcdb27db2ab6fbd897c62c3a13747,0.000016620774860523997,0.0003,5.666666666666667,1.0,6.599663291074443,0.6795851327658305,0.5937318233079432,0.6366584780368869,0.6795851327658305,17,976065
qsize=10000,65baffe3161e376e238e0d0a44d7b27b,ERR10900973,0.0001,1,21,1000,DNA,a0db3a7a31136716893fc0916dc51f52,0.000011681151294271564,0.0001,4.0,4.0,0.0,0.6449466771037624,0.5857158498397383,0.6153312634717504,0.6449466771037624,4,1365891
qsize=10000,65baffe3161e376e238e0d0a44d7b27b,SRR24725457,0.0001,1,21,1000,DNA,bc4648d878cc42128dee2845ee699757,4.928123321357994e-6,0.0001,1.0,1.0,0.0,0.6449466771037624,0.5601645013079009,0.6025555892058316,0.6449466771037624,1,274727
qsize=10000,65baffe3161e376e238e0d0a44d7b27b,SRR5328466,0.0001,1,21,1000,DNA,da7f4f4fb564aa00f890b7a805f0655d,0.000018904306400998148,0.0001,13.0,13.0,0.0,0.6449466771037624,0.6017377775522635,0.6233422273280129,0.6449466771037624,13,264877
qsize=5000,6424f418433b237c8a9c44a818715253,SRR11183459,0.0004,2,21,1000,DNA,a5473d5b55596a2e03ca0ad2a4e144ac,5.137043477367471e-6,0.0004,7.5,7.5,5.5,0.6889589288344534,0.5602687615776215,0.6246138452060375,0.6889589288344534,15,948907
qsize=10000,65baffe3161e376e238e0d0a44d7b27b,SRR11183459,0.0003,3,21,1000,DNA,a5473d5b55596a2e03ca0ad2a4e144ac,7.607879734637155e-6,0.0003,3.6666666666666665,3.0,2.494438257849294,0.6795851327658305,0.5711914613395699,0.6253882970527003,0.6795851327658305,11,948907
qsize=10000,65baffe3161e376e238e0d0a44d7b27b,ERR9796821,0.0003,3,21,1000,DNA,6d1b5db28664f95a203b81759f81411f,0.00002629733520336606,0.0003,22.666666666666668,1.0,30.641293851417057,0.6795851327658305,0.6078511071419678,0.6437181199538992,0.6795851327658305,68,1150193
qsize=5000,6424f418433b237c8a9c44a818715253,ERR3426055,0.0002,1,21,1000,DNA,bf3297482576bc425edd4c1078179101,0.000018865076969514034,0.0002,1.0,1.0,0.0,0.666589657745114,0.5985216621405484,0.6325556599428312,0.666589657745114,1,357502
qsize=10000,65baffe3161e376e238e0d0a44d7b27b,SRR5963321,0.0001,1,21,1000,DNA,fc30c22939a4be8039362df07cffbb1d,5.1596392380244775e-6,0.0001,1.0,1.0,0.0,0.6449466771037624,0.5614556000847478,0.6032011385942551,0.6449466771037624,1,6103283
qsize=5000,6424f418433b237c8a9c44a818715253,SRR31718673,0.0002,1,21,1000,DNA,32a2ea3877227a6ced8356d540a61c25,0.000016681123640488423,0.0002,1.0,1.0,0.0,0.666589657745114,0.5946858827359786,0.6306377702405463,0.666589657745114,1,608518
qsize=10000,65baffe3161e376e238e0d0a44d7b27b,SRR31718673,0.0001,1,21,1000,DNA,32a2ea3877227a6ced8356d540a61c25,0.000015396932930960152,0.0001,3.0,3.0,0.0,0.6449466771037624,0.5946858827359786,0.6198162799198705,0.6449466771037624,3,608518
qsize=10000,65baffe3161e376e238e0d0a44d7b27b,SRR25321368,0.0001,1,21,1000,DNA,094c8e228789900739c939fdd2453380,4.679873269031875e-6,0.0001,1.0,1.0,0.0,0.6449466771037624,0.5587180872685241,0.6018323821861433,0.6449466771037624,1,6582850
qsize=10000,65baffe3161e376e238e0d0a44d7b27b,DRR360408,0.0001,1,21,1000,DNA,64765792e5edbba8844abcede74b7c80,0.000014565581530842619,0.0001,1.0,1.0,0.0,0.6449466771037624,0.592840005593091,0.6188933413484268,0.6449466771037624,1,817369
qsize=10000,65baffe3161e376e238e0d0a44d7b27b,ERR3905224,0.0001,1,21,1000,DNA,74b175a3f0cd8469700686bdcb6b043d,0.000017297147700344214,0.0001,1.0,1.0,0.0,0.6449466771037624,0.5986376728566585,0.6217921749802104,0.6449466771037624,1,555429
qsize=10000,65baffe3161e376e238e0d0a44d7b27b,ERR376635,0.0003,3,21,1000,DNA,3ed99842dca94ced86aff948f8181bc7,0.000042149039001910756,0.0003,29.0,1.0,39.59797974644666,0.6795851327658305,0.623428444340649,0.6515067885532397,0.6795851327658305,87,436925
qsize=10000,65baffe3161e376e238e0d0a44d7b27b,SRR7267768,0.0002,2,21,1000,DNA,699071584004b8c5e74c575c70f564a0,7.273547199866167e-6,0.0002,2.5,2.5,1.5,0.666589657745114,0.5702787926415601,0.618434225193337,0.666589657745114,5,836145
qsize=100,36c3fdb0e95a270b636308b47d19df42,DRR582223,0.02,2,21,1000,DNA,fe29eda7bcdbccc3c009281bdd59adae,5.390919858046298e-7,0.02,13.5,13.5,12.5,0.8300354985387393,0.5029308801399652,0.6664831893393522,0.8300354985387393,27,35066244
qsize=1000,06e3ed33658503f35a60705dda70ec6b,DRR582223,0.001,1,21,1000,DNA,fe29eda7bcdbccc3c009281bdd59adae,2.694805466035615e-7,0.001,1.0,1.0,0.0,0.719685673001152,0.4866016089364067,0.6031436409687794,0.719685673001152,1,35066244
qsize=5000,6424f418433b237c8a9c44a818715253,DRR582223,0.0012,6,21,1000,DNA,fe29eda7bcdbccc3c009281bdd59adae,1.6151444558282218e-6,0.0012,1.1666666666666667,1.0,0.3726779962499649,0.7259611712781008,0.5299420263498252,0.627951598813963,0.7259611712781008,7,35066244
qsize=10000,65baffe3161e376e238e0d0a44d7b27b,DRR582223,0.0012,12,21,1000,DNA,fe29eda7bcdbccc3c009281bdd59adae,3.225952139774054e-6,0.0012,2.0,1.0,2.19848432637882,0.7259611712781008,0.5477257058763773,0.636843438577239,0.7259611712781008,24,35066244
qsize=10000,65baffe3161e376e238e0d0a44d7b27b,SRR22474736,0.0001,1,21,1000,DNA,65ecd03286e90972ec9b13395946a9d8,4.174493842621582e-6,0.0001,1.0,1.0,0.0,0.6449466771037624,0.5555460174609063,0.6002463472823343,0.6449466771037624,1,4433874
qsize=5000,6424f418433b237c8a9c44a818715253,SRR5258779,0.0008,4,21,1000,DNA,0c28cbe97480a189c1e9efe8eee2bea1,5.978867692142123e-6,0.0008,1.75,1.5,0.82915619758885,0.7120788630690342,0.5641863615577244,0.6381326123133793,0.7120788630690342,7,3243394
qsize=10000,65baffe3161e376e238e0d0a44d7b27b,SRR5258779,0.0002,2,21,1000,DNA,0c28cbe97480a189c1e9efe8eee2bea1,2.967248989280813e-6,0.0002,2.0,2.0,0.0,0.666589657745114,0.5458682338168684,0.6062289457809913,0.666589657745114,4,3243394
qsize=10000,65baffe3161e376e238e0d0a44d7b27b,SRR10564166,0.0002,2,21,1000,DNA,4fe44ee135dc1b5bfc533889e0b97c8f,9.58860107104674e-6,0.0002,6.0,6.0,4.0,0.666589657745114,0.5781650114294695,0.6223773345872918,0.666589657745114,12,1026565
qsize=5000,6424f418433b237c8a9c44a818715253,SRR12387991,0.0002,1,21,1000,DNA,3a2233748f262c611cf96e14f9e7d2d2,0.00004325633705337832,0.0002,1.0,1.0,0.0,0.666589657745114,0.6269482631365871,0.6467689604408506,0.666589657745114,1,277431
qsize=100,36c3fdb0e95a270b636308b47d19df42,SRR22404431,0.01,1,21,1000,DNA,9aa7bbffe9431bf3fa7790ec3cf86d4e,4.344696016826139e-7,0.01,1.0,1.0,0.0,0.8030857221391514,0.49779046667948534,0.6504380944093184,0.8030857221391514,1,5981455
qsize=1000,06e3ed33658503f35a60705dda70ec6b,SRR22404431,0.001,1,21,1000,DNA,9aa7bbffe9431bf3fa7790ec3cf86d4e,4.342997806351808e-7,0.001,1.0,1.0,0.0,0.719685673001152,0.49779046667948534,0.6087380698403186,0.719685673001152,1,5981455
qsize=5000,6424f418433b237c8a9c44a818715253,SRR22404431,0.0016,8,21,1000,DNA,9aa7bbffe9431bf3fa7790ec3cf86d4e,3.4683835165073376e-6,0.0016,1.5,1.5,0.5,0.735974651039796,0.5496052342676131,0.6427899426537045,0.735974651039796,12,5981455
qsize=10000,65baffe3161e376e238e0d0a44d7b27b,SRR22404431,0.0007,7,21,1000,DNA,9aa7bbffe9431bf3fa7790ec3cf86d4e,3.028269763461849e-6,0.0007,3.2857142857142856,2.0,2.4907993963089563,0.7075653765539904,0.5461215810627237,0.626843478808357,0.7075653765539904,23,5981455
qsize=10000,65baffe3161e376e238e0d0a44d7b27b,SRR29541826,0.0001,1,21,1000,DNA,7dc989b03d068b1de618dfe124ea713a,5.6161160064922305e-6,0.0001,200.0,200.0,0.0,0.6449466771037624,0.5638562047710624,0.6044014409374123,0.6449466771037624,200,3789141
qsize=5000,6424f418433b237c8a9c44a818715253,ERR3451487,0.0002,1,21,1000,DNA,dfa9e6defbe887ba8272e663d71a105d,2.770443797391904e-6,0.0002,15.0,15.0,0.0,0.666589657745114,0.5440613948135444,0.6053255262793292,0.666589657745114,15,3229547
qsize=10000,65baffe3161e376e238e0d0a44d7b27b,ERR3451487,0.0003,3,21,1000,DNA,dfa9e6defbe887ba8272e663d71a105d,8.197818833668989e-6,0.0003,2.3333333333333335,1.0,1.8856180831641267,0.6795851327658305,0.5732815569924092,0.62643334487912,0.6795851327658305,7,3229547
qsize=10000,65baffe3161e376e238e0d0a44d7b27b,ERR731395,0.0001,1,21,1000,DNA,63b75a094f035db5f6258205a30f51dc,0.000015259953304542888,0.0001,1.0,1.0,0.0,0.6449466771037624,0.5943870871397967,0.6196668821217796,0.6449466771037624,1,400176
qsize=5000,6424f418433b237c8a9c44a818715253,ERR2791540,0.0002,1,21,1000,DNA,04e352bc665f7e7f450f608cbea6e2c5,0.000019545756616238615,0.0002,1.0,1.0,0.0,0.666589657745114,0.5996402281543218,0.6331149429497179,0.666589657745114,1,394577
qsize=10000,65baffe3161e376e238e0d0a44d7b27b,SRR17177992,0.0001,1,21,1000,DNA,9ce683a4c06a9e606e56914c6217c490,8.183774847986383e-6,0.0001,61.0,61.0,0.0,0.6449466771037624,0.5748112449940406,0.6098789610489015,0.6449466771037624,61,1295770
qsize=5000,6424f418433b237c8a9c44a818715253,SRR25542913,0.0006,3,21,1000,DNA,13d0c6d9ac7864492393b035e4ecdf7c,1.806858836141995e-6,0.0006,2.6666666666666665,3.0,0.4714045207910317,0.7023905031859884,0.5328224756898072,0.6176064894378979,0.7023905031859884,8,5300454
qsize=10000,65baffe3161e376e238e0d0a44d7b27b,SRR25542913,0.0008,8,21,1000,DNA,13d0c6d9ac7864492393b035e4ecdf7c,4.803838266775153e-6,0.0008,5.0,2.0,5.5677643628300215,0.7120788630690342,0.5582988862082164,0.6351888746386254,0.7120788630690342,40,5300454
qsize=5000,6424f418433b237c8a9c44a818715253,SRR27825314,0.0002,1,21,1000,DNA,aa79a78bb40c647f561b3ea56db260ad,1.6772613676389192e-6,0.0002,1.0,1.0,0.0,0.666589657745114,0.5310740963041348,0.5988318770246244,0.666589657745114,1,14420800
qsize=10000,65baffe3161e376e238e0d0a44d7b27b,SRR27825314,0.0002,2,21,1000,DNA,aa79a78bb40c647f561b3ea56db260ad,3.326630173533663e-6,0.0002,1.0,1.0,0.0,0.666589657745114,0.5488957655885623,0.6077427116668381,0.666589657745114,2,14420800
qsize=1000,06e3ed33658503f35a60705dda70ec6b,SRR10905791,0.001,1,21,1000,DNA,2cee2389e5c14a4df7f753bbe215d23a,0.000036651517372819234,0.001,32.0,32.0,0.0,0.719685673001152,0.6159390164131106,0.6678123447071314,0.719685673001152,32,919232
qsize=5000,6424f418433b237c8a9c44a818715253,SRR31718945,0.0002,1,21,1000,DNA,a3e188dd60186bac7bbbf2b635fd3b3d,0.00001448666502484463,0.0002,3.0,3.0,0.0,0.666589657745114,0.5903704278042626,0.6284800427746884,0.666589657745114,3,584019
qsize=10000,65baffe3161e376e238e0d0a44d7b27b,SRR31718945,0.0002,2,21,1000,DNA,a3e188dd60186bac7bbbf2b635fd3b3d,0.000027016804452369373,0.0002,1.5,1.5,0.5,0.666589657745114,0.6101819505142843,0.6383858041296991,0.666589657745114,3,584019
qsize=5000,6424f418433b237c8a9c44a818715253,SRR7802038,0.0002,1,21,1000,DNA,57cbbf148e0385fbb3a9d6196a8d53f9,0.000014108750246903129,0.0002,1.0,1.0,0.0,0.666589657745114,0.5895706525533025,0.6280801551492083,0.666589657745114,1,3186753
qsize=10000,65baffe3161e376e238e0d0a44d7b27b,SRR28858670,0.0001,1,21,1000,DNA,1335f002e32a62a733b8c37a26a18d59,0.000021325599249338905,0.0001,1.0,1.0,0.0,0.6449466771037624,0.6060751498433729,0.6255109134735677,0.6449466771037624,1,564140
qsize=5000,6424f418433b237c8a9c44a818715253,SRR33320810,0.0002,1,21,1000,DNA,ed7646568982bb4daaad5f3e81d298ba,5.149065444621801e-6,0.0002,1.0,1.0,0.0,0.666589657745114,0.5606822906892013,0.6136359742171577,0.666589657745114,1,368374
qsize=10000,65baffe3161e376e238e0d0a44d7b27b,SRR12339224,0.0001,1,21,1000,DNA,8e47d9ba8a459ddd12eade6e45769fd0,0.000011375399560909577,0.0001,1.0,1.0,0.0,0.6449466771037624,0.58488029543727,0.6149134862705162,0.6449466771037624,1,2037895
qsize=1000,06e3ed33658503f35a60705dda70ec6b,SRR30409612,0.003,3,21,1000,DNA,ed5be6050cd90c410d66014d1acfee80,2.177562828131499e-6,0.003,7.0,1.0,8.48528137423857,0.7583381711996433,0.5375198766562005,0.6479290239279218,0.7583381711996433,21,9372144
qsize=5000,6424f418433b237c8a9c44a818715253,SRR30409612,0.0006,3,21,1000,DNA,ed5be6050cd90c410d66014d1acfee80,2.171258758315016e-6,0.0006,1.0,1.0,0.0,0.7023905031859884,0.5375198766562005,0.6199551899210944,0.7023905031859884,3,9372144
qsize=10000,65baffe3161e376e238e0d0a44d7b27b,SRR30409612,0.0007,7,21,1000,DNA,ed5be6050cd90c410d66014d1acfee80,5.048017463255841e-6,0.0007,8.714285714285714,2.0,12.185638921220642,0.7075653765539904,0.5596509334799591,0.6336081550169748,0.7075653765539904,61,9372144
qsize=5000,6424f418433b237c8a9c44a818715253,SRR23581367,0.0012,6,21,1000,DNA,d71fd67734b1b13ed64772788cf0cdd8,3.968036146163934e-6,0.0012,2.5,1.0,2.929732638541158,0.7259611712781008,0.5531688688519748,0.6395650200650378,0.7259611712781008,15,7245199
qsize=10000,65baffe3161e376e238e0d0a44d7b27b,SRR23581367,0.001,10,21,1000,DNA,d71fd67734b1b13ed64772788cf0cdd8,6.591614543474664e-6,0.001,1.7,1.5,0.9000000000000001,0.719685673001152,0.566789710078986,0.643237691540069,0.719685673001152,17,7245199
qsize=5000,6424f418433b237c8a9c44a818715253,SRR4217697,0.0002,1,21,1000,DNA,1ceeb23d0dc2385e0e82d22903323797,0.00001036011769093697,0.0002,1.0,1.0,0.0,0.666589657745114,0.5804117595600202,0.6235007086525671,0.666589657745114,1,794553
qsize=5000,6424f418433b237c8a9c44a818715253,SRR30009073,0.0004,2,21,1000,DNA,b23f7487878e5ef491969fc990c3ac7c,5.926470283196383e-6,0.0004,1.0,1.0,0.0,0.6889589288344534,0.5641493680632196,0.6265541484488365,0.6889589288344534,2,1432349
qsize=10000,65baffe3161e376e238e0d0a44d7b27b,SRR30009073,0.0001,1,21,1000,DNA,b23f7487878e5ef491969fc990c3ac7c,2.9199637924489736e-6,0.0001,1.0,1.0,0.0,0.6449466771037624,0.5458324414353364,0.5953895592695494,0.6449466771037624,1,1432349
qsize=5000,6424f418433b237c8a9c44a818715253,SRR34320024,0.0002,1,21,1000,DNA,902df31d38d625a391e90871896564c7,0.00002856000456960073,0.0002,1.0,1.0,0.0,0.666589657745114,0.6120591742315541,0.639324415988334,0.666589657745114,1,318442
qsize=10000,65baffe3161e376e238e0d0a44d7b27b,ERR2529276,0.0001,1,21,1000,DNA,d3650e4a794fcb7dea63fadbaea6d1ef,0.00005190760446405398,0.00010792143319663285,15.0,15.0,0.0,0.6449466771037624,0.6472921897890479,0.6461194334464051,0.6472921897890479,15,68081
qsize=100,36c3fdb0e95a270b636308b47d19df42,SRR25791247,0.01,1,21,1000,DNA,0e9b1c5c364d84c3acd95f2662cd7bf2,0.00007219695328857122,0.01,1.0,1.0,0.0,0.8030857221391514,0.635235790080966,0.7191607561100587,0.8030857221391514,1,179719
qsize=10000,65baffe3161e376e238e0d0a44d7b27b,SRR6118454,0.0002,2,21,1000,DNA,1e12882f326afbdc02543c68e1a028eb,0.000013335911609577852,0.0002,1.0,1.0,0.0,0.666589657745114,0.587875057885146,0.62723235781513,0.666589657745114,2,1466737
qsize=5000,6424f418433b237c8a9c44a818715253,ERR2506031,0.0002,1,21,1000,DNA,410ba7974ce9fb417d157b48ff9a4006,3.6171336386194122e-6,0.0002,1.0,1.0,0.0,0.666589657745114,0.5511272363186714,0.6088584470318927,0.666589657745114,1,2842518
qsize=10000,65baffe3161e376e238e0d0a44d7b27b,ERR2506031,0.0002,2,21,1000,DNA,410ba7974ce9fb417d157b48ff9a4006,7.105780196901169e-6,0.0002,1.0,1.0,0.0,0.666589657745114,0.5696218445243163,0.6181057511347152,0.666589657745114,2,2842518
qsize=10000,65baffe3161e376e238e0d0a44d7b27b,SRR26957865,0.0002,2,21,1000,DNA,3c81723e36d45e5062822e3d28fa5cb4,7.832018859501414e-6,0.0002,1.0,1.0,0.0,0.666589657745114,0.5723703160137371,0.6194799868794256,0.666589657745114,2,3148799
qsize=10000,65baffe3161e376e238e0d0a44d7b27b,ERR11586569,0.0001,1,21,1000,DNA,06885e83ca2d6a63184f2b203ef79815,0.00003086324496157526,0.0001,1.0,1.0,0.0,0.6449466771037624,0.620645321612671,0.6327959993582167,0.6449466771037624,1,465634
qsize=10000,65baffe3161e376e238e0d0a44d7b27b,ERR3566017,0.0001,1,21,1000,DNA,1a1eb34a46b52bf40a70dfb09fc648e9,0.000022052661756273983,0.0001,1.0,1.0,0.0,0.6449466771037624,0.6073118886083467,0.6261292828560545,0.6449466771037624,1,307999
qsize=10000,65baffe3161e376e238e0d0a44d7b27b,ERR2692026,0.0001,1,21,1000,DNA,5f9041de0e36c0abe15fd866fdfc8ca2,0.00001939525592040187,0.0001,10.0,10.0,0.0,0.6449466771037624,0.6026470979800713,0.6237968875419169,0.6449466771037624,10,252806
qsize=5000,6424f418433b237c8a9c44a818715253,SRR24600038,0.0004,2,21,1000,DNA,f0372ea9c24cac1e6d1794b41ed79ce2,4.085251018248816e-6,0.0004,10.0,10.0,9.0,0.6889589288344534,0.5541196918634448,0.621539310348949,0.6889589288344534,20,3049049
qsize=10000,65baffe3161e376e238e0d0a44d7b27b,SRR24600038,0.0004,4,21,1000,DNA,f0372ea9c24cac1e6d1794b41ed79ce2,8.087931996667773e-6,0.0004,1.0,1.0,0.0,0.6889589288344534,0.5727147202429193,0.6308368245386864,0.6889589288344534,4,3049049
qsize=5000,6424f418433b237c8a9c44a818715253,ERR9614939,0.0002,1,21,1000,DNA,70a122123812e69043ebdd09d8334734,1.0582424920340796e-6,0.0002,2.0,2.0,0.0,0.666589657745114,0.5194767709942104,0.5930332143696622,0.666589657745114,2,7609895
qsize=10000,65baffe3161e376e238e0d0a44d7b27b,ERR9614939,0.0006,6,21,1000,DNA,70a122123812e69043ebdd09d8334734,6.3160687104061444e-6,0.0006,48.166666666666664,15.5,52.99187568758903,0.7023905031859884,0.5657452988370895,0.6340679010115389,0.7023905031859884,289,7609895
qsize=5000,6424f418433b237c8a9c44a818715253,SRR31320603,0.0026,13,21,1000,DNA,529e49ffc7f9685b928e13e90d6d5406,2.5634659953277875e-6,0.0026,2.0,2.0,1.109400392450458,0.7531881745740489,0.541718965526755,0.6474535700504019,0.7531881745740489,26,44651264
qsize=10000,65baffe3161e376e238e0d0a44d7b27b,SRR31320603,0.0024,24,21,1000,DNA,529e49ffc7f9685b928e13e90d6d5406,4.727901394888509e-6,0.0024,5.541666666666667,1.0,10.120026213185199,0.750322818735379,0.5577678320845333,0.6540453254099561,0.750322818735379,133,44651264
qsize=10000,65baffe3161e376e238e0d0a44d7b27b,SRR21733002,0.0001,1,21,1000,DNA,fa865ab28a91109be52c1926a78f7bad,0.00002110016247125103,0.0001,1.0,1.0,0.0,0.6449466771037624,0.6056859889416369,0.6253163330226996,0.6449466771037624,1,617807
qsize=5000,6424f418433b237c8a9c44a818715253,SRR9178325,0.0002,1,21,1000,DNA,75fded253d72108e0c2be26511afa6bb,8.829398364795423e-6,0.0002,1.0,1.0,0.0,0.666589657745114,0.5757893377523519,0.6211894977487329,0.666589657745114,1,135612
qsize=5000,6424f418433b237c8a9c44a818715253,SRR28409767,0.0002,1,21,1000,DNA,fc87a031a4e9e3db43495cd55e1e9631,0.00004854133294500267,0.0002,1.0,1.0,0.0,0.666589657745114,0.6314293268019592,0.6490094922735365,0.666589657745114,1,400902
qsize=5000,6424f418433b237c8a9c44a818715253,SRR30189063,0.0002,1,21,1000,DNA,62d8071e71afe75189b9c4bb56bff34e,0.00002793296089385475,0.0002,1.0,1.0,0.0,0.666589657745114,0.6113062249557623,0.6389479413504382,0.666589657745114,1,317028
qsize=10000,65baffe3161e376e238e0d0a44d7b27b,ERR730218,0.0001,1,21,1000,DNA,47a82ea298bbef3fe0dee62a4ddcb7f6,0.00001316049220240837,0.0001,1.0,1.0,0.0,0.6449466771037624,0.5895250925117922,0.6172358848077772,0.6449466771037624,1,472782
qsize=10000,65baffe3161e376e238e0d0a44d7b27b,SRR12580282,0.0001,1,21,1000,DNA,757854f55471afec150f0a6a4632379c,0.00001815837736739845,0.0001,39.0,39.0,0.0,0.6449466771037624,0.6003235617541448,0.6226351194289537,0.6449466771037624,39,516960
qsize=5000,6424f418433b237c8a9c44a818715253,SRR22533692,0.0002,1,21,1000,DNA,d6b116ba0ba86e4ef4aa3d46a4cef04a,2.443267332538457e-6,0.0002,1.0,1.0,0.0,0.666589657745114,0.5407725896435853,0.6036811236943497,0.666589657745114,1,980171
qsize=10000,65baffe3161e376e238e0d0a44d7b27b,SRR22533692,0.0005,5,21,1000,DNA,d6b116ba0ba86e4ef4aa3d46a4cef04a,0.000012069015457994999,0.0005,1.2,1.0,0.4,0.6963187591769685,0.5838468698040226,0.6400828144904955,0.6963187591769685,6,980171
qsize=10000,65baffe3161e376e238e0d0a44d7b27b,SRR34410507,0.0001,1,21,1000,DNA,d9684370a4d0c557a572e57c8116d2ff,8.304544246611745e-6,0.0001,1.0,1.0,0.0,0.6449466771037624,0.5752484157341541,0.6100975464189582,0.6449466771037624,1,636384
qsize=100,36c3fdb0e95a270b636308b47d19df42,SRR13225482,0.01,1,21,1000,DNA,1f9dda2add129722d3c30b439058240e,4.703591427234265e-7,0.01,1.0,1.0,0.0,0.8030857221391514,0.4996755352707529,0.6513806287049522,0.8030857221391514,1,5046935
qsize=5000,6424f418433b237c8a9c44a818715253,SRR13225482,0.001,5,21,1000,DNA,1f9dda2add129722d3c30b439058240e,2.3463922576563953e-6,0.001,1.4,1.0,0.8,0.719685673001152,0.5394763025577088,0.6295809877794305,0.719685673001152,7,5046935
qsize=10000,65baffe3161e376e238e0d0a44d7b27b,SRR13225482,0.0011,11,21,1000,DNA,1f9dda2add129722d3c30b439058240e,5.149993562508047e-6,0.0011,3.8181818181818183,2.0,6.421812004527041,0.7229594475203538,0.5601163037865556,0.6415378756534547,0.7229594475203538,42,5046935
qsize=5000,6424f418433b237c8a9c44a818715253,SRR31145820,0.0004,2,21,1000,DNA,109d7e5ad4270d8bb8a9e03efbab8dfe,4.988513946637866e-6,0.0004,1.0,1.0,0.0,0.6889589288344534,0.5594765262571773,0.6242177275458154,0.6889589288344534,2,3122819
qsize=10000,65baffe3161e376e238e0d0a44d7b27b,SRR31145820,0.0002,2,21,1000,DNA,109d7e5ad4270d8bb8a9e03efbab8dfe,4.927067089409023e-6,0.0002,16.0,16.0,15.0,0.666589657745114,0.5594765262571773,0.6130330920011456,0.666589657745114,32,3122819
qsize=10000,65baffe3161e376e238e0d0a44d7b27b,ERR107467,0.0002,2,21,1000,DNA,a142851f6766a1b5742084fefeb7c153,0.000016629250852249105,0.0002,1.0,1.0,0.0,0.666589657745114,0.5945896822916964,0.6305896700184053,0.666589657745114,2,695013
qsize=10000,65baffe3161e376e238e0d0a44d7b27b,SRR17722502,0.0001,1,21,1000,DNA,2c7e1fd90bb49f7e85c7c3e3737c4bf2,0.000031570639305445934,0.0001,1.0,1.0,0.0,0.6449466771037624,0.6216197477114512,0.6332832124076069,0.6449466771037624,1,1048338
qsize=5000,6424f418433b237c8a9c44a818715253,ERR2591508,0.0002,1,21,1000,DNA,8692370c3b7871858d9f2509d7304f41,3.4077355597205658e-6,0.0002,1.0,1.0,0.0,0.666589657745114,0.5495365325349234,0.6080630951400188,0.666589657745114,1,6336455
qsize=10000,65baffe3161e376e238e0d0a44d7b27b,ERR2591508,0.0002,2,21,1000,DNA,8692370c3b7871858d9f2509d7304f41,6.701312452043733e-6,0.0002,1.0,1.0,0.0,0.666589657745114,0.5679777602481648,0.6172837089966394,0.666589657745114,2,6336455
qsize=10000,65baffe3161e376e238e0d0a44d7b27b,ERR11080742,0.0005,5,21,1000,DNA,4bad3795b76b2919a558c8f6894f5982,9.822179266558229e-6,0.0005,2.0,1.0,1.2649110640673518,0.6963187591769685,0.578021246907323,0.6371700030421458,0.6963187591769685,10,5195240
qsize=10000,65baffe3161e376e238e0d0a44d7b27b,ERR10901386,0.0001,1,21,1000,DNA,21475d7c4d74fe5caa48f1c15a4f0bb8,9.644782654822874e-6,0.0001,2.0,2.0,0.0,0.6449466771037624,0.5797677147767135,0.612357195940238,0.6449466771037624,2,1081350
qsize=10000,65baffe3161e376e238e0d0a44d7b27b,SRR32400686,0.0001,1,21,1000,DNA,6ea72a5c7a1f3c881f406b9594910b5f,7.918659529314877e-6,0.0001,1.0,1.0,0.0,0.6449466771037624,0.5738317656474194,0.6093892213755909,0.6449466771037624,1,381125
qsize=10000,65baffe3161e376e238e0d0a44d7b27b,SRR29547601,0.0004,4,21,1000,DNA,a90591be04213fddc694e76a3e3cd415,5.362196248339395e-6,0.0004,10.75,1.5,16.315253599009733,0.6889589288344534,0.5614296137625223,0.6251942712984879,0.6889589288344534,43,5151057
qsize=5000,6424f418433b237c8a9c44a818715253,ERR14674680,0.0002,1,21,1000,DNA,a95ba64b19db94678aeabd4e32513cc9,2.8343546457906998e-6,0.0002,3.0,3.0,0.0,0.666589657745114,0.5446609899372069,0.6056253238411604,0.666589657745114,3,1585410
qsize=10000,65baffe3161e376e238e0d0a44d7b27b,ERR14674680,0.0001,1,21,1000,DNA,a95ba64b19db94678aeabd4e32513cc9,2.794748109352904e-6,0.0001,1.0,1.0,0.0,0.6449466771037624,0.5446609899372069,0.5948038335204846,0.6449466771037624,1,1585410
qsize=5000,6424f418433b237c8a9c44a818715253,ERR193653,0.0002,1,21,1000,DNA,b555783633c0b74d12ccb99b30c25361,0.00003132832080200501,0.0002,1.0,1.0,0.0,0.666589657745114,0.6152381771695646,0.6409139174573393,0.666589657745114,1,157935
qsize=1000,06e3ed33658503f35a60705dda70ec6b,SRR32381050,0.001,1,21,1000,DNA,5e9355d4d2af14d966cba15242593ae2,1.8910026095836013e-6,0.001,3.0,3.0,0.0,0.719685673001152,0.5339500542746977,0.6268178636379249,0.719685673001152,3,2836858
qsize=5000,6424f418433b237c8a9c44a818715253,SRR32381050,0.0002,1,21,1000,DNA,5e9355d4d2af14d966cba15242593ae2,1.8768064261852033e-6,0.0002,1.0,1.0,0.0,0.666589657745114,0.5339500542746977,0.6002698560099058,0.666589657745114,1,2836858
qsize=10000,65baffe3161e376e238e0d0a44d7b27b,SRR32381050,0.0002,2,21,1000,DNA,5e9355d4d2af14d966cba15242593ae2,3.718723213571852e-6,0.0002,1.0,1.0,0.0,0.666589657745114,0.5518682343326387,0.6092289460388763,0.666589657745114,2,2836858
qsize=10000,65baffe3161e376e238e0d0a44d7b27b,ERR026276,0.0001,1,21,1000,DNA,960e1688560794d67fc95175e81eba82,0.000010626766699963868,0.0001,1.0,1.0,0.0,0.6449466771037624,0.5827538712834797,0.613850274193621,0.6449466771037624,1,334902
qsize=5000,6424f418433b237c8a9c44a818715253,ERR13302101,0.0004,2,21,1000,DNA,c6b4f87be333360aff8325b8987c4b69,2.584543653588445e-6,0.0004,4.0,4.0,3.0,0.6889589288344534,0.5420720894825761,0.6155155091585147,0.6889589288344534,8,3004095
qsize=10000,65baffe3161e376e238e0d0a44d7b27b,ERR13302101,0.0007,7,21,1000,DNA,c6b4f87be333360aff8325b8987c4b69,8.987886896431295e-6,0.0007,11.571428571428571,4.0,11.21041789532197,0.7075653765539904,0.5753936288354583,0.6414795026947244,0.7075653765539904,81,3004095
qsize=10000,65baffe3161e376e238e0d0a44d7b27b,ERR3260471,0.0001,1,21,1000,DNA,e7fe38b359ff502b22bbd7335139bb05,0.0000278473962684489,0.0001,13.0,13.0,0.0,0.6449466771037624,0.6163594897125322,0.6306530834081473,0.6449466771037624,13,284464
qsize=10000,65baffe3161e376e238e0d0a44d7b27b,SRR26878253,0.0001,1,21,1000,DNA,4b0003daab0db3c41212c95d7e2c7773,0.000056353902507748664,0.00012909888974954814,1.0,1.0,0.0,0.6449466771037624,0.652838613388518,0.6488926452461402,0.652838613388518,1,453858
qsize=5000,6424f418433b237c8a9c44a818715253,SRR11028639,0.0002,1,21,1000,DNA,c83b0ef9c3561c45aae5a8fd5d919464,0.00002175473709400222,0.0002,1.0,1.0,0.0,0.666589657745114,0.6030589583130691,0.6348243080290916,0.666589657745114,1,381173
qsize=5000,6424f418433b237c8a9c44a818715253,SRR25394804,0.0002,1,21,1000,DNA,a7dad2186647f53ee67fd0c031ce812f,2.0904626821054303e-6,0.0002,1.0,1.0,0.0,0.666589657745114,0.5367259684294751,0.6016578130872945,0.666589657745114,1,6373481
qsize=10000,65baffe3161e376e238e0d0a44d7b27b,SRR25394804,0.0001,1,21,1000,DNA,a7dad2186647f53ee67fd0c031ce812f,2.068838533358987e-6,0.0001,1.0,1.0,0.0,0.6449466771037624,0.5367259684294751,0.5908363227666187,0.6449466771037624,1,6373481
qsize=5000,6424f418433b237c8a9c44a818715253,ERR1022810,0.0002,1,21,1000,DNA,cd2df2d21b4c7ca59eeda6dde82d489e,0.000014331780723754926,0.0002,1.0,1.0,0.0,0.666589657745114,0.5900448737451932,0.6283172657451537,0.666589657745114,1,607383
qsize=10000,65baffe3161e376e238e0d0a44d7b27b,ERR11192028,0.0001,1,21,1000,DNA,7856a76bcb19faf18e56646b0f775051,0.00005666364460562103,0.00013073604392731077,2.0,2.0,0.0,0.6449466771037624,0.6532304857507375,0.64908858142725,0.6532304857507375,2,414383
qsize=10000,65baffe3161e376e238e0d0a44d7b27b,ERR10967575,0.0002,2,21,1000,DNA,ad736ad9d62ea216cf557132a7012adf,0.00001351570524949992,0.0002,1.0,1.0,0.0,0.666589657745114,0.5882770581134733,0.6274333579292937,0.666589657745114,2,2003539
qsize=10000,65baffe3161e376e238e0d0a44d7b27b,SRR31326154,0.0001,1,21,1000,DNA,33cfd9395df54a93031dd8a9b6c2349b,0.000025994281258123212,0.0001,1.0,1.0,0.0,0.6449466771037624,0.6136003302677474,0.6292735036857549,0.6449466771037624,1,389253
qsize=5000,6424f418433b237c8a9c44a818715253,ERR14651430,0.0006,3,21,1000,DNA,dc88cbeaed9908bc3145c41b46d5ad2e,4.562980538888002e-6,0.0006,4.666666666666667,1.0,5.185449728701348,0.7023905031859884,0.5569757507103446,0.6296831269481664,0.7023905031859884,14,4398276
qsize=10000,65baffe3161e376e238e0d0a44d7b27b,ERR14651430,0.0004,4,21,1000,DNA,dc88cbeaed9908bc3145c41b46d5ad2e,6.0380639551734135e-6,0.0004,13.5,6.0,16.393596310755,0.6889589288344534,0.5646583453561076,0.6268086370952806,0.6889589288344534,54,4398276
qsize=10000,65baffe3161e376e238e0d0a44d7b27b,ERR719890,0.0003,3,21,1000,DNA,3693ed3c9245b33290054250c77faaae,0.000017985719338844958,0.0003,9.333333333333334,3.0,8.956685895029603,0.6795851327658305,0.5961044509712816,0.6378447918685561,0.6795851327658305,28,647490
qsize=10000,65baffe3161e376e238e0d0a44d7b27b,SRR28770142,0.0001,1,21,1000,DNA,ea9abf4e62f6d01096184a66c4166fb0,0.00002228859269825703,0.0001,21.0,21.0,0.0,0.6449466771037624,0.607707426559814,0.6263270518317883,0.6449466771037624,21,462319
qsize=5000,6424f418433b237c8a9c44a818715253,ERR8025521,0.0002,1,21,1000,DNA,c0fa9bad509022aa416cd4b7fda5c14d,5.344906838273809e-6,0.0002,2.0,2.0,0.0,0.666589657745114,0.5617067179834337,0.6141481878642738,0.666589657745114,2,554534
qsize=10000,65baffe3161e376e238e0d0a44d7b27b,ERR8025521,0.0003,3,21,1000,DNA,c0fa9bad509022aa416cd4b7fda5c14d,0.00001561751660662599,0.0003,1.0,1.0,0.0,0.6795851327658305,0.5918745658640187,0.6357298493149246,0.6795851327658305,3,554534
qsize=10000,65baffe3161e376e238e0d0a44d7b27b,SRR28618261,0.0001,1,21,1000,DNA,4a75f1ae97d7fe03442878f234d4757f,0.00001537633581917429,0.0001,1.0,1.0,0.0,0.6449466771037624,0.5946410837839053,0.6197938804438339,0.6449466771037624,1,390192
qsize=5000,6424f418433b237c8a9c44a818715253,ERR2136658,0.001,5,21,1000,DNA,f23a58e66149d1e55a27bc625109d3b2,4.183925358771599e-6,0.001,3.8,3.0,2.6381811916545836,0.719685673001152,0.554589407022935,0.6371375400120436,0.719685673001152,19,6870520
qsize=10000,65baffe3161e376e238e0d0a44d7b27b,ERR2136658,0.0009,9,21,1000,DNA,f23a58e66149d1e55a27bc625109d3b2,7.499712511020411e-6,0.0009,5.0,2.0,5.033222956847166,0.7160839323187163,0.5703315588864635,0.6432077456025899,0.7160839323187163,45,6870520
qsize=10000,65baffe3161e376e238e0d0a44d7b27b,SRR21959300,0.0001,1,21,1000,DNA,461598540edc0c778c3e37731352fcf4,4.364696588116677e-6,0.0001,1.0,1.0,0.0,0.6449466771037624,0.5567786372030106,0.6008626571533865,0.6449466771037624,1,518331
qsize=5000,6424f418433b237c8a9c44a818715253,SRR12694447,0.0002,1,21,1000,DNA,3dcb16cb1559ed8778d3a9065ede6eab,0.000013357376611233553,0.0002,2.0,2.0,0.0,0.666589657745114,0.5879233004594782,0.6272564791022961,0.666589657745114,2,832139
qsize=10000,65baffe3161e376e238e0d0a44d7b27b,ERR12765273,0.0001,1,21,1000,DNA,c486ed32af489736b885b7fc6f954088,0.000036201715961336564,0.0001,1.0,1.0,0.0,0.6449466771037624,0.6277757685110459,0.6363612228074041,0.6449466771037624,1,162342
qsize=5000,6424f418433b237c8a9c44a818715253,SRR30571529,0.0002,1,21,1000,DNA,67a6a5d7c5fa276b346d652971ef2633,0.000019620923753090295,0.0002,1.0,1.0,0.0,0.666589657745114,0.5997617351029156,0.6331756964240148,0.666589657745114,1,47616
qsize=5000,6424f418433b237c8a9c44a818715253,ERR13945957,0.0006,3,21,1000,DNA,d161f0e9ec3a2540ec7b9d3b6beb1427,5.35567004787969e-6,0.0006,1.0,1.0,0.0,0.7023905031859884,0.5612759702129322,0.6318332366994603,0.7023905031859884,3,3537844
qsize=10000,65baffe3161e376e238e0d0a44d7b27b,ERR13945957,0.0006,6,21,1000,DNA,d161f0e9ec3a2540ec7b9d3b6beb1427,0.000010616631661272827,0.0006,13.666666666666666,3.0,23.062716424759873,0.7023905031859884,0.5801111474283966,0.6412508253071925,0.7023905031859884,82,3537844
qsize=1000,06e3ed33658503f35a60705dda70ec6b,ERR10125300,0.002,2,21,1000,DNA,7e0c748345a333880fcb2a6d43e99e54,1.1601876951653237e-6,0.002,1.0,1.0,0.0,0.7438367286489914,0.5216394935029741,0.6327381110759828,0.7438367286489914,2,9912858
qsize=5000,6424f418433b237c8a9c44a818715253,ERR10125300,0.0012,6,21,1000,DNA,7e0c748345a333880fcb2a6d43e99e54,3.472513607912701e-6,0.0012,6.833333333333333,1.0,10.237458451957476,0.7259611712781008,0.549655432042928,0.6378083016605144,0.7259611712781008,41,9912858
qsize=10000,65baffe3161e376e238e0d0a44d7b27b,ERR10125300,0.0009,9,21,1000,DNA,7e0c748345a333880fcb2a6d43e99e54,5.19374995671875e-6,0.0009,12.777777777777779,2.0,31.901855667997253,0.7160839323187163,0.5603712200155135,0.6382275761671149,0.7160839323187163,115,9912858
qsize=10000,65baffe3161e376e238e0d0a44d7b27b,ERR3192930,0.0001,1,21,1000,DNA,10eb979a10d82f5fee32df6d4704171a,0.00003202664616961312,0.0001,15.0,15.0,0.0,0.6449466771037624,0.6222424465603138,0.6335945618320381,0.6449466771037624,15,196113
qsize=10000,65baffe3161e376e238e0d0a44d7b27b,SRR26463078,0.0001,1,21,1000,DNA,2e7f59ef4cc810fecfa19e65a60e5be3,0.000016464699683877765,0.0001,2.0,2.0,0.0,0.6449466771037624,0.5969485684175729,0.6209476227606676,0.6449466771037624,2,426249
qsize=5000,6424f418433b237c8a9c44a818715253,ERR7130363,0.0002,1,21,1000,DNA,a6ae0a0c4734810f52de71e6561fceb7,2.6191106024216295e-6,0.0002,2.0,2.0,0.0,0.666589657745114,0.542588220366955,0.6045889390560345,0.666589657745114,2,1895140
qsize=10000,65baffe3161e376e238e0d0a44d7b27b,ERR7130363,0.0003,3,21,1000,DNA,a6ae0a0c4734810f52de71e6561fceb7,7.755805867008611e-6,0.0003,2.0,2.0,0.0,0.6795851327658305,0.5717292620703415,0.625657197418086,0.6795851327658305,6,1895140
qsize=10000,65baffe3161e376e238e0d0a44d7b27b,ERR564021,0.0001,1,21,1000,DNA,98c8312ed96a5258f1c38ab8354ac0de,0.000013293629692651281,0.0001,1.0,1.0,0.0,0.6449466771037624,0.589850818363375,0.6173987477335687,0.6449466771037624,1,458487
qsize=5000,6424f418433b237c8a9c44a818715253,SRR25422482,0.0002,1,21,1000,DNA,efb3ad1a0ccb5f282e833bcbc1b50a41,0.000020955135055845436,0.0002,1.0,1.0,0.0,0.666589657745114,0.601856260082665,0.6342229589138895,0.666589657745114,1,1578899
qsize=5000,6424f418433b237c8a9c44a818715253,ERR2396579,0.0002,1,21,1000,DNA,215174896bec78efe2c5f4ff435b4c41,0.000014887598630340926,0.0002,1.0,1.0,0.0,0.666589657745114,0.5911993008148788,0.6288944792799964,0.666589657745114,1,358110
qsize=10000,65baffe3161e376e238e0d0a44d7b27b,ERR2396579,0.0001,1,21,1000,DNA,215174896bec78efe2c5f4ff435b4c41,0.000013856172925038105,0.0001,1.0,1.0,0.0,0.6449466771037624,0.5911993008148788,0.6180729889593206,0.6449466771037624,1,358110
qsize=10000,65baffe3161e376e238e0d0a44d7b27b,ERR1735274,0.0001,1,21,1000,DNA,8941ee1a06c7178684c3c22f99ce6834,0.000016592277953840282,0.0001,2.0,2.0,0.0,0.6449466771037624,0.5972114812227045,0.6210790791632335,0.6449466771037624,2,395454
qsize=5000,6424f418433b237c8a9c44a818715253,SRR6394438,0.0002,1,21,1000,DNA,8aeb108ba287f31192c419fab53063f4,0.000012401101217788139,0.0002,1.0,1.0,0.0,0.666589657745114,0.5857047855078306,0.6261472216264723,0.666589657745114,1,647338
qsize=5000,6424f418433b237c8a9c44a818715253,SRR33868200,0.0004,2,21,1000,DNA,d8eae7480414b785a6a64610a3086d18,3.3955396191562765e-6,0.0004,3.0,3.0,2.0,0.6889589288344534,0.549216175550243,0.6190875521923482,0.6889589288344534,6,3869123
qsize=10000,65baffe3161e376e238e0d0a44d7b27b,SRR33868200,0.0004,4,21,1000,DNA,d8eae7480414b785a6a64610a3086d18,6.73393871442376e-6,0.0004,11.0,10.0,7.3484692283495345,0.6889589288344534,0.5676466527933077,0.6283027908138805,0.6889589288344534,44,3869123
qsize=10000,65baffe3161e376e238e0d0a44d7b27b,SRR5912882,0.0001,1,21,1000,DNA,5bd61adf0850fbd08aa631d746f98d42,5.673662292273039e-6,0.0001,1.0,1.0,0.0,0.6449466771037624,0.5641463785708433,0.6045465278373028,0.6449466771037624,1,1188965
qsize=10000,65baffe3161e376e238e0d0a44d7b27b,SRR8172966,0.0001,1,21,1000,DNA,7cf7d20270deef5e65cf0429d76a6514,0.000039592984123213365,0.0001,1.0,1.0,0.0,0.6449466771037624,0.6321000549304372,0.6385233660170998,0.6449466771037624,1,36733
qsize=1000,06e3ed33658503f35a60705dda70ec6b,SRR26457447,0.001,1,21,1000,DNA,573a525b73d4b569614ab6bb91cd12fe,1.4465215207685774e-7,0.001,6.0,6.0,0.0,0.719685673001152,0.4723937841109509,0.5960397285560515,0.719685673001152,6,47875061
qsize=5000,6424f418433b237c8a9c44a818715253,SRR26457447,0.0026,13,21,1000,DNA,573a525b73d4b569614ab6bb91cd12fe,1.879393805864981e-6,0.0026,1.5384615384615385,1.0,1.0824036368823298,0.7531881745740489,0.5337637747609689,0.6434759746675089,0.7531881745740489,20,47875061
qsize=10000,65baffe3161e376e238e0d0a44d7b27b,SRR26457447,0.003,30,21,1000,DNA,573a525b73d4b569614ab6bb91cd12fe,4.333940518399961e-6,0.003,4.033333333333333,1.0,10.796552947841988,0.7583381711996433,0.5554478394050908,0.656893005302367,0.7583381711996433,121,47875061
qsize=10000,65baffe3161e376e238e0d0a44d7b27b,SRR10478776,0.0003,3,21,1000,DNA,96c2e850d703de68ac5659219b7460f4,8.171358842499782e-6,0.0003,1.0,1.0,0.0,0.6795851327658305,0.5731908341012474,0.626387983433539,0.6795851327658305,3,4867495
qsize=10000,65baffe3161e376e238e0d0a44d7b27b,SRR24181995,0.0001,1,21,1000,DNA,636ebbdcd391fd10ff2caf0df32ea176,0.00002246635663094516,0.0001,10.0,10.0,0.0,0.6449466771037624,0.6080036471049154,0.626475162104339,0.6449466771037624,10,274313
qsize=1000,06e3ed33658503f35a60705dda70ec6b,SRR12203261,0.001,1,21,1000,DNA,202d2e5e9b4edc80210efb9f16fccfe2,1.3431562829493026e-6,0.001,1.0,1.0,0.0,0.719685673001152,0.5253088853239622,0.6224972791625571,0.719685673001152,1,1364665
qsize=5000,6424f418433b237c8a9c44a818715253,SRR12203261,0.0006,3,21,1000,DNA,202d2e5e9b4edc80210efb9f16fccfe2,4.007946421772234e-6,0.0006,2.0,2.0,0.0,0.7023905031859884,0.5535218976227404,0.6279562004043644,0.7023905031859884,6,1364665
qsize=10000,65baffe3161e376e238e0d0a44d7b27b,SRR12203261,0.0004,4,21,1000,DNA,202d2e5e9b4edc80210efb9f16fccfe2,5.308475512002463e-6,0.0004,6.25,2.5,7.395099728874521,0.6889589288344534,0.5611568518582983,0.6250578903463759,0.6889589288344534,25,1364665
qsize=10000,65baffe3161e376e238e0d0a44d7b27b,SRR6967785,0.0001,1,21,1000,DNA,09436d5c100accd8d957fa8cc67dc598,0.00001155681910111061,0.0001,1.0,1.0,0.0,0.6449466771037624,0.5853782541711963,0.6151624656374793,0.6449466771037624,1,489103
qsize=5000,6424f418433b237c8a9c44a818715253,SRR22857731,0.0002,1,21,1000,DNA,e0b81b57ab5d5293648bec0191337c1d,8.464533604198409e-6,0.0002,1.0,1.0,0.0,0.666589657745114,0.5745812211123082,0.6205854394287111,0.666589657745114,1,534327
qsize=10000,65baffe3161e376e238e0d0a44d7b27b,ERR2783333,0.0001,1,21,1000,DNA,cb23e663c797776b46368993ae2a802c,0.000038035829751626035,0.0001,11.0,11.0,0.0,0.6449466771037624,0.630129468784267,0.6375380729440148,0.6449466771037624,11,122852
qsize=5000,6424f418433b237c8a9c44a818715253,SRR10053238,0.0002,1,21,1000,DNA,a5f54f9e55068e74ee9257df6b7f3ee9,4.23714450357615e-6,0.0002,1.0,1.0,0.0,0.666589657745114,0.5553785470714759,0.6109841024082949,0.666589657745114,1,863123
qsize=10000,65baffe3161e376e238e0d0a44d7b27b,SRR16204273,0.0001,1,21,1000,DNA,73b2db0d446995b18a3a30a1c1cb7dab,0.00001677627164139042,0.0001,1.0,1.0,0.0,0.6449466771037624,0.5975880196791251,0.6212673483914437,0.6449466771037624,1,2340985
qsize=10000,65baffe3161e376e238e0d0a44d7b27b,SRR20664340,0.0003,3,21,1000,DNA,689c312eef47a81d84249bffccd900d1,5.191425150032187e-6,0.0003,8.333333333333334,3.0,8.993825042154695,0.6795851327658305,0.5606707224717031,0.6201279276187668,0.6795851327658305,25,6206369
qsize=5000,6424f418433b237c8a9c44a818715253,ERR1015521,0.0002,1,21,1000,DNA,55778ce521e742921deb9e7cd1ab722c,0.00002825896515669596,0.0002,1.0,1.0,0.0,0.666589657745114,0.6116993153269868,0.6391444865360505,0.666589657745114,1,253345
qsize=5000,6424f418433b237c8a9c44a818715253,SRR14369205,0.0014,7,21,1000,DNA,57a2eb84656fc495fa1ffdcd24c7b710,3.5187142819083297e-6,0.0014,2.2857142857142856,2.0,1.0301575072754254,0.7313097019236751,0.5499914913968441,0.6406505966602596,0.7313097019236751,16,8424787
qsize=10000,65baffe3161e376e238e0d0a44d7b27b,SRR14369205,0.0013,13,21,1000,DNA,57a2eb84656fc495fa1ffdcd24c7b710,6.518391642017954e-6,0.0013,2.0,2.0,1.2403473458920846,0.7287334941087928,0.5664454968213748,0.6475894954650838,0.7287334941087928,26,8424787
qsize=5000,6424f418433b237c8a9c44a818715253,SRR18726953,0.0002,1,21,1000,DNA,4ed83609e7482f944c3b9d6dd061ae3c,3.226243555578498e-6,0.0002,1.0,1.0,0.0,0.666589657745114,0.5480821334111201,0.6073358955781171,0.666589657745114,1,1368187
qsize=10000,65baffe3161e376e238e0d0a44d7b27b,SRR18726953,0.0003,3,21,1000,DNA,4ed83609e7482f944c3b9d6dd061ae3c,9.525140019558288e-6,0.0003,17.666666666666668,1.0,23.570226039551585,0.6795851327658305,0.5775182392960078,0.6285516860309192,0.6795851327658305,53,1368187
qsize=10000,65baffe3161e376e238e0d0a44d7b27b,SRR10530389,0.0001,1,21,1000,DNA,f3d229363c80a1adefce0562152d6fc5,0.00001836176346376306,0.0001,109.0,109.0,0.0,0.6449466771037624,0.6007132215205937,0.622829949312178,0.6449466771037624,109,820650
qsize=10000,65baffe3161e376e238e0d0a44d7b27b,ERR6086914,0.0003,3,21,1000,DNA,8bf4d55eed6f88e287213033851ac191,0.000011492975876243636,0.0003,3.0,4.0,1.4142135623730951,0.6795851327658305,0.5828946956669937,0.6312399142164121,0.6795851327658305,9,4913488
qsize=5000,6424f418433b237c8a9c44a818715253,SRR12996264,0.0002,1,21,1000,DNA,a137faf357488462bc6491724e19c31c,3.7182461776429293e-6,0.0002,35.0,35.0,0.0,0.666589657745114,0.5518647991582388,0.6092272284516764,0.666589657745114,35,2389084
qsize=10000,65baffe3161e376e238e0d0a44d7b27b,SRR12996264,0.0004,4,21,1000,DNA,a137faf357488462bc6491724e19c31c,0.0000146016843042845,0.0004,9.25,4.0,10.304731922762475,0.6889589288344534,0.5895249861537475,0.6392419574941004,0.6889589288344534,37,2389084
qsize=10000,65baffe3161e376e238e0d0a44d7b27b,ERR3420597,0.0001,1,21,1000,DNA,0aa90baa8bd37463a854e7cdbf0353d8,9.634839579920993e-6,0.0001,1.0,1.0,0.0,0.6449466771037624,0.5797362015127268,0.6123414393082446,0.6449466771037624,1,106578
qsize=10000,65baffe3161e376e238e0d0a44d7b27b,SRR17847228,0.0001,1,21,1000,DNA,3f83ddaa36389aff6886204d9310214a,0.00002215231934783572,0.0001,1.0,1.0,0.0,0.6449466771037624,0.6074793004620114,0.6262129887828869,0.6449466771037624,1,675667
qsize=10000,65baffe3161e376e238e0d0a44d7b27b,SRR6669163,0.0001,1,21,1000,DNA,e0e03ebdf3696b1163ce35def02a3a35,3.5164835164835165e-6,0.0001,1.0,1.0,0.0,0.6449466771037624,0.55084718846,0.5978969327818813,0.6449466771037624,1,3646138
qsize=5000,6424f418433b237c8a9c44a818715253,ERR14894005,0.0002,1,21,1000,DNA,72cba22249baffa8936aa048fc53436a,3.8294368813066035e-6,0.0002,1.0,1.0,0.0,0.666589657745114,0.5526545881017195,0.6096221229234168,0.666589657745114,1,371288
qsize=5000,6424f418433b237c8a9c44a818715253,SRR29873161,0.0004,2,21,1000,DNA,258fde2fc76c554965dc54bff857fba0,6.775021849445464e-6,0.0004,2.5,2.5,1.5,0.6889589288344534,0.5678139115795677,0.6283864202070106,0.6889589288344534,5,2267597
qsize=10000,65baffe3161e376e238e0d0a44d7b27b,SRR29873161,0.0001,1,21,1000,DNA,258fde2fc76c554965dc54bff857fba0,3.3310793030049667e-6,0.0001,7.0,7.0,0.0,0.6449466771037624,0.549378003741187,0.5971623404224746,0.6449466771037624,7,2267597
qsize=10000,65baffe3161e376e238e0d0a44d7b27b,SRR19758317,0.0001,1,21,1000,DNA,847b7c717fd9113ca66fc56e2a5b77d0,0.00002966038855109002,0.0001,1.0,1.0,0.0,0.6449466771037624,0.6189630063470835,0.6319548417254229,0.6449466771037624,1,444027
qsize=1000,06e3ed33658503f35a60705dda70ec6b,SRR26386577,0.002,2,21,1000,DNA,1e6fc3b7308209fd1603f3bf5b6258ab,4.788665420496303e-7,0.002,2.0,2.0,1.0,0.7438367286489914,0.500106818039668,0.6219717733443297,0.7438367286489914,4,8866709
qsize=5000,6424f418433b237c8a9c44a818715253,SRR26386577,0.0028,14,21,1000,DNA,1e6fc3b7308209fd1603f3bf5b6258ab,3.348868094544287e-6,0.0028,1.4285714285714286,1.0,0.6226998490772392,0.7558508342117639,0.548662829945126,0.652256832078445,0.7558508342117639,20,8866709
qsize=10000,65baffe3161e376e238e0d0a44d7b27b,SRR26386577,0.0025,25,21,1000,DNA,1e6fc3b7308209fd1603f3bf5b6258ab,5.972993468412182e-6,0.0025,1.64,1.0,0.8428523002282189,0.7517827932056255,0.5640227030206949,0.6579027481131602,0.7517827932056255,41,8866709
qsize=10000,65baffe3161e376e238e0d0a44d7b27b,SRR13776398,0.0001,1,21,1000,DNA,7ed01526fb1b794ec6fa7f3c55cbe2e3,6.018585391689538e-6,0.0001,1.0,1.0,0.0,0.6449466771037624,0.5658327485783712,0.6053897128410668,0.6449466771037624,1,466033
qsize=10000,65baffe3161e376e238e0d0a44d7b27b,SRR23920720,0.0001,1,21,1000,DNA,8a73efabae184e7da133193037a2e954,7.138268256121065e-6,0.0001,1.0,1.0,0.0,0.6449466771037624,0.5707743085009894,0.6078604928023759,0.6449466771037624,1,1631013
qsize=10000,65baffe3161e376e238e0d0a44d7b27b,SRR18997370,0.0002,2,21,1000,DNA,a810c7b01be99aac93f9229919e34fc6,0.00005442473059758354,0.0002,1.0,1.0,0.0,0.666589657745114,0.6360771865154273,0.6513334221302707,0.666589657745114,2,136387
qsize=10000,65baffe3161e376e238e0d0a44d7b27b,SRR20044456,0.0001,1,21,1000,DNA,350e0857f88bacdb7b9ae56bfefd0038,0.000044720719109163274,0.0001,2.0,2.0,0.0,0.6449466771037624,0.638467259273401,0.6417069681885816,0.6449466771037624,2,73605
qsize=5000,6424f418433b237c8a9c44a818715253,SRR10958179,0.0002,1,21,1000,DNA,8776f9fc45283b6e665e500a6d201af2,0.000025538870160384105,0.0002,1.0,1.0,0.0,0.666589657745114,0.6083030771000864,0.6374463674226002,0.666589657745114,1,224273
qsize=10000,65baffe3161e376e238e0d0a44d7b27b,SRR6982998,0.0001,1,21,1000,DNA,03b2996c2a99dc2902e66ac2fb02624e,0.000034723427896801975,0.0001,1.0,1.0,0.0,0.6449466771037624,0.6258477191847925,0.6353971981442774,0.6449466771037624,1,192005
qsize=5000,6424f418433b237c8a9c44a818715253,SRR22556922,0.0008,4,21,1000,DNA,5dba568026e4e9d54100da80e98449b7,1.143953049878927e-6,0.0008,2.0,2.0,1.0,0.7120788630690342,0.5213106853760477,0.616694774222541,0.7120788630690342,8,11855448
qsize=10000,65baffe3161e376e238e0d0a44d7b27b,SRR22556922,0.0017,17,21,1000,DNA,5dba568026e4e9d54100da80e98449b7,4.854876323453565e-6,0.0017,4.529411764705882,2.0,4.67933689443561,0.7381023963126288,0.5584957970577324,0.6482990966851806,0.7381023963126288,77,11855448
qsize=1000,06e3ed33658503f35a60705dda70ec6b,SRR28002647,0.001,1,21,1000,DNA,66f22fb31b4e0dd7b194b87edc173ae6,3.8714597919864653e-7,0.001,6.0,6.0,0.0,0.719685673001152,0.49507238538279585,0.607379029191974,0.719685673001152,6,4471309
qsize=5000,6424f418433b237c8a9c44a818715253,SRR28002647,0.0012,6,21,1000,DNA,66f22fb31b4e0dd7b194b87edc173ae6,2.3192887514495555e-6,0.0012,1.0,1.0,0.0,0.7259611712781008,0.5391672741753877,0.6325642227267443,0.7259611712781008,6,4471309
qsize=10000,65baffe3161e376e238e0d0a44d7b27b,SRR28002647,0.0013,13,21,1000,DNA,66f22fb31b4e0dd7b194b87edc173ae6,5.015445643564624e-6,0.0013,2.0,1.0,1.4675987714106857,0.7287334941087928,0.5593886162138271,0.64406105516131,0.7287334941087928,26,4471309
qsize=10000,65baffe3161e376e238e0d0a44d7b27b,SRR28159088,0.0003,3,21,1000,DNA,5a5fe6d643dda521902d5ba4c32beb47,7.536192564792416e-6,0.0003,8.666666666666666,1.0,10.842303978193728,0.6795851327658305,0.570927346450562,0.6252562396081962,0.6795851327658305,26,3706116
qsize=5000,6424f418433b237c8a9c44a818715253,SRR24799379,0.0002,1,21,1000,DNA,a142547110cc481da682efbaeecc103c,3.67505191010823e-6,0.0002,1.0,1.0,0.0,0.666589657745114,0.5515520373653545,0.6090708475552342,0.666589657745114,1,3271024
qsize=1000,06e3ed33658503f35a60705dda70ec6b,ERR2144791,0.001,1,21,1000,DNA,2055609c8a3d2ebc9011d71b613c5c64,0.000017907347384631914,0.001,1.0,1.0,0.0,0.719685673001152,0.5947400494995259,0.657212861250339,0.719685673001152,1,1238392
qsize=5000,6424f418433b237c8a9c44a818715253,ERR10677253,0.0002,1,21,1000,DNA,98b703d69caf7024c0efb85b89f436f2,0.000011111481493827572,0.0002,3.0,3.0,0.0,0.666589657745114,0.5824601960451115,0.6245249268951127,0.666589657745114,3,186319
qsize=10000,65baffe3161e376e238e0d0a44d7b27b,ERR10677253,0.0002,2,21,1000,DNA,98b703d69caf7024c0efb85b89f436f2,0.000021053518042864963,0.0002,1.0,1.0,0.0,0.666589657745114,0.6020062689142242,0.634297963329669,0.666589657745114,2,186319
qsize=10000,65baffe3161e376e238e0d0a44d7b27b,ERR13867777,0.0001,1,21,1000,DNA,72df0a4cfc3184ab1185e7c86a521654,3.4552459271288636e-6,0.0001,40.0,40.0,0.0,0.6449466771037624,0.55036993456303,0.5976583058333962,0.6449466771037624,40,1133236
qsize=10000,65baffe3161e376e238e0d0a44d7b27b,SRR2981596,0.0001,1,21,1000,DNA,6f90182f00c14e755472fe57592a43f7,0.000026464828243264702,0.0001,2.0,2.0,0.0,0.6449466771037624,0.6143112834094957,0.6296289802566291,0.6449466771037624,2,353274
qsize=5000,6424f418433b237c8a9c44a818715253,SRR27485735,0.0002,1,21,1000,DNA,a4fa2f8bcc4da3b5f1db5d7b6eb26209,0.0000117470162578705,0.0002,1.0,1.0,0.0,0.666589657745114,0.5840986516117005,0.6253441546784073,0.666589657745114,1,916741
qsize=10000,65baffe3161e376e238e0d0a44d7b27b,SRR27485735,0.0001,1,21,1000,DNA,a4fa2f8bcc4da3b5f1db5d7b6eb26209,0.000011095331084679566,0.0001,1.0,1.0,0.0,0.6449466771037624,0.5840986516117005,0.6145226643577315,0.6449466771037624,1,916741
qsize=10000,65baffe3161e376e238e0d0a44d7b27b,SRR19089732,0.0001,1,21,1000,DNA,a0246d4798a03d39994bf7efd3768606,0.0000234192037470726,0.0001,30.0,30.0,0.0,0.6449466771037624,0.6095662357526865,0.6272564564282245,0.6449466771037624,30,352127
qsize=1000,06e3ed33658503f35a60705dda70ec6b,SRR10084950,0.001,1,21,1000,DNA,08213351d6f328e2ebd1700a11d8da92,0.00001393611684040359,0.001,1.0,1.0,0.0,0.719685673001152,0.587568627972245,0.6536271504866985,0.719685673001152,1,496801
qsize=5000,6424f418433b237c8a9c44a818715253,SRR4280567,0.0002,1,21,1000,DNA,591d7809eb77b2f2eb82336086c1c33a,0.000010156615003351684,0.0002,1.0,1.0,0.0,0.666589657745114,0.5798341041750662,0.6232118809600902,0.666589657745114,1,324597
qsize=10000,65baffe3161e376e238e0d0a44d7b27b,SRR4280567,0.0001,1,21,1000,DNA,591d7809eb77b2f2eb82336086c1c33a,9.665758085406639e-6,0.0001,1.0,1.0,0.0,0.6449466771037624,0.5798341041750662,0.6123903906394144,0.6449466771037624,1,324597
qsize=5000,6424f418433b237c8a9c44a818715253,ERR5002947,0.0002,1,21,1000,DNA,62efb05760e191238a651e9edd917260,0.000017819594426030862,0.0002,2.0,2.0,0.0,0.666589657745114,0.5967353872485824,0.6316625224968482,0.666589657745114,2,155915
qsize=10000,65baffe3161e376e238e0d0a44d7b27b,ERR5002947,0.0001,1,21,1000,DNA,62efb05760e191238a651e9edd917260,0.000016361791943453647,0.0001,10.0,10.0,0.0,0.6449466771037624,0.5967353872485824,0.6208410321761724,0.6449466771037624,10,155915
qsize=5000,6424f418433b237c8a9c44a818715253,SRR29859754,0.0002,1,21,1000,DNA,eada5d837f56e162ae397602c186cfa6,0.00002461902065535833,0.0002,2.0,2.0,0.0,0.666589657745114,0.6070894289464325,0.6368395433457732,0.666589657745114,2,219840
qsize=5000,6424f418433b237c8a9c44a818715253,SRR5438404,0.0002,1,21,1000,DNA,88b09a556fe78cfd1d5daacba0cf0d5a,0.00001230481487406022,0.0002,2.0,2.0,0.0,0.666589657745114,0.5854731250424663,0.6260313913937902,0.666589657745114,2,396091
qsize=10000,65baffe3161e376e238e0d0a44d7b27b,SRR5438404,0.0001,1,21,1000,DNA,88b09a556fe78cfd1d5daacba0cf0d5a,0.00001159164937578968,0.0001,1.0,1.0,0.0,0.6449466771037624,0.5854731250424663,0.6152099010731144,0.6449466771037624,1,396091
qsize=10000,65baffe3161e376e238e0d0a44d7b27b,ERR4865571,0.0001,1,21,1000,DNA,b1f1757b9011a12c68c253a4d000b7cc,3.1981885460075414e-6,0.0001,23.0,23.0,0.0,0.6449466771037624,0.5482781158220441,0.5966123964629033,0.6449466771037624,23,2377982
qsize=5000,6424f418433b237c8a9c44a818715253,SRR26110294,0.0002,1,21,1000,DNA,94440dd122303a374d4678afa8001a3b,9.701673538685423e-6,0.0002,1.0,1.0,0.0,0.666589657745114,0.5785042261511114,0.6225469419481127,0.666589657745114,1,566734
qsize=10000,65baffe3161e376e238e0d0a44d7b27b,SRR30883207,0.0001,1,21,1000,DNA,fdce2c25f60f897c923289d85ddb06c6,0.000015801782441059352,0.0001,1.0,1.0,0.0,0.6449466771037624,0.5955573281206477,0.620252002612205,0.6449466771037624,1,419833
qsize=1000,06e3ed33658503f35a60705dda70ec6b,SRR20075722,0.001,1,21,1000,DNA,1cda061d279b55be2045c5d2c1e04302,5.558078305542015e-7,0.001,2.0,2.0,0.0,0.719685673001152,0.5036754182681287,0.6116805456346404,0.719685673001152,2,8548926
qsize=5000,6424f418433b237c8a9c44a818715253,SRR20075722,0.0016,8,21,1000,DNA,1cda061d279b55be2045c5d2c1e04302,4.43661628149443e-6,0.0016,4.0,2.0,3.7416573867739413,0.735974651039796,0.5561027476051122,0.6460386993224541,0.735974651039796,32,8548926
qsize=10000,65baffe3161e376e238e0d0a44d7b27b,SRR20075722,0.001,10,21,1000,DNA,1cda061d279b55be2045c5d2c1e04302,5.530441207538655e-6,0.001,4.7,3.0,3.7960505792204615,0.719685673001152,0.5620433366650496,0.6408645048331008,0.719685673001152,47,8548926
qsize=1000,06e3ed33658503f35a60705dda70ec6b,SRR8790500,0.001,1,21,1000,DNA,bbecbb78bd34be4bdb26ae248eac1294,1.0350916780699267e-6,0.001,2.0,2.0,0.0,0.719685673001152,0.5188243938479664,0.6192550334245592,0.719685673001152,2,5051308
qsize=5000,6424f418433b237c8a9c44a818715253,SRR8790500,0.0004,2,21,1000,DNA,bbecbb78bd34be4bdb26ae248eac1294,2.0616495051525775e-6,0.0004,2.0,2.0,1.0,0.6889589288344534,0.5362349902754692,0.6125969595549613,0.6889589288344534,4,5051308
qsize=10000,65baffe3161e376e238e0d0a44d7b27b,SRR8790500,0.0002,2,21,1000,DNA,bbecbb78bd34be4bdb26ae248eac1294,2.051077995317389e-6,0.0002,5.5,5.5,4.5,0.666589657745114,0.5362349902754692,0.6014123240102915,0.666589657745114,11,5051308
qsize=5000,6424f418433b237c8a9c44a818715253,SRR10564157,0.0002,1,21,1000,DNA,da17989a50495c64e15326abeec0d135,4.87524254331653e-6,0.0002,1.0,1.0,0.0,0.666589657745114,0.5591878143852308,0.6128887360651725,0.666589657745114,1,1076627
qsize=10000,65baffe3161e376e238e0d0a44d7b27b,ERR4163339,0.0001,1,21,1000,DNA,1cf04c6549dfcedd2bda81b1e5a09298,4.244175929580633e-6,0.0001,1.0,1.0,0.0,0.6449466771037624,0.5560033915231154,0.6004750343134388,0.6449466771037624,1,2770208
qsize=10000,65baffe3161e376e238e0d0a44d7b27b,SRR26910311,0.0001,1,21,1000,DNA,a08ca4e4597f18f733cb5f2933b2bbb8,0.00005624929688378895,0.0001285512276642242,1.0,1.0,0.0,0.6449466771037624,0.6527064669200295,0.648826572011896,0.6527064669200295,1,335336
qsize=1000,06e3ed33658503f35a60705dda70ec6b,SRR13200013,0.001,1,21,1000,DNA,d69b50769c2f2d1d98be775134887a6b,4.911822954323976e-7,0.001,1.0,1.0,0.0,0.719685673001152,0.5007179220391315,0.6102017975201417,0.719685673001152,1,63340857
qsize=5000,6424f418433b237c8a9c44a818715253,SRR13200013,0.0008,4,21,1000,DNA,d69b50769c2f2d1d98be775134887a6b,1.9608794740529074e-6,0.0008,3.75,1.5,4.205650960315181,0.7120788630690342,0.5348877596601558,0.623483311364595,0.7120788630690342,15,63340857
qsize=10000,65baffe3161e376e238e0d0a44d7b27b,SRR13200013,0.0012,12,21,1000,DNA,d69b50769c2f2d1d98be775134887a6b,5.868277704505811e-6,0.0012,2.1666666666666665,1.0,3.5784850922639815,0.7259611712781008,0.563615229085028,0.6447882001815644,0.7259611712781008,26,63340857
qsize=5000,6424f418433b237c8a9c44a818715253,ERR3450800,0.0004,2,21,1000,DNA,2e5b625fbd34b976b8a081ca224035fb,3.1974318227599593e-6,0.0004,2.0,2.0,0.0,0.6889589288344534,0.5476332154888282,0.6182960721616408,0.6889589288344534,4,5495644
qsize=10000,65baffe3161e376e238e0d0a44d7b27b,ERR3450800,0.0004,4,21,1000,DNA,2e5b625fbd34b976b8a081ca224035fb,6.344171292624901e-6,0.0004,11.75,9.5,11.211043662389331,0.6889589288344534,0.5660105721016432,0.6274847504680483,0.6889589288344534,47,5495644
qsize=10000,65baffe3161e376e238e0d0a44d7b27b,ERR9800460,0.0001,1,21,1000,DNA,b7c46fc3f7b539abe461045541682404,0.000013126977250948424,0.0001,82.0,82.0,0.0,0.6449466771037624,0.5894426853539829,0.6171946812288727,0.6449466771037624,82,1215123
qsize=10000,65baffe3161e376e238e0d0a44d7b27b,SRR1584341,0.0001,1,21,1000,DNA,566b39c7a974fa439cf89fce0eaee951,0.00001796364158942301,0.0001,48.0,48.0,0.0,0.6449466771037624,0.5999475191341476,0.6224470981189549,0.6449466771037624,48,508647
qsize=10000,65baffe3161e376e238e0d0a44d7b27b,SRR26957773,0.0002,2,21,1000,DNA,aa366297a75df5b61d83f9188b384a58,8.85696445257317e-6,0.0002,1.0,1.0,0.0,0.666589657745114,0.5758787673276555,0.6212342125363848,0.666589657745114,2,1977185
qsize=5000,6424f418433b237c8a9c44a818715253,ERR3479165,0.0002,1,21,1000,DNA,416e52464e896a1ef4292a3b936ae476,1.8461527100598708e-6,0.0002,1.0,1.0,0.0,0.666589657745114,0.5335275760646773,0.6000586169048956,0.666589657745114,1,5365208
qsize=10000,65baffe3161e376e238e0d0a44d7b27b,ERR3479165,0.0005,5,21,1000,DNA,416e52464e896a1ef4292a3b936ae476,9.146402811238368e-6,0.0005,2.0,1.0,1.9999999999999998,0.6963187591769685,0.5760247675363743,0.6361717633566715,0.6963187591769685,10,5365208
qsize=10000,65baffe3161e376e238e0d0a44d7b27b,SRR26137592,0.0001,1,21,1000,DNA,1f6a09e113a404d42374013fd88f58c0,0.000016200103680663556,0.0001,31.0,31.0,0.0,0.6449466771037624,0.5963984035317613,0.6206725403177619,0.6449466771037624,31,509297
qsize=5000,6424f418433b237c8a9c44a818715253,SRR13658984,0.0024,12,21,1000,DNA,1843880c2d592762ab572707b5d20eec,1.904595630540191e-6,0.0024,1.5,1.0,0.8660254037844386,0.750322818735379,0.5341042518464518,0.6422135352909154,0.750322818735379,18,15037859
qsize=10000,65baffe3161e376e238e0d0a44d7b27b,SRR13658984,0.0025,25,21,1000,DNA,1843880c2d592762ab572707b5d20eec,3.964769376501954e-6,0.0025,2.0,1.0,2.244994432064365,0.7517827932056255,0.5531017390492202,0.6524422661274228,0.7517827932056255,50,15037859
qsize=10000,65baffe3161e376e238e0d0a44d7b27b,ERR1301336,0.0001,1,21,1000,DNA,6e25e3d7665b91be4cad9855e99b3277,0.000013092775406530676,0.0001,1.0,1.0,0.0,0.6449466771037624,0.5893584168233643,0.6171525469635634,0.6449466771037624,1,961344
qsize=10000,65baffe3161e376e238e0d0a44d7b27b,SRR23614859,0.0002,2,21,1000,DNA,ffd22fe6a20df8d44eec3961748fb81f,8.376577414234318e-6,0.0002,1.0,1.0,0.0,0.666589657745114,0.5742829397635643,0.6204362987543391,0.666589657745114,2,3557061
qsize=1000,06e3ed33658503f35a60705dda70ec6b,ERR6718177,0.001,1,21,1000,DNA,a2485a4bd41b7e746d0f560d248262c4,0.000014983967155143995,0.001,1.0,1.0,0.0,0.719685673001152,0.5896303810340728,0.6546580270176124,0.719685673001152,1,404973
qsize=10000,65baffe3161e376e238e0d0a44d7b27b,SRR5034421,0.0001,1,21,1000,DNA,e00ec891e7cc25a024754069ef8059a9,9.289363678588016e-6,0.0001,1.0,1.0,0.0,0.6449466771037624,0.5786238729315428,0.6117852750176527,0.6449466771037624,1,279689
qsize=5000,6424f418433b237c8a9c44a818715253,SRR34330927,0.0002,1,21,1000,DNA,bdbc3b9a4936440ee7873e5ec6eb9463,0.000015393377768883825,0.0002,1.0,1.0,0.0,0.666589657745114,0.5922177230762038,0.6294036904106589,0.666589657745114,1,2284827
qsize=5000,6424f418433b237c8a9c44a818715253,SRR28498425,0.0002,1,21,1000,DNA,f93a0144b2c138483eb25a507b6c1cac,7.459958671828958e-6,0.0002,1.0,1.0,0.0,0.666589657745114,0.5709927198154963,0.6187911887803051,0.666589657745114,1,465190
qsize=10000,65baffe3161e376e238e0d0a44d7b27b,SRR28498425,0.0001,1,21,1000,DNA,f93a0144b2c138483eb25a507b6c1cac,7.191709397406669e-6,0.0001,2.0,2.0,0.0,0.6449466771037624,0.5709927198154963,0.6079696984596293,0.6449466771037624,2,465190
qsize=5000,6424f418433b237c8a9c44a818715253,SRR6934846,0.0002,1,21,1000,DNA,9597509a89f03d4a84a552c6b703f2c1,0.00001884126236457843,0.0002,1.0,1.0,0.0,0.666589657745114,0.5984819159571337,0.6325357868511239,0.666589657745114,1,240609
qsize=10000,65baffe3161e376e238e0d0a44d7b27b,SRR6934846,0.0001,1,21,1000,DNA,9597509a89f03d4a84a552c6b703f2c1,0.000017219113215669393,0.0001,1.0,1.0,0.0,0.6449466771037624,0.5984819159571337,0.6217142965304481,0.6449466771037624,1,240609
qsize=100,36c3fdb0e95a270b636308b47d19df42,SRR30883621,0.01,1,21,1000,DNA,186dc86ac803ad3a345100472934adcc,1.4411921541499127e-6,0.01,1.0,1.0,0.0,0.8030857221391514,0.5270439718384793,0.6650648469888154,0.8030857221391514,1,4186491
qsize=1000,06e3ed33658503f35a60705dda70ec6b,SRR30883621,0.001,1,21,1000,DNA,186dc86ac803ad3a345100472934adcc,1.4393252443254601e-6,0.001,5.0,5.0,0.0,0.719685673001152,0.5270439718384793,0.6233648224198156,0.719685673001152,5,4186491
qsize=5000,6424f418433b237c8a9c44a818715253,SRR30883621,0.0002,1,21,1000,DNA,186dc86ac803ad3a345100472934adcc,1.4310860512042589e-6,0.0002,1.0,1.0,0.0,0.666589657745114,0.5270439718384793,0.5968168147917967,0.666589657745114,1,4186491
qsize=10000,65baffe3161e376e238e0d0a44d7b27b,SRR30883621,0.0004,4,21,1000,DNA,186dc86ac803ad3a345100472934adcc,5.683699292521531e-6,0.0004,3.75,4.0,1.2990381056766578,0.6889589288344534,0.5630103436102754,0.6259846362223644,0.6889589288344534,15,4186491
qsize=5000,6424f418433b237c8a9c44a818715253,ERR13326244,0.0006,3,21,1000,DNA,0784c432750bfa5c733a575330dfbce0,4.793948119893447e-6,0.0006,2.3333333333333335,1.0,1.8856180831641267,0.7023905031859884,0.5582972427353895,0.630343872960689,0.7023905031859884,7,4657825
qsize=10000,65baffe3161e376e238e0d0a44d7b27b,ERR13326244,0.0005,5,21,1000,DNA,0784c432750bfa5c733a575330dfbce0,7.926605970002553e-6,0.0005,2.4,1.0,1.7435595774162693,0.6963187591769685,0.5720443614345291,0.6341815603057488,0.6963187591769685,12,4657825
qsize=1000,06e3ed33658503f35a60705dda70ec6b,SRR21998734,0.002,2,21,1000,DNA,61f225485b93f9eb07b418ab74f66060,2.9893878226988103e-7,0.002,1.0,1.0,0.0,0.7438367286489914,0.48900863290878316,0.6164226807788873,0.7438367286489914,2,12482723
qsize=5000,6424f418433b237c8a9c44a818715253,SRR21998734,0.0026,13,21,1000,DNA,61f225485b93f9eb07b418ab74f66060,1.9419442327393276e-6,0.0026,1.0769230769230769,1.0,0.2664693550105965,0.7531881745740489,0.5345972076951169,0.6438926911345828,0.7531881745740489,14,12482723
qsize=10000,65baffe3161e376e238e0d0a44d7b27b,SRR21998734,0.0021,21,21,1000,DNA,61f225485b93f9eb07b418ab74f66060,3.134649308869535e-6,0.0021,2.142857142857143,1.0,2.2314999074019015,0.745566924269286,0.5469461731708095,0.6462565487200478,0.745566924269286,45,12482723
qsize=10000,65baffe3161e376e238e0d0a44d7b27b,ERR9801031,0.0001,1,21,1000,DNA,7aa1671491a0fc1ea79060e087df10d3,0.000012524265764919531,0.0001,85.0,85.0,0.0,0.6449466771037624,0.5879313159595575,0.6164389965316599,0.6449466771037624,85,1205814
qsize=1000,06e3ed33658503f35a60705dda70ec6b,SRR7004413,0.002,2,21,1000,DNA,0439bbe51ae29707fede666685454dd0,7.092912903285296e-7,0.002,3.5,3.5,1.5,0.7438367286489914,0.5095530976074749,0.6266949131282331,0.7438367286489914,7,40361378
qsize=5000,6424f418433b237c8a9c44a818715253,SRR7004413,0.001,5,21,1000,DNA,0439bbe51ae29707fede666685454dd0,1.7707181997603864e-6,0.001,2.0,2.0,0.8944271909999159,0.719685673001152,0.5322785562876045,0.6259821146443783,0.719685673001152,10,40361378
qsize=10000,65baffe3161e376e238e0d0a44d7b27b,SRR7004413,0.0015,15,21,1000,DNA,0439bbe51ae29707fede666685454dd0,5.302783643245686e-6,0.0015,2.466666666666667,2.0,2.4729649321321876,0.7337162795033463,0.5608658919951602,0.6472910857492533,0.7337162795033463,37,40361378
qsize=100,36c3fdb0e95a270b636308b47d19df42,ERR2764870,0.01,1,21,1000,DNA,353ca40d81e09df26a86dc2443b755f2,3.83517933298561e-6,0.01,1.0,1.0,0.0,0.8030857221391514,0.5521955288286085,0.6776406254838799,0.8030857221391514,1,1546891
qsize=5000,6424f418433b237c8a9c44a818715253,ERR2764870,0.0006,3,21,1000,DNA,353ca40d81e09df26a86dc2443b755f2,0.000011293394869787157,0.0006,1.3333333333333333,1.0,0.4714045207910317,0.7023905031859884,0.5818525547830887,0.6421215289845386,0.7023905031859884,4,1546891
qsize=10000,65baffe3161e376e238e0d0a44d7b27b,SRR22121758,0.0001,1,21,1000,DNA,cf82802b7d35de3d662f17ea41df4c15,0.00002312566486286481,0.0001,1.0,1.0,0.0,0.6449466771037624,0.6090892609751056,0.627017969039434,0.6449466771037624,1,981540
qsize=1000,06e3ed33658503f35a60705dda70ec6b,ERR13351277,0.001,1,21,1000,DNA,50c4b90e8811b3dae54945fbc86d063c,2.3273025167449417e-6,0.001,7.0,7.0,0.0,0.719685673001152,0.5392659946731465,0.6294758338371493,0.719685673001152,7,2423258
qsize=5000,6424f418433b237c8a9c44a818715253,ERR13351277,0.0002,1,21,1000,DNA,50c4b90e8811b3dae54945fbc86d063c,2.305836995771095e-6,0.0002,1.0,1.0,0.0,0.666589657745114,0.5392659946731465,0.6029278262091302,0.666589657745114,1,2423258
qsize=10000,65baffe3161e376e238e0d0a44d7b27b,ERR13351277,0.0001,1,21,1000,DNA,50c4b90e8811b3dae54945fbc86d063c,2.2795555778445434e-6,0.0001,4.0,4.0,0.0,0.6449466771037624,0.5392659946731465,0.5921063358884544,0.6449466771037624,4,2423258
qsize=10000,65baffe3161e376e238e0d0a44d7b27b,SRR6045454,0.0001,1,21,1000,DNA,5a0fe7c72ab55bf0a5769560d24f56e1,9.20090168836546e-6,0.0001,1.0,1.0,0.0,0.6449466771037624,0.5783334437472539,0.6116400604255081,0.6449466771037624,1,231282
qsize=5000,6424f418433b237c8a9c44a818715253,ERR403517,0.0002,1,21,1000,DNA,bb9c862c9986f722f2adc40707c689af,0.00002420135527589545,0.0002,1.0,1.0,0.0,0.666589657745114,0.6065262879311857,0.6365579728381499,0.666589657745114,1,408061
qsize=100,36c3fdb0e95a270b636308b47d19df42,SRR22839716,0.01,1,21,1000,DNA,28fbdb978f76501e8f70f594d58fa496,2.0085403134126303e-6,0.01,2.0,2.0,0.0,0.8030857221391514,0.5354423405740519,0.6692640313566016,0.8030857221391514,2,1557141
qsize=1000,06e3ed33658503f35a60705dda70ec6b,SRR22839716,0.001,1,21,1000,DNA,28fbdb978f76501e8f70f594d58fa496,2.004916054164812e-6,0.001,1.0,1.0,0.0,0.719685673001152,0.5354423405740519,0.627564006787602,0.719685673001152,1,1557141
qsize=5000,6424f418433b237c8a9c44a818715253,SRR22839716,0.0002,1,21,1000,DNA,28fbdb978f76501e8f70f594d58fa496,1.9889652209541466e-6,0.0002,1.0,1.0,0.0,0.666589657745114,0.5354423405740519,0.6010159991595829,0.666589657745114,1,1557141
qsize=10000,65baffe3161e376e238e0d0a44d7b27b,SRR22839716,0.0001,1,21,1000,DNA,28fbdb978f76501e8f70f594d58fa496,1.9693800785388774e-6,0.0001,1.0,1.0,0.0,0.6449466771037624,0.5354423405740519,0.5901945088389071,0.6449466771037624,1,1557141
qsize=100,36c3fdb0e95a270b636308b47d19df42,ERR14217051,0.01,1,21,1000,DNA,c34f84a33019b5fa0ef1e5cbb84e11f2,3.087041925425093e-7,0.01,1.0,1.0,0.0,0.8030857221391514,0.48975496523294904,0.6464203436860503,0.8030857221391514,1,15531268
qsize=1000,06e3ed33658503f35a60705dda70ec6b,ERR14217051,0.002,2,21,1000,DNA,c34f84a33019b5fa0ef1e5cbb84e11f2,6.172370863199893e-7,0.002,1.5,1.5,0.5,0.7438367286489914,0.5061900560828507,0.6250133923659211,0.7438367286489914,3,15531268
qsize=5000,6424f418433b237c8a9c44a818715253,ERR14217051,0.0006,3,21,1000,DNA,c34f84a33019b5fa0ef1e5cbb84e11f2,9.247143788462339e-7,0.0006,4.333333333333333,2.0,4.0276819911981905,0.7023905031859884,0.5160584663606398,0.6092244847733141,0.7023905031859884,13,15531268
qsize=10000,65baffe3161e376e238e0d0a44d7b27b,ERR14217051,0.0021,21,21,1000,DNA,c34f84a33019b5fa0ef1e5cbb84e11f2,6.463075679230783e-6,0.0021,2.4285714285714284,1.0,3.274307321461159,0.745566924269286,0.5661632442453758,0.6558650842573308,0.745566924269286,51,15531268
qsize=5000,6424f418433b237c8a9c44a818715253,ERR1674597,0.0002,1,21,1000,DNA,0ff760e3c853f4e41ef41395921166e2,9.230712426385068e-6,0.0002,1.0,1.0,0.0,0.666589657745114,0.5770670965063199,0.6218283771257169,0.666589657745114,1,665659
qsize=5000,6424f418433b237c8a9c44a818715253,ERR14696856,0.0002,1,21,1000,DNA,1de5936453ed3d8c42c4d6bbccf3540a,4.1308317016548115e-6,0.0002,5.0,5.0,0.0,0.666589657745114,0.5546925861026694,0.6106411219238916,0.666589657745114,5,1234995
qsize=10000,65baffe3161e376e238e0d0a44d7b27b,ERR14696856,0.0001,1,21,1000,DNA,1de5936453ed3d8c42c4d6bbccf3540a,4.047239378020252e-6,0.0001,1.0,1.0,0.0,0.6449466771037624,0.5546925861026694,0.5998196316032158,0.6449466771037624,1,1234995
qsize=5000,6424f418433b237c8a9c44a818715253,SRR19173127,0.0002,1,21,1000,DNA,1602b76316f90d1faec95407bcb72efa,0.00005311520688373081,0.0002,1.0,1.0,0.0,0.666589657745114,0.6350691002514186,0.6508293789982663,0.666589657745114,1,233709
qsize=10000,65baffe3161e376e238e0d0a44d7b27b,SRR19755835,0.0001,1,21,1000,DNA,5a444a614d5a178b3edb00ec33e51033,0.00003907318407377017,0.0001,1.0,1.0,0.0,0.6449466771037624,0.6314447484873146,0.6381957127955384,0.6449466771037624,1,230067
qsize=10000,65baffe3161e376e238e0d0a44d7b27b,SRR12935975,0.0001,1,21,1000,DNA,5c33c0056d2467313451a2fd0cbe1982,7.83422774100043e-6,0.0001,116.0,116.0,0.0,0.6449466771037624,0.5735138951513432,0.6092302861275528,0.6449466771037624,116,1044267
qsize=1000,06e3ed33658503f35a60705dda70ec6b,SRR27009687,0.001,1,21,1000,DNA,4148751793ec5ce6d979cbd5dd650c54,2.4478066428576673e-6,0.001,1.0,1.0,0.0,0.719685673001152,0.5405670171814846,0.6301263450913184,0.719685673001152,1,10909564
qsize=10000,65baffe3161e376e238e0d0a44d7b27b,SRR27009687,0.0002,2,21,1000,DNA,4148751793ec5ce6d979cbd5dd650c54,4.790097909601272e-6,0.0002,7.5,7.5,5.5,0.666589657745114,0.5587072478448171,0.6126484527949656,0.666589657745114,15,10909564
qsize=10000,65baffe3161e376e238e0d0a44d7b27b,SRR447239,0.0001,1,21,1000,DNA,bf2ff4e23c0abbf75c3deb7f2286f357,0.000011852694710142351,0.0001,1.0,1.0,0.0,0.6449466771037624,0.5861768693146298,0.615561773209196,0.6449466771037624,1,317497
qsize=10000,65baffe3161e376e238e0d0a44d7b27b,SRR29905411,0.0001,1,21,1000,DNA,ec8be69fd0855b9b7faec7c3878db7d7,5.405697605275961e-6,0.0001,2.0,2.0,0.0,0.6449466771037624,0.5627721341991083,0.6038594056514354,0.6449466771037624,2,4714316
qsize=100,36c3fdb0e95a270b636308b47d19df42,ERR10082547,0.01,1,21,1000,DNA,592bdde019dd3966ea3b8cbdbdeef177,0.00008285690612312537,0.01,1.0,1.0,0.0,0.8030857221391514,0.6394477159680608,0.7212667190536062,0.8030857221391514,1,13099
qsize=1000,06e3ed33658503f35a60705dda70ec6b,SRR1823684,0.001,1,21,1000,DNA,d1d0ec095f36e0353bc4ea02a6bb325f,0.00003029385034837928,0.001,1.0,1.0,0.0,0.719685673001152,0.6101855810855944,0.6649356270433733,0.719685673001152,1,207512
qsize=10000,65baffe3161e376e238e0d0a44d7b27b,SRR29773852,0.0001,1,21,1000,DNA,1fb05114840d5daa50f419464a51af85,0.00001114342704955482,0.0001,2.0,2.0,0.0,0.6449466771037624,0.5842340250398051,0.6145903510717838,0.6449466771037624,2,1712012
qsize=5000,6424f418433b237c8a9c44a818715253,ERR311181,0.0002,1,21,1000,DNA,b4318a7df14a3a90e04506b44eef1631,4.080450155261128e-6,0.0002,2.0,2.0,0.0,0.666589657745114,0.5543617555309978,0.610475706638056,0.666589657745114,2,1200491
qsize=5000,6424f418433b237c8a9c44a818715253,SRR18305218,0.0006,3,21,1000,DNA,9b934f924bd871f9ec00b7ec98ef9ce4,5.096640804046053e-6,0.0006,1.6666666666666667,2.0,0.4714045207910317,0.7023905031859884,0.5599409376022756,0.631165720394132,0.7023905031859884,5,1136782
qsize=10000,65baffe3161e376e238e0d0a44d7b27b,SRR18305218,0.0009,9,21,1000,DNA,9b934f924bd871f9ec00b7ec98ef9ce4,0.000015161290865996088,0.0009,1.3333333333333333,1.0,0.9428090415820634,0.7160839323187163,0.5900139498823169,0.6530489411005166,0.7160839323187163,12,1136782
qsize=5000,6424f418433b237c8a9c44a818715253,ERR6718270,0.0002,1,21,1000,DNA,6bbb753fe12e4b1a99d59e8b2e895335,8.192960608245396e-6,0.0002,4.0,4.0,0.0,0.666589657745114,0.5736509846258067,0.6201203211854603,0.666589657745114,4,3742938
qsize=10000,65baffe3161e376e238e0d0a44d7b27b,SRR25534445,0.0001,1,21,1000,DNA,104be8aeef84312545bcbcf0318e7512,0.00001543019380323417,0.0001,1.0,1.0,0.0,0.6449466771037624,0.5947581292331557,0.6198524031684591,0.6449466771037624,1,991474
qsize=5000,6424f418433b237c8a9c44a818715253,SRR10000753,0.0002,1,21,1000,DNA,bdc7228b1b281fb9072c3dd33d6e62be,0.000020504828887202936,0.0002,1.0,1.0,0.0,0.666589657745114,0.6011621002006766,0.6338758789728953,0.666589657745114,1,343308
qsize=10000,65baffe3161e376e238e0d0a44d7b27b,SRR28765356,0.0001,1,21,1000,DNA,d13013f47876980dd6ab859ebb60d8f9,4.477277815088426e-6,0.0001,1.0,1.0,0.0,0.6449466771037624,0.5574855134940688,0.6012160952989156,0.6449466771037624,1,259767
qsize=10000,65baffe3161e376e238e0d0a44d7b27b,ERR12861558,0.0001,1,21,1000,DNA,894be241c0093ae401bce04e69b1cbce,0.00001797171252448646,0.0001,1.0,1.0,0.0,0.6449466771037624,0.5999631627460438,0.6224549199249031,0.6449466771037624,1,339849
qsize=10000,65baffe3161e376e238e0d0a44d7b27b,ERR9802863,0.0002,2,21,1000,DNA,964c7a00b85f46919d6ed0cb3b0ea98c,0.000017352826341590385,0.0002,29.0,29.0,28.0,0.666589657745114,0.5959090111750471,0.6312493344600806,0.666589657745114,58,1013724
qsize=5000,6424f418433b237c8a9c44a818715253,SRR28042215,0.0008,4,21,1000,DNA,76383c81e8e33f704a333a6316671899,1.798077675157489e-6,0.0008,1.75,2.0,0.4330127018922193,0.7120788630690342,0.5326794551430923,0.6223791591060632,0.7120788630690342,7,3210190
qsize=10000,65baffe3161e376e238e0d0a44d7b27b,SRR28042215,0.0009,9,21,1000,DNA,76383c81e8e33f704a333a6316671899,4.036611166253213e-6,0.0009,1.3333333333333333,1.0,0.6666666666666666,0.7160839323187163,0.5536515791290542,0.6348677557238852,0.7160839323187163,12,3210190
qsize=5000,6424f418433b237c8a9c44a818715253,SRR11586611,0.0002,1,21,1000,DNA,35c81104a9d4d6d613850ddc13cc60b9,5.190221622463279e-6,0.0002,1.0,1.0,0.0,0.666589657745114,0.5609005283961335,0.6137450930706237,0.666589657745114,1,1175970
qsize=5000,6424f418433b237c8a9c44a818715253,SRR31122002,0.0002,1,21,1000,DNA,339276a142b101a3087bbb214a5ef071,7.118755072112989e-6,0.0002,1.0,1.0,0.0,0.666589657745114,0.5696731547944398,0.6181314062697769,0.666589657745114,1,628639
qsize=5000,6424f418433b237c8a9c44a818715253,SRR16847975,0.0002,1,21,1000,DNA,22bd4b0aefc07c4aae94514a10b729f6,0.00003822337741762862,0.0002,1.0,1.0,0.0,0.666589657745114,0.6223291326988187,0.6444593952219664,0.666589657745114,1,420850
qsize=10000,65baffe3161e376e238e0d0a44d7b27b,SRR17780099,0.0001,1,21,1000,DNA,88494e0790f00cec0a37a69c8fc29cf2,0.0000210508588750421,0.0001,1.0,1.0,0.0,0.6449466771037624,0.6056005069056702,0.6252735920047163,0.6449466771037624,1,893270
qsize=5000,6424f418433b237c8a9c44a818715253,SRR32888416,0.0002,1,21,1000,DNA,f1e0429cafcef315641bda037f9e9784,8.671447524735305e-6,0.0002,1.0,1.0,0.0,0.666589657745114,0.5752719944198843,0.6209308260824992,0.666589657745114,1,2832359
qsize=100,36c3fdb0e95a270b636308b47d19df42,SRR8698504,0.01,1,21,1000,DNA,5bbcdd932433213f16cf34d543da47dc,4.059116979692237e-6,0.01,29.0,29.0,0.0,0.8030857221391514,0.5536903549166297,0.6783880385278905,0.8030857221391514,29,1544829
qsize=10000,65baffe3161e376e238e0d0a44d7b27b,SRR8698504,0.0002,2,21,1000,DNA,5bbcdd932433213f16cf34d543da47dc,7.804634391901912e-6,0.0002,1.5,1.5,0.5,0.666589657745114,0.5722709757000061,0.6194303167225601,0.666589657745114,3,1544829
qsize=10000,65baffe3161e376e238e0d0a44d7b27b,ERR14845710,0.0002,2,21,1000,DNA,0a45657f42eb18bca0eee8d827b4a5ca,0.000013508493465266286,0.0002,1.0,1.0,0.0,0.666589657745114,0.5882610238267576,0.6274253407859358,0.666589657745114,2,5210391
qsize=5000,6424f418433b237c8a9c44a818715253,ERR7340341,0.0002,1,21,1000,DNA,c369f8725a74cdc97a8de468e6d90524,6.347997206881229e-6,0.0002,1.0,1.0,0.0,0.666589657745114,0.5664654455179083,0.6165275516315112,0.666589657745114,1,364202
qsize=10000,65baffe3161e376e238e0d0a44d7b27b,ERR7340341,0.0002,2,21,1000,DNA,c369f8725a74cdc97a8de468e6d90524,0.000012305496249900019,0.0002,2.0,2.0,1.0,0.666589657745114,0.5854747700195776,0.6260322138823458,0.666589657745114,4,364202
qsize=10000,65baffe3161e376e238e0d0a44d7b27b,ERR2225407,0.0001,1,21,1000,DNA,f0136edd66bc80c24c714fb0c97a6610,0.000024087679152113693,0.0001,1.0,1.0,0.0,0.6449466771037624,0.6106385719463107,0.6277926245250365,0.6449466771037624,1,300598
qsize=10000,65baffe3161e376e238e0d0a44d7b27b,SRR5468929,0.0001,1,21,1000,DNA,f99cb036192811e6991b9c02b33cfd3f,7.4422481543224575e-6,0.0001,1.0,1.0,0.0,0.6449466771037624,0.5719981970467997,0.608472437075281,0.6449466771037624,1,1035036
qsize=10000,65baffe3161e376e238e0d0a44d7b27b,SRR5810514,0.0001,1,21,1000,DNA,9398782663cf187f8055146557bf6dda,9.927529038022437e-6,0.0001,1.0,1.0,0.0,0.6449466771037624,0.5806526271784925,0.6127996521411274,0.6449466771037624,1,537607
qsize=5000,6424f418433b237c8a9c44a818715253,ERR11570058,0.0006,3,21,1000,DNA,4ff2c31d4b4a255a30579336e39fee89,3.651469655678583e-6,0.0006,2.0,2.0,0.816496580927726,0.7023905031859884,0.5510564080536331,0.6267234556198107,0.7023905031859884,6,7530246
qsize=10000,65baffe3161e376e238e0d0a44d7b27b,ERR11570058,0.0006,6,21,1000,DNA,4ff2c31d4b4a255a30579336e39fee89,7.258790395168549e-6,0.0006,7.333333333333333,4.0,9.01233722306385,0.7023905031859884,0.569548639419729,0.6359695713028587,0.7023905031859884,44,7530246
qsize=10000,65baffe3161e376e238e0d0a44d7b27b,SRR11349048,0.0002,2,21,1000,DNA,31aef2b57774c2921eef655a851eee81,0.00002182643617950061,0.0002,1.0,1.0,0.0,0.666589657745114,0.6031650087446704,0.6348773332448923,0.666589657745114,2,663249
qsize=5000,6424f418433b237c8a9c44a818715253,ERR10394932,0.0002,1,21,1000,DNA,0a8923bb26778f815392669ec4844572,3.658822151972837e-6,0.0002,1.0,1.0,0.0,0.666589657745114,0.5514336337941798,0.6090116457696468,0.666589657745114,1,797815
qsize=10000,65baffe3161e376e238e0d0a44d7b27b,ERR10394932,0.0001,1,21,1000,DNA,0a8923bb26778f815392669ec4844572,3.5930897697548076e-6,0.0001,1.0,1.0,0.0,0.6449466771037624,0.5514336337941798,0.598190155448971,0.6449466771037624,1,797815
qsize=10000,65baffe3161e376e238e0d0a44d7b27b,SRR10130803,0.0001,1,21,1000,DNA,cd86c47fe408af48ad3234bd66b2ee48,0.00002262750599628909,0.0001,1.0,1.0,0.0,0.6449466771037624,0.6082708699993489,0.6266087735515556,0.6449466771037624,1,408296
qsize=10000,65baffe3161e376e238e0d0a44d7b27b,SRR23880951,0.0003,3,21,1000,DNA,9fe6063e42594e7f2a59033d3de2f599,0.0000110545283032773,0.0003,3.0,1.0,2.8284271247461903,0.6795851327658305,0.5817740075520335,0.6306795701589321,0.6795851327658305,9,1114803
qsize=10000,65baffe3161e376e238e0d0a44d7b27b,ERR3570005,0.0001,1,21,1000,DNA,5ec85e2311227d51f8d17f69c42fe61e,0.000014559855566232783,0.0001,4.0,4.0,0.0,0.6449466771037624,0.5928270139274732,0.6188868455156178,0.6449466771037624,4,158636
qsize=100,36c3fdb0e95a270b636308b47d19df42,ERR5418051,0.01,1,21,1000,DNA,5a4a0fccfeb5acf5631dd37679d63fab,1.3900994338125007e-6,0.01,2.0,2.0,0.0,0.8030857221391514,0.5261387255469105,0.664612223843031,0.8030857221391514,2,1623207
qsize=1000,06e3ed33658503f35a60705dda70ec6b,ERR5418051,0.001,1,21,1000,DNA,5a4a0fccfeb5acf5631dd37679d63fab,1.3883624681197268e-6,0.001,1.0,1.0,0.0,0.719685673001152,0.5261387255469105,0.6229121992740313,0.719685673001152,1,1623207
qsize=5000,6424f418433b237c8a9c44a818715253,ERR5418051,0.0002,1,21,1000,DNA,5a4a0fccfeb5acf5631dd37679d63fab,1.3806948484894507e-6,0.0002,1.0,1.0,0.0,0.666589657745114,0.5261387255469105,0.5963641916460123,0.666589657745114,1,1623207
qsize=10000,65baffe3161e376e238e0d0a44d7b27b,ERR5418051,0.0002,2,21,1000,DNA,5a4a0fccfeb5acf5631dd37679d63fab,2.7424609747803288e-6,0.0002,1.0,1.0,0.0,0.666589657745114,0.5437947747304078,0.605192216237761,0.666589657745114,2,1623207
qsize=5000,6424f418433b237c8a9c44a818715253,ERR1354122,0.0004,2,21,1000,DNA,6229c882b50903d469755088b3eae34f,8.093987381473672e-6,0.0004,1.0,1.0,0.0,0.6889589288344534,0.5727355526667273,0.6308472407505903,0.6889589288344534,2,1380205
qsize=10000,65baffe3161e376e238e0d0a44d7b27b,ERR1354122,0.0002,2,21,1000,DNA,6229c882b50903d469755088b3eae34f,7.933454186285437e-6,0.0002,1.0,1.0,0.0,0.666589657745114,0.5727355526667273,0.6196626052059206,0.666589657745114,2,1380205
qsize=10000,65baffe3161e376e238e0d0a44d7b27b,SRR016402,0.0001,1,21,1000,DNA,dd00db2e8705ca3d4c7e4fc71e93504a,0.000048847205939820246,0.0001,6.0,6.0,0.0,0.6449466771037624,0.6435288813905636,0.644237779247163,0.6449466771037624,6,49101
qsize=5000,6424f418433b237c8a9c44a818715253,SRR17643740,0.0002,1,21,1000,DNA,d9dc9d3de58c4624a7b2636f298c4106,2.101966389557431e-6,0.0002,1.0,1.0,0.0,0.666589657745114,0.5368677333619881,0.601728695553551,0.666589657745114,1,2491986
qsize=10000,65baffe3161e376e238e0d0a44d7b27b,SRR17643740,0.0003,3,21,1000,DNA,d9dc9d3de58c4624a7b2636f298c4106,6.240340472976206e-6,0.0003,2.6666666666666665,2.0,0.9428090415820634,0.6795851327658305,0.5657015421691964,0.6226433374675135,0.6795851327658305,8,2491986
qsize=10000,65baffe3161e376e238e0d0a44d7b27b,ERR2436932,0.0001,1,21,1000,DNA,d8ed22b7056e894a8d7ca04e4949d70b,0.00003752204420096807,0.0001,9.0,9.0,0.0,0.6449466771037624,0.6294739910103251,0.6372103340570437,0.6449466771037624,9,93280
qsize=5000,6424f418433b237c8a9c44a818715253,SRR25662362,0.0006,3,21,1000,DNA,418aaf31608b1b43f195c00e71a48d9e,2.08194248009316e-6,0.0006,11.0,1.0,14.142135623730951,0.7023905031859884,0.536441950999075,0.6194162270925316,0.7023905031859884,33,13522772
qsize=10000,65baffe3161e376e238e0d0a44d7b27b,SRR25662362,0.0004,4,21,1000,DNA,418aaf31608b1b43f195c00e71a48d9e,2.766326339368766e-6,0.0004,1.5,1.0,0.8660254037844386,0.6889589288344534,0.5438413145355523,0.6164001216850028,0.6889589288344534,6,13522772
qsize=10000,65baffe3161e376e238e0d0a44d7b27b,SRR31344166,0.0001,1,21,1000,DNA,8a018e48aae0cf381212068446a09122,0.000013462392805697285,0.0001,1.0,1.0,0.0,0.6449466771037624,0.5902600126953079,0.6176033448995352,0.6449466771037624,1,1190472
qsize=10000,65baffe3161e376e238e0d0a44d7b27b,ERR13258609,0.0001,1,21,1000,DNA,079ca2593c51c03a537075c8e95c79fd,7.93984771372085e-6,0.0001,1.0,1.0,0.0,0.6449466771037624,0.5739110763086583,0.6094288767062104,0.6449466771037624,1,376125
qsize=10000,65baffe3161e376e238e0d0a44d7b27b,SRR7062929,0.0001,1,21,1000,DNA,fb4ad6c7a0c5a62cbbf7e3e092fa8b14,3.2451938678816674e-6,0.0001,1.0,1.0,0.0,0.6449466771037624,0.5486718731238885,0.5968092751138254,0.6449466771037624,1,7792239
qsize=10000,65baffe3161e376e238e0d0a44d7b27b,ERR12197273,0.0001,1,21,1000,DNA,93901fa51d5b4a555eb64df3dcf15558,5.871266608345418e-6,0.0001,1.0,1.0,0.0,0.6449466771037624,0.5651232623472795,0.605034969725521,0.6449466771037624,1,215022
qsize=10000,65baffe3161e376e238e0d0a44d7b27b,ERR1639642,0.0001,1,21,1000,DNA,98f22314414f0e3424274867744c9cf7,0.00001334668001334668,0.0001,72.0,72.0,0.0,0.6449466771037624,0.5899798882241601,0.6174632826639612,0.6449466771037624,72,1097170
qsize=10000,65baffe3161e376e238e0d0a44d7b27b,ERR9830366,0.0004,4,21,1000,DNA,e766e22e4f2ed2211f3e2f8b53bb267e,0.000020542317173377156,0.0004,13.75,4.0,18.779976038323372,0.6889589288344534,0.5996290964603475,0.6442940126474004,0.6889589288344534,55,1556144
qsize=10000,65baffe3161e376e238e0d0a44d7b27b,SRR5630202,0.0001,1,21,1000,DNA,68771ff54049a0ea8a9ea209be7436dc,0.00004001600640256102,0.0001,19.0,19.0,0.0,0.6449466771037624,0.6326316618291794,0.6387891694664709,0.6449466771037624,19,160691
qsize=10000,65baffe3161e376e238e0d0a44d7b27b,SRR5681776,0.0001,1,21,1000,DNA,75cf3f0acf1b4af291889af6229d951b,0.00007267441860465116,0.00026588673225206064,11.0,11.0,0.0,0.6449466771037624,0.6756899514000402,0.6603183142519014,0.6756899514000402,11,106373
qsize=1000,06e3ed33658503f35a60705dda70ec6b,SRR22388294,0.003,3,21,1000,DNA,35e7e2edc7f06e439dcf0e6f687a1852,3.322484314551551e-7,0.003,1.3333333333333333,1.0,0.4714045207910317,0.7583381711996433,0.4914739673452,0.6249060692724216,0.7583381711996433,4,15965069
qsize=5000,6424f418433b237c8a9c44a818715253,SRR22388294,0.005,25,21,1000,DNA,35e7e2edc7f06e439dcf0e6f687a1852,2.7675176672792846e-6,0.005,1.32,1.0,0.7332121111929344,0.777010957048437,0.5436871028282777,0.6603490299383574,0.777010957048437,33,15965069
qsize=10000,65baffe3161e376e238e0d0a44d7b27b,SRR22388294,0.0048,48,21,1000,DNA,35e7e2edc7f06e439dcf0e6f687a1852,5.3107079472421e-6,0.0048,1.5625,1.0,1.2059963032005252,0.7755019890717223,0.560840755450289,0.6681713722610056,0.7755019890717223,75,15965069
qsize=5000,6424f418433b237c8a9c44a818715253,SRR8722789,0.0002,1,21,1000,DNA,478685b32e1bfe9dfa292eb625764ad1,0.000034857780256553265,0.0002,1.0,1.0,0.0,0.666589657745114,0.6189965821829622,0.6427931199640381,0.666589657745114,1,125371
qsize=10000,65baffe3161e376e238e0d0a44d7b27b,ERR3449366,0.0001,1,21,1000,DNA,4de51cbc0616cbe55bf907277b77cb2e,0.000010381305345334122,0.0001,1.0,1.0,0.0,0.6449466771037624,0.5820297155229895,0.613488196313376,0.6449466771037624,1,594016
qsize=5000,6424f418433b237c8a9c44a818715253,SRR14143759,0.0002,1,21,1000,DNA,6fca9403ef1281eeae3dbc8cb7c998aa,0.00002155962313778755,0.0002,1.0,1.0,0.0,0.666589657745114,0.6027688976182162,0.6346792776816651,0.666589657745114,1,562002
qsize=10000,65baffe3161e376e238e0d0a44d7b27b,SRR14143759,0.0001,1,21,1000,DNA,6fca9403ef1281eeae3dbc8cb7c998aa,0.000019461689663896618,0.0001,1.0,1.0,0.0,0.6449466771037624,0.6027688976182162,0.6238577873609893,0.6449466771037624,1,562002
qsize=10000,65baffe3161e376e238e0d0a44d7b27b,SRR19854998,0.0001,1,21,1000,DNA,c2407d8bfd3a97a448d6cb119d869c47,0.00001832508704416346,0.0001,1.0,1.0,0.0,0.6449466771037624,0.6006431844003179,0.6227949307520402,0.6449466771037624,1,333197
qsize=1000,06e3ed33658503f35a60705dda70ec6b,ERR10378490,0.001,1,21,1000,DNA,45e8dc4e72b4634f839f7b2010098825,1.580380524022574e-6,0.001,1.0,1.0,0.0,0.719685673001152,0.5293991408298844,0.6245424069155182,0.719685673001152,1,5817986
qsize=5000,6424f418433b237c8a9c44a818715253,ERR10378490,0.0006,3,21,1000,DNA,45e8dc4e72b4634f839f7b2010098825,4.711373412463468e-6,0.0006,1.0,1.0,0.0,0.7023905031859884,0.5578318304121003,0.6301111667990443,0.7023905031859884,3,5817986
qsize=10000,65baffe3161e376e238e0d0a44d7b27b,ERR10378490,0.0001,1,21,1000,DNA,45e8dc4e72b4634f839f7b2010098825,1.5582173370377354e-6,0.0001,13.0,13.0,0.0,0.6449466771037624,0.5293991408298844,0.5871729089668234,0.6449466771037624,13,5817986
qsize=5000,6424f418433b237c8a9c44a818715253,SRR25035198,0.0002,1,21,1000,DNA,b55c3b1a8ec0011307337a46f64ad9f0,2.208344006996034e-6,0.0002,1.0,1.0,0.0,0.666589657745114,0.5381451349052204,0.6023673963251672,0.666589657745114,1,8265226
qsize=10000,65baffe3161e376e238e0d0a44d7b27b,SRR25035198,0.0002,2,21,1000,DNA,b55c3b1a8ec0011307337a46f64ad9f0,4.3684623231045785e-6,0.0002,4.0,4.0,2.0,0.666589657745114,0.5562040925686575,0.6113968751568858,0.666589657745114,8,8265226
qsize=1000,06e3ed33658503f35a60705dda70ec6b,SRR8660986,0.001,1,21,1000,DNA,399bbbc0026daae30a72b9e6ede8af83,1.0377114726267279e-6,0.001,1.0,1.0,0.0,0.719685673001152,0.5188869134991713,0.6192862932501617,0.719685673001152,1,1014017
qsize=5000,6424f418433b237c8a9c44a818715253,SRR8660986,0.0002,1,21,1000,DNA,399bbbc0026daae30a72b9e6ede8af83,1.0334218975899568e-6,0.0002,1.0,1.0,0.0,0.666589657745114,0.5188869134991713,0.5927382856221426,0.666589657745114,1,1014017
qsize=10000,65baffe3161e376e238e0d0a44d7b27b,SRR8660986,0.0007,7,21,1000,DNA,399bbbc0026daae30a72b9e6ede8af83,7.196811195770743e-6,0.0007,1.0,1.0,0.0,0.7075653765539904,0.5692663089415538,0.6384158427477722,0.7075653765539904,7,1014017
qsize=10000,65baffe3161e376e238e0d0a44d7b27b,ERR3300316,0.0001,1,21,1000,DNA,d1c531df6545cdd96173ab251238965e,0.00001923298842174097,0.0001,147.0,147.0,0.0,0.6449466771037624,0.6023483624734524,0.6236475197886073,0.6449466771037624,147,767978
qsize=1000,06e3ed33658503f35a60705dda70ec6b,SRR7011569,0.002,2,21,1000,DNA,587c59a623bb1fe5caae6fc83e174b9c,3.4734885982736764e-7,0.002,1.0,1.0,0.0,0.7438367286489914,0.49251675292035846,0.618176740784675,0.7438367286489914,2,7826402
qsize=5000,6424f418433b237c8a9c44a818715253,SRR7011569,0.0026,13,21,1000,DNA,587c59a623bb1fe5caae6fc83e174b9c,2.256204519038808e-6,0.0026,1.3076923076923077,1.0,0.46153846153846156,0.7531881745740489,0.5384323775392397,0.6458102760566442,0.7531881745740489,17,7826402
qsize=10000,65baffe3161e376e238e0d0a44d7b27b,SRR7011569,0.0029,29,21,1000,DNA,587c59a623bb1fe5caae6fc83e174b9c,5.028721804693809e-6,0.0029,1.3793103448275863,1.0,0.6650793628271002,0.7571149283327862,0.5594022975864674,0.6582586129596268,0.7571149283327862,40,7826402
qsize=10000,65baffe3161e376e238e0d0a44d7b27b,SRR940466,0.0002,2,21,1000,DNA,a5bf26ad2ec6014da3b8e95ef37ad64c,0.000020916126333403053,0.0002,36.5,36.5,35.5,0.666589657745114,0.6017966199744477,0.6341931388597808,0.666589657745114,73,1556925
qsize=5000,6424f418433b237c8a9c44a818715253,ERR15118066,0.0002,1,21,1000,DNA,3b455ab1b573846a0eea5945685f0d50,3.6393942592194953e-6,0.0002,1.0,1.0,0.0,0.666589657745114,0.5512912523645481,0.6089404550548311,0.666589657745114,1,1903672
qsize=10000,65baffe3161e376e238e0d0a44d7b27b,ERR8610107,0.0002,2,21,1000,DNA,b4908763bcf0233a7953e145906539fb,9.703038506508314e-6,0.0002,25.0,25.0,20.0,0.666589657745114,0.578508299261059,0.6225489785030864,0.666589657745114,50,2753589
qsize=10000,65baffe3161e376e238e0d0a44d7b27b,SRR24458714,0.0002,2,21,1000,DNA,a4c548194cb7a8d6dd68549ff85898d5,0.000015342717962487056,0.0002,1.5,1.5,0.5,0.666589657745114,0.5921170330921826,0.6293533454186483,0.666589657745114,3,745378
qsize=5000,6424f418433b237c8a9c44a818715253,SRR29012123,0.0002,1,21,1000,DNA,c5a920591ae97e36f3b4755d8631a4a4,6.914003622937898e-6,0.0002,1.0,1.0,0.0,0.666589657745114,0.5688532870335361,0.6177214723893251,0.666589657745114,1,2127381
qsize=10000,65baffe3161e376e238e0d0a44d7b27b,ERR10460747,0.0001,1,21,1000,DNA,a7dcd3c14f212733a72bd43758123165,0.00002686583203481812,0.0001,1.0,1.0,0.0,0.6449466771037624,0.6149114390988867,0.6299290581013246,0.6449466771037624,1,328680
qsize=1000,06e3ed33658503f35a60705dda70ec6b,ERR13955726,0.001,1,21,1000,DNA,630aff53c6fdf561440f0560d3dc65cc,1.6268548178492002e-6,0.001,4.0,4.0,0.0,0.719685673001152,0.5301314639865211,0.6249085684938366,0.719685673001152,4,4531624
qsize=5000,6424f418433b237c8a9c44a818715253,ERR13955726,0.001,5,21,1000,DNA,630aff53c6fdf561440f0560d3dc65cc,8.081735439541346e-6,0.001,2.8,2.0,2.227105745132009,0.719685673001152,0.5723581441824762,0.6460219085918142,0.719685673001152,14,4531624
qsize=10000,65baffe3161e376e238e0d0a44d7b27b,ERR13955726,0.0005,5,21,1000,DNA,630aff53c6fdf561440f0560d3dc65cc,8.016944614136439e-6,0.0005,19.8,12.0,16.04244370412438,0.6963187591769685,0.5723581441824762,0.6343384516797224,0.6963187591769685,99,4531624
qsize=5000,6424f418433b237c8a9c44a818715253,SRR8797036,0.0002,1,21,1000,DNA,08189b42d856a5885221917229d1244d,0.00001616553507921112,0.0002,1.0,1.0,0.0,0.666589657745114,0.5937180634477134,0.6301538605964137,0.666589657745114,1,432886
qsize=10000,65baffe3161e376e238e0d0a44d7b27b,ERR2528866,0.0001,1,21,1000,DNA,47bb1d4228ce66b468c4e0baef4b36e5,6.495193556767992e-6,0.0001,1.0,1.0,0.0,0.6449466771037624,0.5680274095537347,0.6064870433287486,0.6449466771037624,1,680065
qsize=5000,6424f418433b237c8a9c44a818715253,ERR14363873,0.0002,1,21,1000,DNA,de427a5870ee9c401fcbf8c8846e9375,1.0196486290824183e-6,0.0002,2.0,2.0,0.0,0.666589657745114,0.5185537802487575,0.5925717189969357,0.666589657745114,2,3159209
qsize=10000,65baffe3161e376e238e0d0a44d7b27b,ERR14363873,0.0006,6,21,1000,DNA,de427a5870ee9c401fcbf8c8846e9375,6.086890359887393e-6,0.0006,1.1666666666666667,1.0,0.37267799624996495,0.7023905031859884,0.5647400995591493,0.6335653013725688,0.7023905031859884,7,3159209
qsize=100,36c3fdb0e95a270b636308b47d19df42,ERR11456700,0.01,1,21,1000,DNA,9950214cee69f0bb0a5bb5bf8e74edb8,1.182438424519043e-6,0.01,1.0,1.0,0.0,0.8030857221391514,0.5221001041194304,0.6625929131292909,0.8030857221391514,1,5120647
qsize=5000,6424f418433b237c8a9c44a818715253,ERR11456700,0.0002,1,21,1000,DNA,9950214cee69f0bb0a5bb5bf8e74edb8,1.1756269030460493e-6,0.0002,3.0,3.0,0.0,0.666589657745114,0.5221001041194304,0.5943448809322722,0.666589657745114,3,5120647
qsize=10000,65baffe3161e376e238e0d0a44d7b27b,ERR11456700,0.0007,7,21,1000,DNA,9950214cee69f0bb0a5bb5bf8e74edb8,8.181354925876924e-6,0.0007,9.571428571428571,1.0,13.113320848414766,0.7075653765539904,0.5727914723571917,0.640178424455591,0.7075653765539904,67,5120647
qsize=5000,6424f418433b237c8a9c44a818715253,SRR1747026,0.0004,2,21,1000,DNA,971196519a7aed5dc23f74caad6b9d8d,5.071083918832231e-6,0.0004,1.0,1.0,0.0,0.6889589288344534,0.5599196337486392,0.6244392812915462,0.6889589288344534,2,1490925
qsize=10000,65baffe3161e376e238e0d0a44d7b27b,SRR1747026,0.0006,6,21,1000,DNA,971196519a7aed5dc23f74caad6b9d8d,0.00001502294755238627,0.0006,3.0,3.5,1.5275252316519468,0.7023905031859884,0.5899915018525558,0.6461910025192721,0.7023905031859884,18,1490925
qsize=100,36c3fdb0e95a270b636308b47d19df42,SRR24085896,0.01,1,21,1000,DNA,645a176e9ae2a5865b62cbc3cf34d145,9.578567915973737e-8,0.01,1.0,1.0,0.0,0.8030857221391514,0.46320838708444634,0.6331470546117989,0.8030857221391514,1,19324150
qsize=1000,06e3ed33658503f35a60705dda70ec6b,SRR24085896,0.004,4,21,1000,DNA,645a176e9ae2a5865b62cbc3cf34d145,3.831097999391047e-7,0.004,1.75,1.5,0.82915619758885,0.7687982401816517,0.49481851061850113,0.6318083754000764,0.7687982401816517,7,19324150
qsize=5000,6424f418433b237c8a9c44a818715253,SRR24085896,0.004,20,21,1000,DNA,645a176e9ae2a5865b62cbc3cf34d145,1.9148183483638594e-6,0.004,1.95,2.0,1.2835497652993437,0.7687982401816517,0.5342324002333562,0.6515153202075039,0.7687982401816517,39,19324150
qsize=10000,65baffe3161e376e238e0d0a44d7b27b,SRR24085896,0.0046,46,21,1000,DNA,645a176e9ae2a5865b62cbc3cf34d145,4.401985908094764e-6,0.0046,1.8695652173913044,1.0,1.5826325846261995,0.7739319108151546,0.5558471186048073,0.6648895147099809,0.7739319108151546,86,19324150
qsize=100,36c3fdb0e95a270b636308b47d19df42,SRR25132606,0.01,1,21,1000,DNA,5306f08642f1148438263a11e3624c9c,4.5508659387708293e-7,0.01,4.0,4.0,0.0,0.8030857221391514,0.4988907020425821,0.6509882120908668,0.8030857221391514,4,7610310
qsize=1000,06e3ed33658503f35a60705dda70ec6b,SRR25132606,0.002,2,21,1000,DNA,5306f08642f1148438263a11e3624c9c,9.098009673913686e-7,0.002,5.0,5.0,1.0,0.7438367286489914,0.5156323679659507,0.629734548307471,0.7438367286489914,10,7610310
qsize=5000,6424f418433b237c8a9c44a818715253,SRR25132606,0.0008,4,21,1000,DNA,5306f08642f1148438263a11e3624c9c,1.8162986467212859e-6,0.0008,2.25,1.0,2.1650635094610964,0.7120788630690342,0.532935847081552,0.6225073550752931,0.7120788630690342,9,7610310
qsize=10000,65baffe3161e376e238e0d0a44d7b27b,SRR25132606,0.0009,9,21,1000,DNA,5306f08642f1148438263a11e3624c9c,4.0774239379216735e-6,0.0009,3.2222222222222223,2.0,2.298684540619689,0.7160839323187163,0.55391806547508,0.6350009988968981,0.7160839323187163,29,7610310
qsize=5000,6424f418433b237c8a9c44a818715253,SRR24098233,0.0006,3,21,1000,DNA,d49d5d223ab56215d8bede999de7f2f7,2.4595990361651244e-6,0.0006,1.6666666666666667,1.0,0.9428090415820634,0.7023905031859884,0.5407334061742555,0.6215619546801219,0.7023905031859884,5,14376135
qsize=10000,65baffe3161e376e238e0d0a44d7b27b,SRR24098233,0.0003,3,21,1000,DNA,d49d5d223ab56215d8bede999de7f2f7,2.449557487439894e-6,0.0003,1.6666666666666667,2.0,0.4714045207910317,0.6795851327658305,0.5407334061742555,0.6101592694700431,0.6795851327658305,5,14376135
qsize=5000,6424f418433b237c8a9c44a818715253,ERR10378360,0.0002,1,21,1000,DNA,4fc5a520582dd6ba7976aeaf68ab9d16,1.3384372406777847e-6,0.0002,2.0,2.0,0.0,0.666589657745114,0.5253551904271915,0.5959724240861528,0.666589657745114,2,5242127
qsize=10000,65baffe3161e376e238e0d0a44d7b27b,ERR10378360,0.0007,7,21,1000,DNA,4fc5a520582dd6ba7976aeaf68ab9d16,9.306852236436592e-6,0.0007,11.428571428571429,4.0,13.243404211230615,0.7075653765539904,0.576362599166325,0.6419639878601577,0.7075653765539904,80,5242127
qsize=5000,6424f418433b237c8a9c44a818715253,ERR13950648,0.0008,4,21,1000,DNA,f1abe2badbec54ea7dc0066d41edc443,3.1704740096429967e-6,0.0008,2.5,1.0,2.598076211353316,0.7120788630690342,0.5473067795088379,0.6296928212889361,0.7120788630690342,10,6430697
qsize=10000,65baffe3161e376e238e0d0a44d7b27b,ERR13950648,0.0008,8,21,1000,DNA,f1abe2badbec54ea7dc0066d41edc443,6.315937399586464e-6,0.0008,19.125,1.0,47.20020524319783,0.7120788630690342,0.5656731816538706,0.6388760223614525,0.7120788630690342,153,6430697
qsize=1000,06e3ed33658503f35a60705dda70ec6b,SRR33964928,0.004,4,21,1000,DNA,82986350c2292fe76d85a95f83a714d6,8.197327712152477e-7,0.004,2.25,2.0,1.0897247358851685,0.7687982401816517,0.5130729197229883,0.64093557995232,0.7687982401816517,9,18362535
qsize=5000,6424f418433b237c8a9c44a818715253,SRR33964928,0.001,5,21,1000,DNA,82986350c2292fe76d85a95f83a714d6,1.0238269093655182e-6,0.001,1.4,1.0,0.4898979485566356,0.719685673001152,0.5185538409861591,0.6191197569936555,0.719685673001152,7,18362535
qsize=10000,65baffe3161e376e238e0d0a44d7b27b,SRR33964928,0.0026,26,21,1000,DNA,82986350c2292fe76d85a95f83a714d6,5.318477598060965e-6,0.0026,6.538461538461538,1.5,21.28963411404853,0.7531881745740489,0.560904924308472,0.6570465494412605,0.7531881745740489,170,18362535
qsize=100,36c3fdb0e95a270b636308b47d19df42,SRR28520529,0.01,1,21,1000,DNA,b6a93f6afa8b0467854113385173a487,2.0583187570060026e-7,0.01,1.0,1.0,0.0,0.8030857221391514,0.48039254706614243,0.6417391346026469,0.8030857221391514,1,9741445
qsize=5000,6424f418433b237c8a9c44a818715253,SRR28520529,0.0032,16,21,1000,DNA,b6a93f6afa8b0467854113385173a487,3.2900019513824072e-6,0.0032,2.0625,2.0,1.197327753791751,0.7606723286780623,0.5481953000778712,0.6544338143779668,0.7606723286780623,33,9741445
qsize=10000,65baffe3161e376e238e0d0a44d7b27b,SRR28520529,0.0027,27,21,1000,DNA,b6a93f6afa8b0467854113385173a487,5.54618865915343e-6,0.0027,1.5925925925925926,1.0,1.1306916683313886,0.7545429901300191,0.5620260430323077,0.6582845165811635,0.7545429901300191,43,9741445
qsize=1000,06e3ed33658503f35a60705dda70ec6b,SRR26786783,0.001,1,21,1000,DNA,b6dac597495eb35d09c7915b4b17a783,5.121389740319934e-7,0.001,1.0,1.0,0.0,0.719685673001152,0.5017156207923479,0.61070064689675,0.719685673001152,1,10443138
qsize=5000,6424f418433b237c8a9c44a818715253,SRR26786783,0.001,5,21,1000,DNA,b6dac597495eb35d09c7915b4b17a783,2.5554650920912957e-6,0.001,2.2,1.0,1.9390719429665317,0.719685673001152,0.5416788874681252,0.6306822802346386,0.719685673001152,11,10443138
qsize=10000,65baffe3161e376e238e0d0a44d7b27b,SRR26786783,0.0012,12,21,1000,DNA,b6dac597495eb35d09c7915b4b17a783,6.117505036745814e-6,0.0012,1.6666666666666667,1.0,0.8498365855987975,0.7259611712781008,0.5647382530204644,0.6453497121492826,0.7259611712781008,20,10443138
qsize=1000,06e3ed33658503f35a60705dda70ec6b,ERR1726750,0.006,6,21,1000,DNA,4df3aadad3905e6eaa4b483b0d4be714,5.888566533490192e-7,0.006,7.833333333333333,1.0,14.83707817897071,0.7837863189947072,0.5050516652653113,0.6444189921300092,0.7837863189947072,47,30122322
qsize=5000,6424f418433b237c8a9c44a818715253,ERR1726750,0.0046,23,21,1000,DNA,4df3aadad3905e6eaa4b483b0d4be714,2.2564018043366082e-6,0.0046,1.6956521739130435,1.0,1.0808524256222656,0.7739319108151546,0.5384249403738727,0.6561784255945136,0.7739319108151546,39,30122322
qsize=10000,65baffe3161e376e238e0d0a44d7b27b,ERR1726750,0.0052,52,21,1000,DNA,4df3aadad3905e6eaa4b483b0d4be714,5.098943528317914e-6,0.0052,2.5,2.0,1.8861845900368042,0.7784634998998641,0.5597517124581359,0.669107606179,0.7784634998998641,130,30122322
qsize=5000,6424f418433b237c8a9c44a818715253,SRR5990298,0.0008,4,21,1000,DNA,3e97cf321aefccd70b6a2daebeaa4fb0,2.220909417988478e-6,0.0008,1.0,1.0,0.0,0.7120788630690342,0.53807724869819,0.6250780558836121,0.7120788630690342,4,2062354
qsize=10000,65baffe3161e376e238e0d0a44d7b27b,SRR5990298,0.0008,8,21,1000,DNA,3e97cf321aefccd70b6a2daebeaa4fb0,4.429531687762311e-6,0.0008,1.0,1.0,0.0,0.7120788630690342,0.5561339282510223,0.6341063956600282,0.7120788630690342,8,2062354
qsize=5000,6424f418433b237c8a9c44a818715253,ERR11606067,0.0008,4,21,1000,DNA,5ddc5b616dbe563bbcdd6ab677121f71,1.611167322948823e-6,0.0008,1.25,1.0,0.4330127018922193,0.7120788630690342,0.5298966979322419,0.6209877805006381,0.7120788630690342,5,3377640
qsize=10000,65baffe3161e376e238e0d0a44d7b27b,ERR11606067,0.0014,14,21,1000,DNA,5ddc5b616dbe563bbcdd6ab677121f71,5.627774191188353e-6,0.0014,1.3571428571428572,1.0,0.47915742374995496,0.7313097019236751,0.5624698077006598,0.6468897548121675,0.7313097019236751,19,3377640
qsize=1000,06e3ed33658503f35a60705dda70ec6b,SRR28401788,0.005,5,21,1000,DNA,5c753cd528bdc28f98ba8f2b8b648680,3.963167588644764e-7,0.005,1.0,1.0,0.0,0.777010957048437,0.49561735892054626,0.6363141579844916,0.777010957048437,5,26778374
qsize=5000,6424f418433b237c8a9c44a818715253,SRR28401788,0.005,25,21,1000,DNA,5c753cd528bdc28f98ba8f2b8b648680,1.98095886491374e-6,0.005,2.16,1.0,2.052900387257014,0.777010957048437,0.5350948793780642,0.6560529182132506,0.777010957048437,54,26778374
qsize=10000,65baffe3161e376e238e0d0a44d7b27b,SRR28401788,0.0076,76,21,1000,DNA,5c753cd528bdc28f98ba8f2b8b648680,6.01975429897585e-6,0.0076,1.9078947368421053,1.0,1.9813447824178423,0.7926589388346978,0.5641892087674921,0.6784240738010949,0.7926589388346978,145,26778374
qsize=100,36c3fdb0e95a270b636308b47d19df42,SRR21474780,0.01,1,21,1000,DNA,111a09b43fbfcab0d4921e04647cbf9d,1.8416087557446682e-7,0.01,1.0,1.0,0.0,0.8030857221391514,0.47785429072998964,0.6404700064345705,0.8030857221391514,1,13474595
qsize=1000,06e3ed33658503f35a60705dda70ec6b,SRR21474780,0.001,1,21,1000,DNA,111a09b43fbfcab0d4921e04647cbf9d,1.8413035692749037e-7,0.001,1.0,1.0,0.0,0.719685673001152,0.47785429072998964,0.5987699818655708,0.719685673001152,1,13474595
qsize=5000,6424f418433b237c8a9c44a818715253,SRR21474780,0.0016,8,21,1000,DNA,111a09b43fbfcab0d4921e04647cbf9d,1.4719606221094372e-6,0.0016,1.625,1.5,0.6959705453537527,0.735974651039796,0.5275939114590188,0.6317842812494074,0.735974651039796,13,13474595
qsize=10000,65baffe3161e376e238e0d0a44d7b27b,SRR21474780,0.0024,24,21,1000,DNA,111a09b43fbfcab0d4921e04647cbf9d,4.411836073818841e-6,0.0024,2.0,1.0,2.2912878474779204,0.750322818735379,0.5559296467351774,0.6531262327352783,0.750322818735379,48,13474595
qsize=100,36c3fdb0e95a270b636308b47d19df42,SRR5265135,0.01,1,21,1000,DNA,48dee7db2f64cfc20807e0dc72ae73b5,1.1513819750000431e-7,0.01,1.0,1.0,0.0,0.8030857221391514,0.4672852936520081,0.6351855078955797,0.8030857221391514,1,22605118
qsize=1000,06e3ed33658503f35a60705dda70ec6b,SRR5265135,0.002,2,21,1000,DNA,48dee7db2f64cfc20807e0dc72ae73b5,2.302525617324387e-7,0.002,3.5,3.5,1.5,0.7438367286489914,0.4829663521387575,0.6134015403938744,0.7438367286489914,7,22605118
qsize=5000,6424f418433b237c8a9c44a818715253,SRR5265135,0.003,15,21,1000,DNA,48dee7db2f64cfc20807e0dc72ae73b5,1.7261019175726497e-6,0.003,1.2666666666666666,1.0,0.4422166387140533,0.7583381711996433,0.531601819649068,0.6449699954243557,0.7583381711996433,19,22605118
qsize=10000,65baffe3161e376e238e0d0a44d7b27b,SRR5265135,0.0048,48,21,1000,DNA,48dee7db2f64cfc20807e0dc72ae73b5,5.520370858514275e-6,0.0048,2.3333333333333335,1.0,4.687453703475077,0.7755019890717223,0.5618769544149376,0.6686894717433299,0.7755019890717223,112,22605118
qsize=1000,06e3ed33658503f35a60705dda70ec6b,SRR15172507,0.002,2,21,1000,DNA,39b6e3a4eaf9332a086e60175a5ea93c,4.294511592711956e-7,0.002,1.0,1.0,0.0,0.7438367286489914,0.4975192055726436,0.6206779671108176,0.7438367286489914,2,16244376
qsize=5000,6424f418433b237c8a9c44a818715253,SRR15172507,0.0014,7,21,1000,DNA,39b6e3a4eaf9332a086e60175a5ea93c,1.501790778232272e-6,0.0014,1.5714285714285714,1.0,1.3997084244475304,0.7313097019236751,0.5281020489046585,0.6297058754141668,0.7313097019236751,11,16244376
qsize=10000,65baffe3161e376e238e0d0a44d7b27b,SRR15172507,0.0022,22,21,1000,DNA,39b6e3a4eaf9332a086e60175a5ea93c,4.714871368665008e-6,0.0022,1.7727272727272727,1.0,2.922200574626442,0.7472203637831225,0.5576991443801107,0.6524597540816166,0.7472203637831225,39,16244376
qsize=100,36c3fdb0e95a270b636308b47d19df42,SRR30531568,0.02,2,21,1000,DNA,ab3185f548b097a23a7a79fa60243a33,2.7880466958788907e-7,0.02,1.5,1.5,0.5,0.8300354985387393,0.48738449966884534,0.6587099991037924,0.8300354985387393,3,15966717
qsize=1000,06e3ed33658503f35a60705dda70ec6b,SRR30531568,0.001,1,21,1000,DNA,ab3185f548b097a23a7a79fa60243a33,1.3938482784998066e-7,0.001,2.0,2.0,0.0,0.719685673001152,0.471559991789575,0.5956228323953635,0.719685673001152,2,15966717
qsize=5000,6424f418433b237c8a9c44a818715253,SRR30531568,0.004,20,21,1000,DNA,ab3185f548b097a23a7a79fa60243a33,2.786150547137279e-6,0.004,2.4,1.0,3.3226495451672293,0.7687982401816517,0.5438645613768626,0.6563314007792571,0.7687982401816517,48,15966717
qsize=10000,65baffe3161e376e238e0d0a44d7b27b,SRR30531568,0.0026,26,21,1000,DNA,ab3185f548b097a23a7a79fa60243a33,3.619477634203618e-6,0.0026,1.6538461538461537,1.0,0.9584565995674702,0.7531881745740489,0.5507019758797848,0.6519450752269168,0.7531881745740489,43,15966717
qsize=1000,06e3ed33658503f35a60705dda70ec6b,SRR29257472,0.002,2,21,1000,DNA,83ca85b9f1ce5c2be954d3b888b9d466,2.539888633503087e-7,0.002,1.0,1.0,0.0,0.7438367286489914,0.4852283612925474,0.6145325449707695,0.7438367286489914,2,19611899
qsize=5000,6424f418433b237c8a9c44a818715253,SRR29257472,0.0048,24,21,1000,DNA,83ca85b9f1ce5c2be954d3b888b9d466,3.0463274047994126e-6,0.0048,1.75,1.0,1.2332207155790618,0.7755019890717223,0.546179958757456,0.6608409739145891,0.7755019890717223,42,19611899
qsize=10000,65baffe3161e376e238e0d0a44d7b27b,SRR29257472,0.0028,28,21,1000,DNA,83ca85b9f1ce5c2be954d3b888b9d466,3.551796289260827e-6,0.0028,1.8571428571428572,1.0,2.231499907401901,0.7558508342117639,0.5502039484183213,0.6530273913150426,0.7558508342117639,52,19611899
qsize=100,36c3fdb0e95a270b636308b47d19df42,ERR10048375,0.01,1,21,1000,DNA,79f4f0ccacd4d5e259081332e45bd32e,5.406983952450118e-8,0.01,2.0,2.0,0.0,0.8030857221391514,0.45076517134818017,0.6269254467436658,0.8030857221391514,2,92928346
qsize=1000,06e3ed33658503f35a60705dda70ec6b,ERR10048375,0.002,2,21,1000,DNA,79f4f0ccacd4d5e259081332e45bd32e,1.0813442276601581e-7,0.002,1.0,1.0,0.0,0.7438367286489914,0.4658918511554081,0.6048642899021998,0.7438367286489914,2,92928346
qsize=5000,6424f418433b237c8a9c44a818715253,ERR10048375,0.0076,38,21,1000,DNA,79f4f0ccacd4d5e259081332e45bd32e,2.054113789903728e-6,0.0076,3.9473684210526314,1.0,8.629653186972455,0.7926589388346978,0.5360164806533982,0.664337709744048,0.7926589388346978,150,92928346
qsize=10000,65baffe3161e376e238e0d0a44d7b27b,ERR10048375,0.0071,71,21,1000,DNA,79f4f0ccacd4d5e259081332e45bd32e,3.836919258627218e-6,0.0071,4.0,1.0,7.872218936609645,0.7900943733562789,0.55221158311337,0.6711529782348244,0.7900943733562789,284,92928346
qsize=1000,06e3ed33658503f35a60705dda70ec6b,ERR14217170,0.001,1,21,1000,DNA,19ca5b05f858bf86766526b8b3311b48,6.994244436253407e-7,0.001,1.0,1.0,0.0,0.719685673001152,0.509221667260719,0.6144536701309355,0.719685673001152,1,26177911
qsize=5000,6424f418433b237c8a9c44a818715253,ERR14217170,0.0006,3,21,1000,DNA,19ca5b05f858bf86766526b8b3311b48,2.0924222926671063e-6,0.0006,7.333333333333333,1.0,8.956685895029603,0.7023905031859884,0.5365706757443104,0.6194805894651494,0.7023905031859884,22,26177911
qsize=10000,65baffe3161e376e238e0d0a44d7b27b,ERR14217170,0.0005,5,21,1000,DNA,19ca5b05f858bf86766526b8b3311b48,3.475255830957996e-6,0.0005,165.4,2.0,318.379396318292,0.6963187591769685,0.5497828147364255,0.623050786956697,0.6963187591769685,827,26177911
qsize=1000,06e3ed33658503f35a60705dda70ec6b,SRR10983230,0.002,2,21,1000,DNA,c55c3aa5b78269960839d34029a3d20d,2.4334760648161215e-7,0.002,1.0,1.0,0.0,0.7438367286489914,0.4842403153736965,0.614038522011344,0.7438367286489914,2,16894195
qsize=5000,6424f418433b237c8a9c44a818715253,SRR10983230,0.0048,24,21,1000,DNA,c55c3aa5b78269960839d34029a3d20d,2.9187585449696777e-6,0.0048,1.3333333333333333,1.0,0.9428090415820632,0.7755019890717223,0.5450678001899498,0.6602848946308361,0.7755019890717223,32,16894195
qsize=10000,65baffe3161e376e238e0d0a44d7b27b,SRR10983230,0.0034,34,21,1000,DNA,c55c3aa5b78269960839d34029a3d20d,4.132400156350576e-6,0.0034,4.911764705882353,1.0,18.290736400218655,0.7628714763650551,0.5541837020907777,0.6585275892279164,0.7628714763650551,167,16894195
qsize=1000,06e3ed33658503f35a60705dda70ec6b,SRR26348422,0.007,7,21,1000,DNA,a9b0a91472e1ec77bb4c9c6775ca9848,6.196879463966385e-7,0.007,1.2857142857142858,1.0,0.6998542122237652,0.7895608773493152,0.5062802791138414,0.6479205782315783,0.7895608773493152,9,55366831
qsize=5000,6424f418433b237c8a9c44a818715253,SRR26348422,0.005,25,21,1000,DNA,a9b0a91472e1ec77bb4c9c6775ca9848,2.2123913383994145e-6,0.005,2.88,2.0,2.5031180555459227,0.777010957048437,0.5379189188577896,0.6574649379531133,0.777010957048437,72,55366831
qsize=10000,65baffe3161e376e238e0d0a44d7b27b,SRR26348422,0.0043,43,21,1000,DNA,a9b0a91472e1ec77bb4c9c6775ca9848,3.803636134614044e-6,0.0043,4.488372093023256,2.0,5.40616397992383,0.7714504233304575,0.55199158775745,0.6617210055439537,0.7714504233304575,193,55366831
qsize=1000,06e3ed33658503f35a60705dda70ec6b,SRR15173017,0.006,6,21,1000,DNA,b56556d83f1e61347e17e2d845d8829d,7.224180777899786e-7,0.006,1.0,1.0,0.0,0.7837863189947072,0.5099925563800607,0.6468894376873839,0.7837863189947072,6,30267837
qsize=5000,6424f418433b237c8a9c44a818715253,SRR15173017,0.0044,22,21,1000,DNA,b56556d83f1e61347e17e2d845d8829d,2.64759627141424e-6,0.0044,1.4090909090909092,1.0,1.6694879702006324,0.7722954226093889,0.5425426764406109,0.6574190495249999,0.7722954226093889,31,30267837
qsize=10000,65baffe3161e376e238e0d0a44d7b27b,SRR15173017,0.0031,31,21,1000,DNA,b56556d83f1e61347e17e2d845d8829d,3.7284643597895943e-6,0.0031,1.096774193548387,1.0,0.2956500448358606,0.7595231805968683,0.5514755207331489,0.6554993506650086,0.7595231805968683,34,30267837
qsize=100,36c3fdb0e95a270b636308b47d19df42,SRR11211956,0.01,1,21,1000,DNA,fa32086c04dabc67646a226fe1184925,5.894285401888588e-8,0.01,1.0,1.0,0.0,0.8030857221391514,0.4526212480952341,0.6278534851171927,0.8030857221391514,1,20718729
qsize=1000,06e3ed33658503f35a60705dda70ec6b,SRR11211956,0.011,11,21,1000,DNA,fa32086c04dabc67646a226fe1184925,6.483373829861535e-7,0.011,1.2727272727272727,1.0,0.44536177141512323,0.8067388747202084,0.5073703285492817,0.657054601634745,0.8067388747202084,14,20718729
qsize=5000,6424f418433b237c8a9c44a818715253,SRR11211956,0.005,25,21,1000,DNA,fa32086c04dabc67646a226fe1184925,1.4731479598580145e-6,0.005,1.04,1.0,0.19595917942265423,0.777010957048437,0.5275984484256929,0.652304702737065,0.777010957048437,26,20718729
qsize=10000,65baffe3161e376e238e0d0a44d7b27b,SRR11211956,0.0072,72,21,1000,DNA,fa32086c04dabc67646a226fe1184925,4.2414282208375005e-6,0.0072,1.0694444444444444,1.0,0.419205229799627,0.7906207605834026,0.5548547936276751,0.6727377771055388,0.7906207605834026,77,20718729
qsize=100,36c3fdb0e95a270b636308b47d19df42,SRR12660003,0.03,3,21,1000,DNA,79f2abbc90f8ccb1c95c9b17769b74e9,1.333239295521689e-7,0.03,5.333333333333333,3.0,4.784233364802441,0.8462174261492824,0.4705597331067195,0.6583885796280009,0.8462174261492824,16,51563534
qsize=1000,06e3ed33658503f35a60705dda70ec6b,SRR12660003,0.008,8,21,1000,DNA,79f2abbc90f8ccb1c95c9b17769b74e9,3.555163381532757e-7,0.008,1.375,1.0,0.6959705453537527,0.7945974047018523,0.4930591085666973,0.6438282566342748,0.7945974047018523,11,51563534
qsize=5000,6424f418433b237c8a9c44a818715253,SRR12660003,0.0094,47,21,1000,DNA,79f2abbc90f8ccb1c95c9b17769b74e9,2.088290895189435e-6,0.0094,1.6170212765957446,1.0,0.9576831859512255,0.8007229545780865,0.5364366091079071,0.6685797818429968,0.8007229545780865,76,51563534
qsize=10000,65baffe3161e376e238e0d0a44d7b27b,SRR12660003,0.0107,107,21,1000,DNA,79f2abbc90f8ccb1c95c9b17769b74e9,4.753150883710699e-6,0.0107,1.9906542056074767,1.0,2.7733556283271543,0.8056773087636963,0.5578687365319699,0.6817730226478331,0.8056773087636963,213,51563534
