internal_location,md5,md5short,ksize,moltype,num,scaled,n_hashes,with_abundance,name,filename,sha256,creation_date,size
sigs/ERR1739527.sig,bc6866e0673fc6123543827a36cf520e,bc6866e0,21,DNA,0,1000,1,1,ERR1739527,-,11d9051105fd8d0fddf5b8e53422446c3b6316653177b897e96a6494bee9ddec,2022-05-19T02:44:40.000000,320
sigs/SRR26109990.sig,d772b3b9bde84889b1b9c5b4a7f69d12,d772b3b9,21,DNA,0,1000,1,1,SRR26109990,-,c69390134c312e0b94e23c628f95ff6118337132d173cafacb85b8d4613e5aef,2023-09-20T17:11:06.000000,318
sigs/SRR16965339.sig,1620d76da2f540dbc17eda02bb3d773a,1620d76d,21,DNA,0,1000,1,1,SRR16965339,-,6e80f8af26501bb04b4b0eff0b1a6c3da01e96dec7410d832952ed16093c8726,2021-11-18T17:00:33.000000,332
sigs/ERR12006534.sig,31ce5ec79dd901c17aac4f21b295c641,31ce5ec7,21,DNA,0,1000,1,1,ERR12006534,-,6a24b0af9488a2ac8f094f06fb2cbb983fd743a346ee7d0493f248156d0f2a06,2023-10-31T20:03:50.000000,322
sigs/SRR386725.sig,94d1ce28462499a42d9e9d9b28c90b42,94d1ce28,21,DNA,0,1000,1,1,SRR386725,-,53472727a016885621ac9fd316eb4f6adf9759d2501e305146580216e488a365,2018-10-08T22:52:47.000000,325
sigs/ERR1459643.sig,a5403bc98b12332260dc5b914fb5c715,a5403bc9,21,DNA,0,1000,1,1,ERR1459643,-,fc6a93a02c1fbf9ab1eba4acc3d42e8ed5ce67d4d7ab46d231a5eb4af5208eae,2022-05-19T02:45:15.000000,308
sigs/SRR10121663.sig,bd90db6625fbd0b69cc20afc7d9cc2e5,bd90db66,21,DNA,0,1000,2,1,SRR10121663,-,30c32b1dee28f873dad6cf7a55a25d5e0f828c824bc53453470897777c1df849,2019-09-26T15:01:33.000000,358
sigs/SRR15901051.sig,f92391a2444ae9297c6eaa3ecdd1b51d,f92391a2,21,DNA,0,1000,2,1,SRR15901051,-,de992dd17be86e3fef549c52498d3365e332960bdd27d500796b50744dfb0619,2021-09-18T08:21:36.000000,335
sigs/ERR1091564.sig,9f40369891b2502efb177e087d602cd4,9f403698,21,DNA,0,1000,2,1,ERR1091564,-,0d8e92ed6c76fd3ff4533f3224c77604417fcc843645b99dafb5411687f9bc18,2022-05-19T01:49:06.000000,331
sigs/SRR17225427.sig,f38451a2c41468b6a076dfca72df5590,f38451a2,21,DNA,0,1000,2,1,SRR17225427,-,ffd12dcc64e9aad0dc0caf2c69f621a6ac3ee091486b7c04076a4be1660db060,2021-12-16T00:40:11.000000,350
sigs/ERR1551755.sig,205197580b64988c0046c645e866bb7e,20519758,21,DNA,0,1000,3,1,ERR1551755,-,3dc623e0e58f2959ff622105c8e196024bc76dd97ae697ee978b078fd0c4a9ce,2022-05-19T01:43:13.000000,378
sigs/ERR2162884.sig,563a27aacffc8115ccd37f14854eb827,563a27aa,21,DNA,0,1000,3,1,ERR2162884,-,09f1b45d0bfaeaa1fb6675b37823e13cccd5eaa538cdd16440720817940be47b,2022-05-19T01:40:14.000000,444
sigs/ERR11987416.sig,99b901c35ada36d8fec5968c0b46f3dc,99b901c3,21,DNA,0,1000,3,1,ERR11987416,-,a371f11eb0ca51b884c0b22ff6cd6fa5aa3b5dc9a3e591017799d3d7487a143a,2023-11-11T13:20:40.000000,346
sigs/ERR11990914.sig,3a9ef6355b9c5470cfdaa590fe426247,3a9ef635,21,DNA,0,1000,4,1,ERR11990914,-,b49ccdeaa65897b42853b73d356d6de296550ad84321d168ea5465ad2e4ef35a,2023-11-11T13:20:52.000000,360
sigs/ERR2593496.sig,1f1b9447942413672eb37ffd93cb2702,1f1b9447,21,DNA,0,1000,6,1,ERR2593496,-,1744669ef75f90a5266573847035799da0ca4631cae4ff88f4757db1566ea78b,2022-05-19T02:32:49.000000,397
sigs/ERR11996328.sig,3878159797680ef724787dff775dc48f,38781597,21,DNA,0,1000,8,1,ERR11996328,-,6aeaf4ed1741787cd74d63be7d4d3a501d59daac4d68a75829bef66b40a0afe2,2023-10-31T20:05:56.000000,528
sigs/ERR11456143.sig,9cdcf059aac26e0fc9c9625e2dd594c1,9cdcf059,21,DNA,0,1000,11,1,ERR11456143,-,746c15fe16a57cd480e193c0e0660bf52fe6ba43414969b4703f1177a27c18da,2023-11-10T17:03:06.000000,648
sigs/SRR1051802.sig,f2cfe71bae12a5d221d17cbc63df82ca,f2cfe71b,21,DNA,0,1000,14,1,SRR1051802,-,ef01e12943fb9d14c88a80337ae540afa44e729d02388808ed6aa75edac9f181,2020-06-18T20:43:38.000000,773
sigs/ERR11918864.sig,99b57fa906d1628bde3ba8cf61b791d5,99b57fa9,21,DNA,0,1000,17,1,ERR11918864,-,d6ca4175c3c8631c5a420879f94b99eb444988e47d5eaf21c63e55a9edbb64ad,2023-11-11T20:46:31.000000,692
sigs/ERR11914104.sig,783ee3231327803078697cdadabb34e2,783ee323,21,DNA,0,1000,21,1,ERR11914104,-,669aed6358035df8d31e7404ea16851bbb18d4a27d9d2bfc331e695fe10365ea,2023-11-11T20:55:00.000000,1068
sigs/SRR5128890.sig,226743c6814df267f0855f35be7694a8,226743c6,21,DNA,0,1000,22,1,SRR5128890,-,bff1b7b8550010db4447f801da3f9a7d7862d36a8a00af0d203060a3b482dd8d,2022-05-19T02:44:09.000000,889
sigs/SRR9952210.sig,eb25412d7aa4cbf283b3bd9bf1efe4d8,eb25412d,21,DNA,0,1000,23,1,SRR9952210,-,fd8c550dbafb222700cefd488b0d60d24b5845d6bbe4369cf0459cb5a104cb1e,2022-05-19T02:31:43.000000,1189
sigs/SRR409060.sig,9e2157e1788b12e5bdbfbf2a25c78b33,9e2157e1,21,DNA,0,1000,24,1,SRR409060,-,fdc0d191257b2725ea456bfda4cbcda49b578b86ebb6aabb43afc646753ce8a2,2020-07-10T14:32:19.000000,1275
sigs/ERR11989086.sig,75002ab9e62650217818734f85df2460,75002ab9,21,DNA,0,1000,24,1,ERR11989086,-,d1f0f832a2563d29aff6d8e0d4ddbec7f6ab1c7497877b7c884bd3132417b029,2023-11-11T13:25:34.000000,1252
sigs/ERR11987232.sig,328b443aff9147ae295a276783b2ce67,328b443a,21,DNA,0,1000,25,1,ERR11987232,-,a3558e7575e1e186e2813035c6149c1a7b164ac977f3c317691788f79a249518,2023-11-11T13:23:36.000000,1301
sigs/ERR4329494.sig,0d7462897cc54c1190fc92090b6cd764,0d746289,21,DNA,0,1000,26,1,ERR4329494,-,bef1f2f4fc1be665314c37953839d3a31a4aaa8a357237b83e7a96520d9918b9,2022-08-24T15:21:09.000000,1145
sigs/ERR2969418.sig,1526aa2e4c881822f4f7cd6ca434784e,1526aa2e,21,DNA,0,1000,29,1,ERR2969418,-,f2fdda9a8a66e62a74c6bd239681957dec4692da08fc6dcb41bb7e6e3859baa2,2020-06-18T15:37:38.000000,1493
sigs/ERR12368967.sig,876e7169fda18c5443f07d53694dd6f1,876e7169,21,DNA,0,1000,34,1,ERR12368967,,e47414358c931de104e6dfadfe193cad6e3633c9684c0a35d2b729bcc0ebb905,2024-01-13T13:30:37.000000,1355
sigs/ERR12325721.sig,d6a9c5656c6fdc4609a33d0da1d56193,d6a9c565,21,DNA,0,1000,37,1,ERR12325721,,95bf1a73ae1431034b674db00e0daf4f1bda37fce090c5c189d40b6992e0d669,2024-01-13T14:17:15.000000,1470
sigs/ERR12195730.sig,b464a21b9a60e402917c9017f9c4dfec,b464a21b,21,DNA,0,1000,40,1,ERR12195730,,c6340092e76dd11af4efc9a90158f9b8799b91c87f87f657796039424e41154b,2025-07-13T22:24:26.000000,1035
sigs/SRR21231585.sig,3efdf0d2d64c00416126c18e2911e17d,3efdf0d2,21,DNA,0,1000,41,1,SRR21231585,-,877a7101e738b91ad6f52f2407b21708f083a0a1dd6f939ebaf139d7c1ed862f,2023-02-06T18:42:47.000000,1391
sigs/ERR11990971.sig,946f41f036b0110395360718e34c90a0,946f41f0,21,DNA,0,1000,42,1,ERR11990971,-,94fbc1c68bbd23324c5934831e54faf6cb62e015e0f22a64301aaf5ad6ed3d1a,2023-11-11T13:20:57.000000,1483
sigs/SRR1156142.sig,8c00834927c0d117baf1cc9a1135605a,8c008349,21,DNA,0,1000,54,1,SRR1156142,-,defcdc428d80da63ca1408d3732e93494b21009d1d2b449f091d4c27c54c47fc,2020-06-19T04:37:32.000000,2369
sigs/ERR1548991.sig,323215bedaca91fa85d8cc1feadf246e,323215be,21,DNA,0,1000,57,1,ERR1548991,-,64d6ca833643b5670a852b2830717505f517d295b9445571611055a00f32fe86,2020-07-09T02:14:28.000000,2570
sigs/DRR472289.sig,b1e1ef6c31c458c4586fdec1274431cd,b1e1ef6c,21,DNA,0,1000,59,1,DRR472289,-,705ca5cdb05cefcc8f0bee11e96c0d8c1a8c1c336e395e3e3dc0f2fed0c2d143,2023-11-08T23:03:42.000000,2467
sigs/ERR11998128.sig,b23259b8114e9115d71906faf9d784fc,b23259b8,21,DNA,0,1000,59,1,ERR11998128,-,5c7a0cc6bae25023e0c6f9173b01535b3bf2144a2b8fea9e8bfb942099c4aabb,2023-10-31T20:03:17.000000,1913
sigs/SRR29035104.sig,a820605f603cc44eb549844aa2f80635,a820605f,21,DNA,0,1000,61,1,SRR29035104,,fc734d200572ebd73ffcec5d01a55fb00e4317c72bd8a2b893d72e7deaf9788b,2024-05-19T23:28:49.000000,2425
sigs/ERR2451777.sig,c305d877f3a63b33dd21e4cfaa35badd,c305d877,21,DNA,0,1000,62,1,ERR2451777,-,f1c6b10c37444eee48e7e7ffb5cb5a53800e5df55b8ee3cf19c044ec81161ac1,2020-06-19T10:57:55.000000,2838
sigs/SRR1155716.sig,d5a6b3cf0831cbd2e98e1a51aad9f95a,d5a6b3cf,21,DNA,0,1000,66,1,SRR1155716,-,c8190d987b6d85b4d880312303ce163c6db75fd71dd2f4835577d31a486eac7a,2020-06-19T06:26:16.000000,2873
sigs/ERR3943319.sig,60e1e7780c490931fab91c5c387563db,60e1e778,21,DNA,0,1000,70,1,ERR3943319,-,a540d3e3c8d478a424f4ca5692a8548d0874bc0daad519acdb06d47214f4c451,2020-06-19T10:59:26.000000,3130
sigs/ERR12911357.sig,bd90e0a89221a50fc16e631c891c7452,bd90e0a8,21,DNA,0,1000,71,1,ERR12911357,,976f9272d588c4e155e5d4383998a1293e2376e236589940de9671f0be6eb932,2025-05-06T02:18:50.000000,1450
sigs/ERR13803066.sig,c1b818f9c6ac5f9c728e42cd7ec30e74,c1b818f9,21,DNA,0,1000,75,1,ERR13803066,,91106ccd69d61e18ce26f5216579f766a09be43003cb9c5a3911acce1caac753,2025-08-20T18:35:01.000000,4084
sigs/ERR2665563.sig,d9648a6cfd6e8590c67dcb121a21a0a4,d9648a6c,21,DNA,0,1000,79,1,ERR2665563,-,d9ba0b1e755220195ddb6504e11c32b88ed4cef342ba137aa5355a07204231ff,2020-06-18T19:13:23.000000,3578
sigs/ERR2405323.sig,9b375d7125e423aa2e12b6e4539bea4b,9b375d71,21,DNA,0,1000,81,1,ERR2405323,-,c6294816dea36f78c309fb2839c5c4b949965de6dc134aa1e0a506c8d02a19c5,2020-06-18T18:32:23.000000,3550
sigs/ERR6615168.sig,4527418b2ed55157b9b7b2deb7995b4d,4527418b,21,DNA,0,1000,81,1,ERR6615168,-,c68ba8a67c71f5159b624c2c698a9737769afb1b8c7d167b1e6bd9f56566a028,2022-05-23T03:45:15.000000,4915
sigs/SRR9495207.sig,319e21bc2aa2613efe5405985fb7e78f,319e21bc,21,DNA,0,1000,87,1,SRR9495207,-,63046451f8843da70577537b3f1d53c27dae3fee587873633b4481546bd4382f,2020-01-03T02:09:34.000000,2839
sigs/ERR13494513.sig,058f4b8bec573a802774b8f4892bd233,058f4b8b,21,DNA,0,1000,91,1,ERR13494513,,47aa27064ddfafceae67b55cd28bd274d8d57772614cb603ea052f378788b207,2025-02-14T14:59:21.000000,2948
sigs/ERR13803131.sig,0779a5462e72e93f5e2b27f286c3911c,0779a546,21,DNA,0,1000,97,1,ERR13803131,,ea695f5d3f87658535cd109aa23b1408e40e23bd6d01e2d57ca16a5ff7dae26e,2025-08-20T18:34:46.000000,4405
sigs/ERR2578171.sig,0b8c8b7123bac3de25786c1cbd16ef30,0b8c8b71,21,DNA,0,1000,100,1,ERR2578171,-,5495dfe141206718c61a12a0b342e104594e6acfedeaa169b65ebb9568057452,2020-06-19T11:07:52.000000,4527
sigs/ERR3576104.sig,295d3025fed3a10cd8496058665a2da7,295d3025,21,DNA,0,1000,104,1,ERR3576104,-,82bd144d85d1e2c2583a87bae2da1ec61a75087b968ef5acdd355a57cc43fb58,2020-06-18T21:05:25.000000,4759
sigs/ERR1074301.sig,623f944d2d11d04615c89bd561428c8a,623f944d,21,DNA,0,1000,105,1,ERR1074301,-,addf18ca90fe18344d638b5c659c39cd42ecaf326d2216719aa9a3430650f68d,2020-06-18T04:37:41.000000,4520
sigs/ERR3318394.sig,600628c993ebd8232a7970cd1987f487,600628c9,21,DNA,0,1000,112,1,ERR3318394,-,0629a60bb680220356e1b9ecc20b1132edb8d687d801ffa28a025752217e45d6,2022-05-19T02:34:41.000000,3895
sigs/SRR13342892.sig,3ab36d9fad7ffab5a955d7bf95a167ca,3ab36d9f,21,DNA,0,1000,113,1,SRR13342892,-,24fe62832f0cbde639dfcce4fb7248fa757058802fb3d466ce1ba1cd3bcec398,2022-03-07T22:17:17.000000,3933
sigs/SRR33797503.sig,731c7b74fa0f1a19de45b6ff99aa5918,731c7b74,21,DNA,0,1000,113,1,SRR33797503,,9dae0e6376bdeed5ba94648580c619fa38a4cefc373cd44f44ad1b21b8b12082,2025-06-03T20:01:14.000000,4352
sigs/SRR9666978.sig,08f452e2342e31b5452b9cce6913e765,08f452e2,21,DNA,0,1000,113,1,SRR9666978,-,e32da0d20df4e124681f37ca538e55903657b93b64a13000f2d7454759575d03,2020-10-03T18:08:19.000000,5616
sigs/ERR1076676.sig,0570fc40bb5b55c5844b97f243f5928b,0570fc40,21,DNA,0,1000,115,1,ERR1076676,-,5354a7067b487132e4b58ec489155c4c8969ad8c4bbdea487121d23036a30b84,2022-05-19T01:51:44.000000,4312
sigs/ERR1075671.sig,1f8b89357305362470e1165194eab40d,1f8b8935,21,DNA,0,1000,118,1,ERR1075671,-,a9e81578def7936e56616b7dea6bf19674c12da06f4c78b93f182ba422e5fa0a,2020-06-19T06:20:29.000000,5558
sigs/ERR10961113.sig,bcd7b956cbcdb558c27ad6cccd2a97ce,bcd7b956,21,DNA,0,1000,120,1,ERR10961113,-,f09edd83a4893b2e170703662a10119b921707cb6ede98f262704b40cb053219,2023-11-10T18:04:17.000000,3988
sigs/ERR6615174.sig,4685f315591e447b104a329cb3b07d48,4685f315,21,DNA,0,1000,122,1,ERR6615174,-,e3290e7384d630c84d95c93123f3c1aa5b9d74447c25bf02f5d25c6ce86d8b73,2022-05-23T03:39:27.000000,7186
sigs/ERR1582321.sig,509bd268fe837066cfff4a40df3abcc7,509bd268,21,DNA,0,1000,126,1,ERR1582321,-,3339476dabb3df45b0a292903e59d575b03ffa42728c7a63ed03157f6d69a21f,2020-07-09T09:17:58.000000,4807
sigs/ERR064076.sig,76f7fb3c7740dcf4a924204e8238ad90,76f7fb3c,21,DNA,0,1000,127,1,ERR064076,-,3745eae809763b4078a22f4e0c93bee52372f5d9c96653fe914850293fe1e2e3,2018-10-05T18:05:52.000000,3773
sigs/ERR1460656.sig,00ee40fba10147c35c7c79436d8a2c94,00ee40fb,21,DNA,0,1000,133,1,ERR1460656,-,1060dacbd9da8019fc5eee2ea6cfb4b193652dcefa9abf68e50e43c4c0729042,2020-06-19T10:15:27.000000,6047
sigs/ERR2697053.sig,7ee3e7387fa4e5fa53ab1658d6806e3d,7ee3e738,21,DNA,0,1000,137,1,ERR2697053,-,5638c5781b79da5a8ef2a5161eb4ee50ea2cf95450b06a6f6b136d05286e5ba2,2020-06-19T12:12:24.000000,5083
sigs/ERR2829383.sig,6a8b30d12456b48b730e367b495715c5,6a8b30d1,21,DNA,0,1000,138,1,ERR2829383,-,b12c44dc87d8afc196b77af7fae4fc406a800b42887c5ff1e9e9b8907a1c6443,2020-06-18T07:37:18.000000,6068
sigs/ERR2697717.sig,1837390e2d8bb69e293cb628545798ba,1837390e,21,DNA,0,1000,139,1,ERR2697717,-,a757a2413fbfc73ce1ca24c059d4990cbfe6debf542a6f04d41bbf90299cbcae,2020-06-18T05:43:28.000000,6189
sigs/SRR387124.sig,7996e7aaa8314d2387a0c6bb45d24ccb,7996e7aa,21,DNA,0,1000,139,1,SRR387124,-,825ee3831ff7d102b6c27728d38dbc9820d5d05bad267d017bf2485f0c8b8e8e,2018-10-08T22:52:58.000000,4684
sigs/ERR3443921.sig,01be16652c7eb373c6c50d3c683fda41,01be1665,21,DNA,0,1000,143,1,ERR3443921,-,f79f87c6f5f5445accb44a04405dae5ef52680c53a410bdc6e2e6279dde40cdb,2020-06-18T06:14:39.000000,3217
sigs/ERR2690014.sig,720469d78aa507cb98005280293bbe51,720469d7,21,DNA,0,1000,148,1,ERR2690014,-,339d3321fa6b53ebebcf0a327015bcf13e7aa1a2ec9f0de53d9d0ae4949d3fa9,2020-06-21T06:51:37.000000,5553
sigs/ERR1073469.sig,47105db48f2e3b37498898fe2aa645e5,47105db4,21,DNA,0,1000,149,1,ERR1073469,-,51b420a61a2377ad6f47c0edd4213cebda3fd162c9215d4128574091cc1dde8b,2020-06-18T13:01:51.000000,6618
sigs/SRR1393878.sig,507e70fa60bd539ce0ee809bda1eea64,507e70fa,21,DNA,0,1000,153,1,SRR1393878,-,63fa5e23f7a6cea51513e9b10b13b289f516e7e45d7f9b9381ea4f3c023f875a,2020-07-08T21:20:10.000000,8150
sigs/ERR046044.sig,147fea1693495895e45ca1e0653da1a6,147fea16,21,DNA,0,1000,153,1,ERR046044,-,ad1b98af025b3cbed7123a2c09bce60b2539f0498f36eaedaa3c48dd8dc9a925,2020-06-21T22:47:39.000000,3343
sigs/ERR3319089.sig,31b6c847abd198b89d3c70cf0ae6fe3a,31b6c847,21,DNA,0,1000,156,1,ERR3319089,-,142da30641fe746d01fd581af6b2e5c9ce8f53dea8ac27672e929528cfec0948,2020-06-19T09:55:55.000000,7197
sigs/ERR1339947.sig,709d49e002596c3aad639b255dfc0868,709d49e0,21,DNA,0,1000,159,1,ERR1339947,-,2ab31a41540b19f4fd7284393d4eab661b530708521fe32e5bc46a318930ea41,2022-05-19T03:47:00.000000,6211
sigs/ERR1090017.sig,e6775f1971c390888100a77e71fc94f0,e6775f19,21,DNA,0,1000,161,1,ERR1090017,-,6f2c6b6b9a3d514423438df2c171396b84d3640f371cc9fdb655466df61ad23a,2020-06-18T21:22:20.000000,7414
sigs/ERR4170397.sig,2167e2af44edb6db89c8886f4dfed075,2167e2af,21,DNA,0,1000,162,1,ERR4170397,-,143f8fecb7bd4714ac9bb5f9eb1a7f5a32fe36931e600c04bf27f800a689eea4,2022-05-21T03:26:22.000000,4700
sigs/ERR1746646.sig,cfe19526508c7f5d3046e8750266cd21,cfe19526,21,DNA,0,1000,162,1,ERR1746646,-,1467a8f3ee4cc565fdd4c17eb06e8718dcce6b88c256f5964deeecde4b9e3c76,2020-07-09T23:35:40.000000,6652
sigs/ERR1093212.sig,d6f5b711334b4b3007241bb7bcfb8e43,d6f5b711,21,DNA,0,1000,166,1,ERR1093212,-,a054a8942aa0eb9e7e77d5275581466ba7e50631170a797f4c5a34a85ad69b50,2020-07-09T11:28:36.000000,7362
sigs/ERR1831910.sig,fd612385e73f524f469d92598cab805a,fd612385,21,DNA,0,1000,167,1,ERR1831910,-,5289916dd575a50521b2b67f1ac910086f0b364f0d5b1cd0649adfe2c1b30467,2020-06-19T01:38:40.000000,9877
sigs/ERR1040402.sig,6b6256fd23dad3e20642650d8457532d,6b6256fd,21,DNA,0,1000,171,1,ERR1040402,-,15653ea8601d2fcdaeb323ea393a42cfebed70070fd2c0bd59d61862bd3ae9e8,2020-07-26T04:55:18.000000,5804
sigs/ERR789874.sig,d54815a93fe8dcf74d1ba3c466a1531e,d54815a9,21,DNA,0,1000,171,1,ERR789874,-,0092da9a908f000586f2b9094f6d55115661e92331e6c9bb08db282318ba6689,2022-03-08T18:06:20.000000,7044
sigs/ERR2281003.sig,04ca77fd7602259dd2c819f1b6994ee9,04ca77fd,21,DNA,0,1000,178,1,ERR2281003,-,6bdc49d9c39670ccf7a9c42d9e21956d49c7f2ad2c886794986286723e895bc8,2020-06-18T20:41:13.000000,7626
sigs/SRR031296.sig,8602f8c169753f95b92dfe8f30a35f14,8602f8c1,21,DNA,0,1000,185,1,SRR031296,-,dacd5898c61159cfd0615749231899ed1074f549d95d62b59962fadd8b1f6fa4,2018-10-05T22:36:50.000000,5521
sigs/ERR12480090.sig,8e09b738d12e62ba2abd84810a0c1661,8e09b738,21,DNA,0,1000,186,1,ERR12480090,,f81908538e2777aed719b086f2fd3f638973d9438b828bbfa72242d14a76a2dd,2024-09-13T17:58:50.000000,6996
sigs/ERR1866309.sig,2b5083ec51d3fead5aaddfa49831652d,2b5083ec,21,DNA,0,1000,189,1,ERR1866309,-,86b45abcd0463864fc724ca855f822af0fd3cbfcf04606e4e95e2eb42479b859,2020-06-18T20:54:19.000000,8102
sigs/ERR1159555.sig,7bc01e5d412d088041651d4acff52306,7bc01e5d,21,DNA,0,1000,192,1,ERR1159555,-,28c141898089d4879c0892ab3206e3e27d9559a3b713f12677445e6884cf24c4,2020-07-08T22:28:04.000000,9574
sigs/ERR2674852.sig,3e8c02bbe1bebeaf2141d5fabac36a2a,3e8c02bb,21,DNA,0,1000,193,1,ERR2674852,-,a6ba6594958131b50135141e96cb6bb1eae81b7197a9aab1a490138014659a00,2020-06-19T01:17:10.000000,8553
sigs/ERR12773681.sig,e0373952ea5d616682f326052762f950,e0373952,21,DNA,0,1000,195,1,ERR12773681,,2e7e2c461dac4f25b8d576ddc947fa73feb12a7b2329e38f6a8b9ebdcdb67f70,2025-02-14T06:54:09.000000,5589
sigs/ERR3946046.sig,6a8885cb85c556e7485703a58131d240,6a8885cb,21,DNA,0,1000,197,1,ERR3946046,-,be976c9b65a143a66854a5a8cd5e6c40a39acba27adffd9ee533e5d3a7644bfb,2020-06-19T09:32:52.000000,8513
sigs/ERR1339675.sig,56798b8b61d67624c8763cfad2f3661c,56798b8b,21,DNA,0,1000,203,1,ERR1339675,-,7759e6a1cf8af843c835a984fc28fb49babe6124fe38b8745f8242b312b8be30,2020-06-19T10:37:43.000000,8106
sigs/SRR547751.sig,d4a7ab8d1f831605c4c0ffba3b85790f,d4a7ab8d,21,DNA,0,1000,206,1,SRR547751,-,d94ec34b2d197fce8ccb6873e1b2c399d1347356be4a835b3ed7cb719a040bc9,2020-06-19T11:31:34.000000,7992
sigs/ERR2680019.sig,6e6c63e2ce5f8f04e9304791e630d18c,6e6c63e2,21,DNA,0,1000,208,1,ERR2680019,-,b9e335fe7cb20a9dffe259599964b1c66fd45ac09f5ba5be974b580fa9327de9,2022-05-21T03:29:45.000000,7427
sigs/ERR1533898.sig,38dc8a1844bd54710e58a87a4289cff6,38dc8a18,21,DNA,0,1000,208,1,ERR1533898,-,8ff22bf7e2672da9ccc1acde1426b0d39873913b6a793199bf84c01124a5232e,2020-07-08T16:29:59.000000,10567
sigs/ERR410834.sig,a410c0183f951834c7526c2ce27d6946,a410c018,21,DNA,0,1000,209,1,ERR410834,-,f3e0d3c11e4328ca5a7ab0ff670994f2fae0feb04b6e03922fde1c8af88d591b,2018-10-05T21:05:23.000000,3583
sigs/ERR1077186.sig,76c2f3a5b3dcc9c48a45573a773dcd22,76c2f3a5,21,DNA,0,1000,212,1,ERR1077186,-,a62984cdda8cd9577cf3109df08fa8d96b1e8a98f10c475c9374e66a196f9247,2020-06-18T09:04:56.000000,8096
sigs/ERR1531841.sig,1250e49b44d2434757052f77d0a49187,1250e49b,21,DNA,0,1000,214,1,ERR1531841,-,260d05d75f0d5a739eac2584e0b260187b700bcb15decacbe5fcab3a5746226c,2020-07-10T13:20:54.000000,8163
sigs/SRR015596.sig,bfa6c22cfd3e83c11d6c120cd2793d34,bfa6c22c,21,DNA,0,1000,220,1,SRR015596,-,5c910376f57e8f585e53e37103611f0abdbe3950ee6aae7401eecee2f2fa3efa,2018-10-05T22:33:56.000000,6268
sigs/SRR17690988.sig,4eb3b0cfc5e0d46191fa92ca79e1f34e,4eb3b0cf,21,DNA,0,1000,221,1,SRR17690988,-,ca0daef2aa1ac37faaf31f2a08049a00be14f2f4492a299da559a30c2a43a62a,2022-08-26T11:52:27.000000,11731
sigs/ERR2032298.sig,60b0363c30dfe21124e625e01257b182,60b0363c,21,DNA,0,1000,221,1,ERR2032298,-,b5bc2ead663842ac8ecd00a9faa4ba16a017e93f16fe419ad33b081a15003b7a,2020-06-19T11:25:54.000000,9763
sigs/SRR401849.sig,c6d27fd7b4781837bfb7fa69a9b9f904,c6d27fd7,21,DNA,0,1000,221,1,SRR401849,-,6316e982e4d0eaaeac27c766b1848a509e68738de28dab7aeb86cc76262775f1,2018-10-08T12:15:44.000000,6380
sigs/ERR1866865.sig,2f7b36149a450f77ce2269d9827812b7,2f7b3614,21,DNA,0,1000,222,1,ERR1866865,-,4c88ad504588cf4437836539831448a9b4ca8cf7f93a6d0fd6c266ab4f1de01c,2020-06-19T04:48:42.000000,9539
sigs/ERR2890229.sig,ae428eb223c00974399861cadc1e13dd,ae428eb2,21,DNA,0,1000,227,1,ERR2890229,-,c910ff8926524aed89f1b4a0f259dc2d074d269a2d2c666f6abdd9fe5d9b57ae,2020-06-28T15:00:31.000000,6386
sigs/ERR1896915.sig,b5f84307f59d029f5905142cce950e6f,b5f84307,21,DNA,0,1000,229,1,ERR1896915,-,9010acb09a22643d6c2e94dcf17cf4f781748a0a3e9914ca698adaa1ea9cbc26,2020-07-09T08:54:14.000000,9960
sigs/ERR1544158.sig,afd3f7a585c80df4f957436ff8027778,afd3f7a5,21,DNA,0,1000,231,1,ERR1544158,-,0e23565f601179d889fa42fc288bbcc29ae572e4f4473c7761c42a4e2e601861,2020-07-08T16:23:25.000000,10993
sigs/ERR11983657.sig,5e90e3e5ca816a45b62b58408ae24d83,5e90e3e5,21,DNA,0,1000,232,1,ERR11983657,-,5d2a22d80e4333e0e11666a870d2280e9b7404572b1bc7e46ad001d5fb1c0858,2023-11-11T13:24:14.000000,7853
sigs/SRR5419541.sig,1158a0a118f21d4470ec8927666712c8,1158a0a1,21,DNA,0,1000,235,1,SRR5419541,-,1baeb489626c2997b2314a293e90fb53031a2a8d96808f320de65d39d47633e1,2020-06-18T19:18:45.000000,6308
sigs/SRR12479117.sig,599f4071ec9884462744d6cf920ceaec,599f4071,21,DNA,0,1000,236,1,SRR12479117,-,8acffb2884cf9ab9c29dfae395d4b08c1fb210d2f2f9e3d13e59b0e3f3195aa7,2020-11-02T17:26:05.000000,9231
sigs/SRR33901836.sig,de407c41b30d2eb7157e312de1cc7e6a,de407c41,21,DNA,0,1000,239,1,SRR33901836,,9deb8d5a25edf6f6f5d3b62b4e3b29096ba2fa28328d5af422b7951ff9a4390b,2025-07-14T08:01:56.000000,14520
sigs/SRR385966.sig,f81b0dea5616c08e1e30aa6083b873f1,f81b0dea,21,DNA,0,1000,240,1,SRR385966,-,79bdede0322cde9e143fa02c89a7e1e4145a37b17e122d8a59d9d621afd3f661,2018-10-15T21:55:36.000000,7135
sigs/ERR1085366.sig,3f74c9bc855da6d00b7a18cf4adfffbe,3f74c9bc,21,DNA,0,1000,240,1,ERR1085366,-,7ef2b92ba0e233703d845c23e2062df8cd2e1cff020128f6caebe71b48e64a8e,2020-07-08T08:03:39.000000,9581
sigs/SRR28489312.sig,1bb68648b8e391f6c652e16ec549d532,1bb68648,21,DNA,0,1000,243,1,SRR28489312,,271bdd0320ad33afbe9187833c537604aa1bf01f41ad11d9051a0dc700975077,2025-04-02T19:33:15.000000,12568
sigs/ERR1550267.sig,ff9b08d9f6f916da59c7e5b7664e9a83,ff9b08d9,21,DNA,0,1000,245,1,ERR1550267,-,153964fd0be56ef6aecca7d81e9b957356848d12ec2444c1c6b6859978358568,2020-07-09T13:01:06.000000,9039
sigs/ERR3339987.sig,c8b8d747050e46978bd597e0d4592d23,c8b8d747,21,DNA,0,1000,247,1,ERR3339987,-,1d683995cea56b4a2f193198c9117e19b7a0053eae61fbe9c6febe4f82c5a83b,2020-06-19T04:57:28.000000,10112
sigs/ERR3176890.sig,f3b36625e492f23165b5826b99fde13c,f3b36625,21,DNA,0,1000,249,1,ERR3176890,-,5d6b792bcbb00aa3a87d6c8c89f54178bae5c53faca01e23f1caf4d62cb8c6da,2020-06-21T22:32:21.000000,8744
sigs/ERR9919006.sig,12f15c422c2ea60c39df09b287ca41ec,12f15c42,21,DNA,0,1000,249,1,ERR9919006,-,e57acd00d0a98f76e5ef9a3bb94a1a1289d4d4168853779081c716b86a040811,2022-08-26T04:05:05.000000,10833
sigs/ERR3295248.sig,d387caa91c994ec0cb7cfb1990f87342,d387caa9,21,DNA,0,1000,249,1,ERR3295248,-,50b8beb176598058cbbe47d40320e78d7b0053a78d8d9d08f5b697fd20785ed3,2020-06-19T05:32:49.000000,10431
sigs/ERR1462022.sig,bf6426a9e793f84f08f49426528303d8,bf6426a9,21,DNA,0,1000,252,1,ERR1462022,-,d490505eaa116059c3760011806c5041b48f7df4aa000e53639d130524749a2f,2020-06-19T10:29:05.000000,11330
sigs/ERR1428855.sig,4fcfc4fd1f8506c0e795772e4bd3d8c1,4fcfc4fd,21,DNA,0,1000,254,1,ERR1428855,-,468ab29c5c9e624e6af61e04d87a076727cd3348e7bc3aecdf1996b8d91f7432,2020-07-09T08:47:54.000000,8931
sigs/ERR1883250.sig,ca4cc349f3f9a011b808b837bc0dbd8e,ca4cc349,21,DNA,0,1000,255,1,ERR1883250,-,f53a0b4b0b65a5fb547b603b0bc8e8a708223fc6ff513ce1d9cee5cae69f0856,2020-06-19T08:50:09.000000,10336
sigs/SRR11565935.sig,9e5231e474eea09d14ef7d9ee2408c07,9e5231e4,21,DNA,0,1000,270,1,SRR11565935,-,05118f8827c96410e0f12e168327758c84932218433734efceb4fbbf01ceff66,2020-06-18T20:28:09.000000,13302
sigs/ERR1087249.sig,5179452b01ef30e0ea89a90e1c8353f8,5179452b,21,DNA,0,1000,272,1,ERR1087249,-,04251ce51de5f8ae9f2d13b08986d28e8ef55f42517faf73f54a5c953f6882a4,2020-07-09T10:11:29.000000,11921
sigs/ERR2778127.sig,5ec9fff42d670832c9dc9ea6ac257791,5ec9fff4,21,DNA,0,1000,286,1,ERR2778127,-,c24382053546f161521c517763bf9f17a90cffd305070e4f83e39925ea2bbd47,2020-06-19T02:25:32.000000,13493
sigs/ERR11998972.sig,79497e73bfef075f9bd3e2115857ee37,79497e73,21,DNA,0,1000,292,1,ERR11998972,-,1180addb708f75ecbc95e8c8db20af94a0398dfb1fc5c7ba1df023f3023bedfe,2023-10-31T20:05:15.000000,9405
sigs/SRR4297892.sig,bf10acf5ed00c5c28e6343f6d62b301b,bf10acf5,21,DNA,0,1000,295,1,SRR4297892,-,f49e3d05aecf1c9874d46cde52db25e449ba406d832f75564b942c12b3fbd8bf,2020-06-18T07:08:30.000000,14491
sigs/SRR12969975.sig,b55068efc2bfd9e75f02d7b709974d6c,b55068ef,21,DNA,0,1000,295,1,SRR12969975,-,e36254414c60c4c15626b4fdf3ecbfddff614a56a1ea2e59a48420180a3f8dc9,2020-12-12T20:40:52.000000,13974
sigs/ERR253976.sig,05ebe5c936e187a5fb41e36d0dadd640,05ebe5c9,21,DNA,0,1000,299,1,ERR253976,-,7a43f9861f9cd9bce36fd1f8d425b34cfd5d982a4c7e560a52c176bc07740564,2020-06-22T04:59:30.000000,5579
sigs/ERR1552666.sig,c26bc74e8c72f48a497ca510fceb722b,c26bc74e,21,DNA,0,1000,299,1,ERR1552666,-,9fdb013067e9032fd1eb532177b99e65c3f59f82d88d04a8d4e54b2a912bbf3b,2020-07-10T13:01:36.000000,12921
sigs/ERR12776766.sig,881af77b4bb2b5e107596cea8b895428,881af77b,21,DNA,0,1000,302,1,ERR12776766,,b8064930a5172bc9fc3880850a198deaeaeef57082281ea9fcd57dffd89b75eb,2025-03-02T20:43:11.000000,11300
sigs/SRR32020127.sig,cea91f7199a0f963ab874199145596cd,cea91f71,21,DNA,0,1000,307,1,SRR32020127,,35db05598eef8344ea4f8f2efcd9f68cc054f51ee6a14957491d711169e8f224,2025-04-17T20:02:52.000000,10333
sigs/ERR252519.sig,b3a4ad1ba7299f891898c920cda08f86,b3a4ad1b,21,DNA,0,1000,308,1,ERR252519,-,4e6b08a4b8ec80924cbf7504cf5e29c6b92791bbf4f6e08efc59d2538f426c3d,2020-06-26T04:01:30.000000,5681
sigs/ERR252971.sig,48b1dd64569f227d2ca047e22ec5e5a6,48b1dd64,21,DNA,0,1000,311,1,ERR252971,-,349435294af8055e00c957b678d31a203a111a25cbd83582d1e313b52fe601f1,2020-06-30T17:29:46.000000,5564
sigs/ERR1841362.sig,1311794f12cb686cceb2c14cc7638bbd,1311794f,21,DNA,0,1000,311,1,ERR1841362,-,2976d47ca28882ecda033a99b9b4cb489f5af24e4bf8e9c18f7d89b52dc44acd,2020-06-18T10:15:36.000000,15281
sigs/ERR1753919.sig,378292a60327d8ceb8a3c870606a5ba4,378292a6,21,DNA,0,1000,312,1,ERR1753919,-,e6e63b9417b4ada18c3024ee655fc9678280bbe04dc8628b846b58c2cc932cb2,2020-06-19T04:06:02.000000,14126
sigs/SRR18670379.sig,fe9decfbac4b23a4f67fb339d9328069,fe9decfb,21,DNA,0,1000,313,1,SRR18670379,-,c10edf317b45044c7e347d71aa10ff8a94d6710ef7c7c8e3ad9b478888ff4874,2022-04-10T07:07:30.000000,16123
sigs/ERR1522329.sig,f174ba0f8f51a48700c865c5f050e9ce,f174ba0f,21,DNA,0,1000,316,1,ERR1522329,-,e382147c6ed1712da5abdbd6b45a9ba8358f4c24fe1ee93f0047933f5c21fbc0,2020-07-08T21:40:19.000000,15226
sigs/ERR1830738.sig,eae4b9eca38420805ff3ef4ceff6f1ff,eae4b9ec,21,DNA,0,1000,317,1,ERR1830738,-,5d00a4f6876acf453c1823b066bff970f649b633947ba0f0ee0dc0aaa74ce9ac,2022-05-19T02:15:40.000000,10353
sigs/ERR13178276.sig,2c776a9c12906d89b5e65195c79ffc41,2c776a9c,21,DNA,0,1000,323,1,ERR13178276,,b57110e42bea161b1c1ed85cd826fc17a285d862c78ebe61a30668bd792c3b51,2025-02-13T23:24:00.000000,11133
sigs/ERR13497326.sig,646697c63259ff0ba0e34b02f94836a7,646697c6,21,DNA,0,1000,326,1,ERR13497326,,0c62d5ade7c8f29727ef47484272f05a70cfc7b48bb0aa6ddc0efa08785cc8cc,2025-03-02T09:31:55.000000,13076
sigs/ERR13232342.sig,7d40b3d5364a92877281f9ea1aad39fd,7d40b3d5,21,DNA,0,1000,333,1,ERR13232342,,8edcad21091fbe2c0a7d0d5f24e25026959244cef29ddb597c32d90d2c724f78,2025-02-15T17:05:56.000000,11909
sigs/SRR30160841.sig,3437dc6e1ee44eeb901b6224854ff440,3437dc6e,21,DNA,0,1000,334,1,SRR30160841,,8a74ee09ba1a7047e217ce00778199a0064f6f14d2600053278479241670abee,2024-08-08T21:35:48.000000,15553
sigs/SRR25468055.sig,219454261a15db4d18150c648ea23750,21945426,21,DNA,0,1000,335,1,SRR25468055,-,b69787679d838ecc35837806e5abfaabff05045e2262ec01b82cce02e5ac9da9,2023-08-25T16:46:54.000000,18662
sigs/ERR1596199.sig,73c96b3180e32cb1927eca69727d7722,73c96b31,21,DNA,0,1000,336,1,ERR1596199,-,677a1de35926f2a58a4abba2d675317afc5eff7762f4b0a93533df3bbcc7cac2,2020-06-19T08:48:51.000000,13337
sigs/SRR27213656.sig,5140c41724278dd14f6c2375ea4f3fdf,5140c417,21,DNA,0,1000,336,1,SRR27213656,-,22898c93445cfc47665e5b2e5026301eae245e0d399d172cd7c5886c1a308532,2023-12-17T17:46:19.000000,6301
sigs/ERR3144051.sig,f5968c518b866ea222f8379a27f36f6e,f5968c51,21,DNA,0,1000,342,1,ERR3144051,-,b873e15264481b7bd6e2c3c70ec5b8fdc61a1edeb66ffd5ef75f5296d84d0672,2020-06-18T23:42:19.000000,14622
sigs/ERR11986457.sig,542fef911af108c4e832e30b3540cae9,542fef91,21,DNA,0,1000,346,1,ERR11986457,-,c1cf5df14d157e7f5cce84aec73e87eee03ed9101b28422867c10d6f034a9cff,2023-11-11T13:24:58.000000,9867
sigs/ERR11575878.sig,8c6d529a1c763364c84726f5b6b0995f,8c6d529a,21,DNA,0,1000,350,1,ERR11575878,-,5c9ca1da5bd75cd4ee173d13957aff9b1c186a84f7c44c5a88f1263fddc25097,2023-11-11T19:32:26.000000,14687
sigs/SRR34798435.sig,b6ed82088057a552bf2a49f4fdbeeace,b6ed8208,21,DNA,0,1000,350,1,SRR34798435,,4190f13388c3b83b09275edd796845d3196604494a2cab69b759b7be56e32fd7,2025-08-01T18:03:36.000000,12808
sigs/SRR30256882.sig,ec224e67035b0cbce34da3539e9999d8,ec224e67,21,DNA,0,1000,354,1,SRR30256882,,18150bf0403cd37d28776b542e2232036a1911712a6e078a8dba253af6094b54,2024-09-18T20:47:38.000000,14435
sigs/SRR12781083.sig,664e294fab9083e004eb66dbe7e2a692,664e294f,21,DNA,0,1000,355,1,SRR12781083,-,715318ea7a724b88203041255c5bd137eee05b601ca18acef09185f2d507e303,2020-10-07T18:13:39.000000,17733
sigs/SRR9616524.sig,5220ca99e55b56d492d6b72b98d42aef,5220ca99,21,DNA,0,1000,362,1,SRR9616524,-,f1c91b2335d19c29e3300f7803ece0491fd267a6dc4273edf130ca7828d41be9,2020-07-08T17:51:49.000000,16376
sigs/SRR27266887.sig,0602f1e209b7f2599fca4880b625d8db,0602f1e2,21,DNA,0,1000,364,1,SRR27266887,,d82b3b9bcc82ec96e585412ca01233f1451a83f9f0a8fcdeefdd3a80f7a8e785,2024-01-13T12:49:42.000000,8944
sigs/ERR11951041.sig,ef73d1a6cd834a5ead4d04a1b380ca12,ef73d1a6,21,DNA,0,1000,364,1,ERR11951041,-,071e9c3af863026281ad2240a02598510d9def4bc0efb8904a53aa1603db31c1,2023-11-11T13:03:29.000000,10972
sigs/ERR1377652.sig,bc978b73faf46b468e9711904b244836,bc978b73,21,DNA,0,1000,370,1,ERR1377652,-,af5696878dd3d53a684e789c97d9097601b3836edc9b455d6d704bc35057dc6c,2020-07-09T20:02:30.000000,17159
sigs/ERR11969534.sig,6ec519985dc0a8121f9710127e777bb1,6ec51998,21,DNA,0,1000,372,1,ERR11969534,-,cb0baf7549c3b927e576268a67b3a9275e0032ee5e9ab58aaffd0a9064f87e3e,2023-11-11T14:09:15.000000,11430
sigs/ERR2674270.sig,e66a8e9a065e3d3434d66ae78698b9b7,e66a8e9a,21,DNA,0,1000,383,1,ERR2674270,-,3030168285a29035140fb788a2e4692ddda040cc76908d5e8a2173a6314013d5,2020-06-18T11:41:29.000000,14797
sigs/SRR18134521.sig,70f4de744c582c4d3f0c703b964b9fe5,70f4de74,21,DNA,0,1000,389,1,SRR18134521,-,8601ec7db5b7d1d4644f277659ac6829aec1e67562c3a1f2a26fd8e54a73f490,2022-06-01T17:02:04.000000,13290
sigs/ERR3934278.sig,bdbaa4756e291a2d240141638dfca951,bdbaa475,21,DNA,0,1000,394,1,ERR3934278,-,dbbfd5d069f2a94acea9e59fedcd75a8a78629cae5cded35c141a56f23219767,2020-06-19T00:25:02.000000,16002
sigs/ERR3500392.sig,ec44f9bff551a6a352a52d8a7a21f67e,ec44f9bf,21,DNA,0,1000,402,1,ERR3500392,-,b9b870722af6beb15df6fab013e0856d78bb59738548be82f0d7931a2aaf40a9,2020-06-19T04:12:53.000000,19803
sigs/ERR1076088.sig,05227a3d671a524df00776c9c34f8792,05227a3d,21,DNA,0,1000,404,1,ERR1076088,-,8d1d5077f470dd0bb95de23657193ab3114068626d8a4ca246bfe450e829c09c,2020-07-09T10:16:13.000000,14450
sigs/ERR1771821.sig,95e9404abbed211067cf1aef09f85ab1,95e9404a,21,DNA,0,1000,410,1,ERR1771821,-,48a3edafefc91c95ee98217a1236197413baa069680426bb662dcfe867bd8aa7,2020-06-18T22:33:50.000000,19005
sigs/SRR26724777.sig,16fcf14ae20b1ec071dd5758831b5323,16fcf14a,21,DNA,0,1000,411,1,SRR26724777,-,c20163fbab490d73478c8100d9b751ad374baa49901c5aa323c1fdcfd73df77c,2023-11-12T01:32:56.000000,15267
sigs/SRR18447495.sig,5e99f3ecdd2d849052447c17e0ed7ec0,5e99f3ec,21,DNA,0,1000,412,1,SRR18447495,-,a19ef12bda8b4a2bb4cbf99d00123a883f096c68d238103e018d8c448abd4437,2023-11-13T17:03:31.000000,11604
sigs/ERR1461555.sig,12ca50f0ac1a379c8bbc775a34d6ea05,12ca50f0,21,DNA,0,1000,413,1,ERR1461555,-,7e70fb40e32fb3784c3c726b1d97f4ae673130e4eeedf85131297918d745ba32,2020-06-19T12:04:34.000000,17759
sigs/ERR1793299.sig,4dd0bfbe6f9e3130b664be37c4196068,4dd0bfbe,21,DNA,0,1000,416,1,ERR1793299,-,bbbe03f68102378e669744474ea8ee479e0c36244932a48c8cb0c7951ee1cf08,2020-06-19T10:38:14.000000,17436
sigs/SRR27271850.sig,a6fe1704eba9bb050f972f9e62b26b5b,a6fe1704,21,DNA,0,1000,418,1,SRR27271850,,89d3aa742cc01102ae45d4a4714a4bac03f26b7b949004eed2822f828d5735f5,2024-01-13T13:00:53.000000,10685
sigs/ERR2051012.sig,927ce3b9354b8abfad55270c1f9cce26,927ce3b9,21,DNA,0,1000,420,1,ERR2051012,-,fdaced5391a9bd6a418b34a173aeccc9477db91b04af958fec07d88cc072979f,2020-06-19T03:08:41.000000,19956
sigs/ERR1544655.sig,f76f085caf34296aa912f889888a9a2b,f76f085c,21,DNA,0,1000,429,1,ERR1544655,-,157606b8918f0a47ae3afac473ce62c12a36fcc70ee6ccfe34ed05e3b02f1d5e,2020-07-09T10:19:44.000000,20932
sigs/DRR423856.sig,ddec9b68ccce2a9f477c49d2a1cdde83,ddec9b68,21,DNA,0,1000,434,1,DRR423856,-,9fbf7f2ff0b315236ade9de9908ff1d1c383859b5b6a16247db606adf50b9ee2,2023-09-20T15:23:39.000000,16284
sigs/SRR15123664.sig,d740874c7d75752bbdd233653d5f300e,d740874c,21,DNA,0,1000,441,1,SRR15123664,-,13b819bc9949605f329344ae2c41d790b1a327a8ad50b16023ddca161b0c7b6a,2021-07-14T18:06:46.000000,17942
sigs/ERR1667066.sig,f2772ab758ff60fafa2e6b4f1150c5b9,f2772ab7,21,DNA,0,1000,443,1,ERR1667066,-,67e302b8e4a0ab8e0509476d3aea5993b6cd6c49c64a3cf0c04685cd3c2cc8d7,2020-07-09T09:50:06.000000,16178
sigs/ERR2642149.sig,a52372ef1838db97fb02f51067ef6e84,a52372ef,21,DNA,0,1000,443,1,ERR2642149,-,630ce932904281bb5a415ea7f869b7c6d2926ed749dbcd52290a5a2720ac7bd9,2020-07-09T12:45:52.000000,15448
sigs/ERR2432342.sig,606258ed13636497deaa8170804e65ff,606258ed,21,DNA,0,1000,447,1,ERR2432342,-,878a569e3184c0b4bed79fbff1bd6103fb03cb83602a7fb364a6962fd3895789,2020-06-19T04:00:43.000000,22642
sigs/ERR1369429.sig,29e99fc3dc1bda7d7f9a8d80a8f85529,29e99fc3,21,DNA,0,1000,452,1,ERR1369429,-,38beab0bb46bcf525b77a687507d3c19f08db3565a9616294fcc9431a9c4912b,2020-07-10T13:05:43.000000,23236
sigs/ERR2116586.sig,0430f91c71838aa36f897b01432e8ce1,0430f91c,21,DNA,0,1000,471,1,ERR2116586,-,0310dd6e4ebc954fe120c3fba0b32bce7c2bea7e7689f2b4555fff45de9e4561,2020-06-23T20:54:05.000000,7206
sigs/SRR7755769.sig,41a419654e4cb8c8cc16b6179a547323,41a41965,21,DNA,0,1000,472,1,SRR7755769,-,44a192e089e6b421d0cf95f9f72163575db61ae6217d0319c79ec7455e222ea6,2020-07-09T12:36:39.000000,24095
sigs/SRR31251312.sig,e97f6efcab41905f8fddd8a90b751fa1,e97f6efc,21,DNA,0,1000,473,1,SRR31251312,,f48f67388b099e839d31093d317584f659a40f7a0c56347edca16efd24618cd1,2024-11-07T22:37:28.000000,19965
sigs/ERR4897891.sig,5a48d6f0912cac5251e57b1cb7b79b65,5a48d6f0,21,DNA,0,1000,473,1,ERR4897891,-,ec335c76ad34cbda01f42c67ed0d6d2970689e88b27abc02e8d2b4972cc6ed96,2021-01-06T10:03:01.000000,15441
sigs/ERR12648252.sig,03036f055f08d01f798411f175476b20,03036f05,21,DNA,0,1000,479,1,ERR12648252,,bfde6bccf2d249d11f0a71e86ecd3e9672b829abd1b1a2eaec0a3a69da79eb8d,2025-02-08T12:32:53.000000,18107
sigs/SRR7027562.sig,5a0a2b6d4c4a98b8f29ebb37ea2bdd6d,5a0a2b6d,21,DNA,0,1000,483,1,SRR7027562,-,d3b0bfe80742910a6bc0d8a0bfad54142a0537ab85de1ec5720c269806a6f100,2020-07-09T12:43:44.000000,25121
sigs/SRR24962808.sig,f4fe457cc2730f610e8e888c4d9c7c76,f4fe457c,21,DNA,0,1000,491,1,SRR24962808,-,113a81472ca497c3ed24c3047ef5d4ca5b46271b214e787436caed70da845409,2023-08-19T22:03:29.000000,21466
sigs/ERR1547045.sig,605150eb8fc732ea97e67aff51470db9,605150eb,21,DNA,0,1000,501,1,ERR1547045,-,28b4e560ec121549c6f5b8658e2f140313d049593408aedbcfdc5ff4d93d31d7,2020-07-09T01:11:52.000000,25737
sigs/ERR3875763.sig,a9758616d95599113e3fd7897838153b,a9758616,21,DNA,0,1000,505,1,ERR3875763,-,ade24b3e7d0d006ef77625856fa804e8c4778c6213981ff6010ebefd769c5a7e,2020-06-20T16:36:31.000000,14497
sigs/DRR679336.sig,761e2437280412e72bac55e958a7d8c4,761e2437,21,DNA,0,1000,508,1,DRR679336,,0cfbb3d0c7e5b714027d5d7b079737f9d64be29852396c7deade88c3db1cd4a3,2025-05-18T18:53:55.000000,21538
sigs/SRR386042.sig,406d3adf58cb5a44e962b34975762239,406d3adf,21,DNA,0,1000,508,1,SRR386042,-,810706e8b71f9a7ba18ffdda7d74a51b50896f29f3cef96314878adb6139d62b,2018-10-08T22:52:28.000000,14670
sigs/SRR27274579.sig,84494ea63c002f2140c1a7d9775d33ce,84494ea6,21,DNA,0,1000,514,1,SRR27274579,,67f180bfd328f79a6187e98caceb05607d715b66a0efbfa30ed5f697fe83ac24,2024-01-13T12:56:17.000000,13013
sigs/SRR27275376.sig,b7487d53ce0548dbe91053a230a0e66b,b7487d53,21,DNA,0,1000,518,1,SRR27275376,,166b3eafd499a247abd25ab14518facdd33b1c26fc347713ee6a57f33002f0c8,2024-01-13T13:25:58.000000,14808
sigs/ERR3874138.sig,439b51c8da4645ce46117faa15468f6e,439b51c8,21,DNA,0,1000,525,1,ERR3874138,-,617973d6d3296dccd3257c18ba6fe9d26bc54b4fc8ab63da3d2c45f1a4429790,2020-06-21T21:44:59.000000,14624
sigs/SRR15221897.sig,334f99ab8fdeadffd474d6fc2efdeef9,334f99ab,21,DNA,0,1000,542,1,SRR15221897,-,eef6c24be7599af7f784478425c5dce8c38e20d333c611a34921f8fa5db88cfd,2021-07-24T17:07:02.000000,21991
sigs/ERR2013136.sig,47ab67e6d2797961a581176d9682e02c,47ab67e6,21,DNA,0,1000,561,1,ERR2013136,-,5f72634a0b5cdf96651cad7da90935c9af643d7a6ff58a62e1683ae889f42fbe,2020-06-19T08:36:02.000000,25683
sigs/SRR492850.sig,a35ad5d2f5f3ef6bdca5caf4603d03f9,a35ad5d2,21,DNA,0,1000,562,1,SRR492850,-,01995e0ae91fa94266131ce4967970b519aa29d23f7e61f318ee16b65ddb7aec,2018-10-08T23:52:24.000000,14599
sigs/SRR27270311.sig,24e98894214848cfecd00d7c2fe1e767,24e98894,21,DNA,0,1000,564,1,SRR27270311,,117d65213d65436943e34d41aacb146a035be3ea477a9a2f440ecd914f10d866,2024-01-13T12:53:50.000000,15346
sigs/SRR25318779.sig,abe641e78e259feae9fa47978aecb0b7,abe641e7,21,DNA,0,1000,569,1,SRR25318779,-,fb9359c7d0af73f6cb0cb470d1cbd01f5cd9a8a0adff8176cadd972235f247bc,2023-08-24T02:00:09.000000,20456
sigs/ERR2116501.sig,680524797ea84695113f930069446747,68052479,21,DNA,0,1000,571,1,ERR2116501,-,2fe339ec568fec90cd3e037c6bde283ed746a311614f4bb90e89b1f4583520aa,2020-06-24T16:23:14.000000,8480
sigs/ERR12548029.sig,36ff00b1c0a335d63feb04fc1f513d5e,36ff00b1,21,DNA,0,1000,572,1,ERR12548029,,db5e0504078f38987c26b1f96dda25bdb1ae48fadc7746627c047615dd1c29ca,2025-02-15T09:17:36.000000,20821
sigs/SRR27953153.sig,44e8cf6cd0292d0fea36d3dd96907dac,44e8cf6c,21,DNA,0,1000,574,1,SRR27953153,,b87f5e0abd9ae383d49c453274329b3750f616613ba2d3ae0dbf5e6e3fc291dc,2024-02-14T20:19:38.000000,24225
sigs/SRR27269538.sig,80c7e3ac3e32e2b7f79e963d94e48f33,80c7e3ac,21,DNA,0,1000,576,1,SRR27269538,,4ce2295d23787614f6a6473df56b9d76f2abf0c480b4238aca9e9298a6f8137c,2024-01-13T12:47:50.000000,14966
sigs/ERR2914736.sig,3ff05cc2f4a8564d7e91176910364953,3ff05cc2,21,DNA,0,1000,576,1,ERR2914736,-,350f89dcece2fb92094706f7e1c9f23f7f8eba2672590b5bb2ec70d174edc46a,2020-06-20T01:17:55.000000,17087
sigs/ERR2915625.sig,b4a42f119e94077d19e4931089fefecb,b4a42f11,21,DNA,0,1000,579,1,ERR2915625,-,c5ae89b69f426fdae4bad54b589c54e30843c67fb0ce5b0bdb6f927f7e26732a,2020-06-21T05:23:26.000000,20115
sigs/ERR1581700.sig,3ee5b7aea1f59d15e4f4aac6dbd1ecab,3ee5b7ae,21,DNA,0,1000,587,1,ERR1581700,-,35076b0408b9c29bee11bdb10186fd73d5ee97a927d091df4ab6e029d2be9517,2020-06-19T07:42:21.000000,28268
sigs/SRR2006094.sig,158a5b321cf2703b4c5ae1c5181e4d4f,158a5b32,21,DNA,0,1000,590,1,SRR2006094,-,b0304e7eb1ec1814bc82926c6f34ac3c86920bae3b12f2be127c2f2c8b0104d9,2020-07-10T11:13:17.000000,25170
sigs/SRR19509052.sig,8cb1e0ae954f0e91ab1570f9f4cbc36b,8cb1e0ae,21,DNA,0,1000,608,1,SRR19509052,-,b3f6514aa820bd007fba95ffa7348aeb4163a67d19848e22ea40497f814e8a49,2023-09-02T19:09:35.000000,25775
sigs/ERR2918814.sig,e433e53883c7cc2f8bd504879cd3e45c,e433e538,21,DNA,0,1000,610,1,ERR2918814,-,3acbede3f9cd87fdbdbe0e5934c553ab73057a7868b2343a36b967fe08f0ea53,2020-06-21T06:04:45.000000,20953
sigs/ERR11563326.sig,13b1e6eea418760e7fcc472d69100dc9,13b1e6ee,21,DNA,0,1000,612,1,ERR11563326,-,b21977f2e73c6a191b81b3c253b5de6a8bb09842205edd7a8754b23cab7baa24,2023-11-09T17:55:34.000000,16540
sigs/ERR11944221.sig,e8a27c175542613bcd56916c8aedc343,e8a27c17,21,DNA,0,1000,628,1,ERR11944221,-,ab3c2f4a53fa34155cc59f5602abdb9111b9612c196f0b6ded05fa51045896cd,2023-11-11T13:16:25.000000,17948
sigs/SRR22528715.sig,e8c9d78905782199bba0c7256bdc18d9,e8c9d789,21,DNA,0,1000,629,1,SRR22528715,,727cab81163a69c0f26f18a499d6d453649f4e16bd128839b77507feb1542378,2024-01-07T01:37:13.000000,32269
sigs/SRR13343366.sig,553e71efa72aafe7b96ca5a1163be3ca,553e71ef,21,DNA,0,1000,631,1,SRR13343366,-,e0b00aaddda2b32bc543fea5d211c9b76bed7416a241d723180dd3c732805271,2022-03-07T17:22:11.000000,22593
sigs/SRR9393301.sig,edfaec1ef0dc41f596710183ed41e3cf,edfaec1e,21,DNA,0,1000,633,1,SRR9393301,-,96b2f6c575d77d2eec2a38e169310bec1d97db9c5d9aa55bc6f69a953f4863c4,2020-06-18T20:55:02.000000,17404
sigs/ERR1692219.sig,47f40beecb33d7a451959944eda3eb6d,47f40bee,21,DNA,0,1000,635,1,ERR1692219,-,f72b2fc6ec95b6910e7c1e48069b43a2a266b34285b88bc84d43dcefb5ae3515,2020-06-18T05:59:59.000000,26753
sigs/SRR19580890.sig,47a324c5d6d8058e770cfe133788025e,47a324c5,21,DNA,0,1000,636,1,SRR19580890,-,a1c27d2919351287f673a22afd8ff2eab40d943545f2f6a3feff74ba6b3e85dc,2023-08-22T10:15:17.000000,23761
sigs/SRR22123232.sig,5746893a341f506c491977085c5e85e1,5746893a,21,DNA,0,1000,636,1,SRR22123232,-,29ad5b558bc59e5e76815e34f4f1179d865b01ed3e7acbe7539c5676a08cb475,2023-01-28T06:00:13.000000,32033
sigs/SRR11212191.sig,956c2d38b1fdae3e9663221797cfda5c,956c2d38,21,DNA,0,1000,643,1,SRR11212191,-,4bc4dd906218ee454e5f265b257e56ef77fff950671058ad7d5aacacec7177ee,2022-05-19T02:14:53.000000,16059
sigs/ERR11998094.sig,98ecb55fda200285d20e26a0cbab3c8a,98ecb55f,21,DNA,0,1000,645,1,ERR11998094,-,6e0a54c88edc3641063314195188a2e006485e73546f0fcab348804988d927f9,2023-10-31T20:05:16.000000,23302
sigs/SRR28544862.sig,3b9d17911751df4e57fbc9e70f14dfe1,3b9d1791,21,DNA,0,1000,654,1,SRR28544862,,20836a7d34fa6dc7ab7110666e9e1287e6f4685fbd3b0b172b5de13b8d515870,2025-04-02T21:19:42.000000,28313
sigs/ERR3226593.sig,32ccac7b80cdf33db14f99cc0c814f53,32ccac7b,21,DNA,0,1000,655,1,ERR3226593,-,1cacef98f8c737ce5b4bb35f62ceb55353afd0eb35fa758984dffb06e534e0b0,2020-06-22T07:31:07.000000,22343
sigs/SRR24791411.sig,2751cc0ca3ff06c37b507b1b9ddd7de8,2751cc0c,21,DNA,0,1000,658,1,SRR24791411,,c64764b8d3a9b5f85ccfdc7395fc354941cf4d0e453a01b14f0318f2b14458c3,2024-07-01T19:15:24.000000,27031
sigs/SRR2145345.sig,317b6aa865aa93f70005cc2d03f768d5,317b6aa8,21,DNA,0,1000,660,1,SRR2145345,-,ffaf7515c45cc60904becf9d0e3f438504725431b88cab1ec57dec21aaf7e1eb,2022-05-19T02:45:49.000000,15969
sigs/ERR3874070.sig,2f0b5c922d2363914303b3cae0c30c1c,2f0b5c92,21,DNA,0,1000,662,1,ERR3874070,-,ad3321af027e90a72f15601a82238150d1bda29c621fbe33b47d4401be43db5d,2020-06-22T10:39:37.000000,23785
sigs/ERR11576109.sig,dd697c0f188076bc9cd3de8e9373661e,dd697c0f,21,DNA,0,1000,677,1,ERR11576109,-,d1de51d155077cc31d05cd076889a1f34a9ff0599ae033742d42950555818ab3,2023-11-11T19:01:17.000000,29484
sigs/ERR3177471.sig,6fe49309a37fc22b813054218696395c,6fe49309,21,DNA,0,1000,679,1,ERR3177471,-,a4bf43f70739fc9d440306126c8d66dac701cf063564a1b9105e220a26a4a8b6,2020-06-23T04:34:54.000000,21076
sigs/SRR32310331.sig,052f53dd82fbda38b4c96871f176cb59,052f53dd,21,DNA,0,1000,687,1,SRR32310331,,d927855fd5c75c76b126e1b04e1cb56f4409a1912871197f5c4be50a9a355af1,2025-05-06T01:28:39.000000,26422
sigs/SRR9026709.sig,90ce554db9699be5844e9b898d4d9235,90ce554d,21,DNA,0,1000,695,1,SRR9026709,-,8a62679ad05461db8103988308593a5316bbf69990c8524deba279ab62746652,2020-07-11T01:30:52.000000,27953
sigs/SRR27263454.sig,3c5b26ce5176e6b307a5c414462e4687,3c5b26ce,21,DNA,0,1000,697,1,SRR27263454,,16cadc257c02727424ce0aada92891e4c10aa4e0a1d56faee302597a9fc48811,2024-01-13T13:27:05.000000,18104
sigs/ERR2782986.sig,17cb2db89ff39b4a1edc6c5f0e2961ff,17cb2db8,21,DNA,0,1000,698,1,ERR2782986,-,e3ba5f0642f446f9b3b60246a4f7c7e5fab5fd85283e1ae875c5d5bb4fe75976,2020-06-20T16:57:00.000000,17394
sigs/SRR12405940.sig,75f7939fe182e57dd17f09b54273ed2b,75f7939f,21,DNA,0,1000,703,1,SRR12405940,-,94520ac71bb540566362007d91abc90356ccb6d69d563a199f8ebeab9242997f,2021-09-05T02:27:47.000000,28683
sigs/ERR1384986.sig,e01ab6988dad48fe66dc5cf3c71ebe5a,e01ab698,21,DNA,0,1000,706,1,ERR1384986,-,98b00e04c8f6478ce5b375101f49ba36c460dc7bfebda8e0aeb6aec73073936f,2020-07-26T06:50:18.000000,28825
sigs/SRR29634347.sig,9c3b70fbcf2633b3186f2a65645d40af,9c3b70fb,21,DNA,0,1000,710,1,SRR29634347,,3aaa2265e90bb537f46ed6c84092a6d25fc1b0da80731b5306b65a08ce353896,2024-06-29T04:23:18.000000,33282
sigs/SRR28328118.sig,7f8b4e9243a0301e8d5d1399bb75af33,7f8b4e92,21,DNA,0,1000,716,1,SRR28328118,,cf7efa659746cf159620614019944c106a2618ff59085a88207e7e40f69c1df2,2025-04-02T21:28:08.000000,26711
sigs/SRR29911647.sig,0b30d8b9948bcae19b58b8efe5f4bbc5,0b30d8b9,21,DNA,0,1000,716,1,SRR29911647,,4161d0c6027fa9397b9ff998174eaa2de4a05bfffcd93660c608949de0439f68,2024-07-22T20:49:14.000000,34679
sigs/ERR2055386.sig,bc86e1942946300a7920399f10e01171,bc86e194,21,DNA,0,1000,718,1,ERR2055386,-,e3547760d8a275207790d405ed401c1c6a1a02f932e4ae02f8cb22aa77be4faf,2020-06-18T09:17:37.000000,35892
sigs/SRR33608175.sig,49fe2f4fda5d4cbdc5398bdfc81269cd,49fe2f4f,21,DNA,0,1000,730,1,SRR33608175,,1a992a6e0fdeb339f1ef7cfc17c94441587c34fa0115e68d32f85b0fabc7cf15,2025-05-17T18:07:21.000000,19952
sigs/SRR18533745.sig,63e09fec82c9ab937214a3d578f20011,63e09fec,21,DNA,0,1000,734,1,SRR18533745,-,ccba5a18e4f6d9dd1b8242106d79193a8d5fd602a8ad3c1d75ba4b6db0e8d255,2023-08-25T11:19:16.000000,31538
sigs/SRR12413737.sig,3d820cfe2c89b613376504066ce15e2f,3d820cfe,21,DNA,0,1000,790,1,SRR12413737,-,78f92baf80db11e7cf9229f9a9e1cd6c504e56d84e8feaacce33eabf641aceb8,2021-09-05T02:02:55.000000,32861
sigs/SRR9856353.sig,40bdcc5678ad021806eea4d234350ef0,40bdcc56,21,DNA,0,1000,794,1,SRR9856353,-,31de260fc86bc8aab9879f09e4faffc95a5197c3f094843ad7a3cbe6a4b369d0,2020-07-09T11:26:59.000000,22642
sigs/SRR8084366.sig,f5d7c63aea20c71117bcf9a9216b97d0,f5d7c63a,21,DNA,0,1000,798,1,SRR8084366,-,3ec97cd885dd9e6636eb25831c657b987b0bee0bcdd4e9f65e96e82cbca8a1b9,2020-07-10T14:23:42.000000,39208
sigs/SRR25097119.sig,cb52ffcc6d5ce6b820564aba4bae6673,cb52ffcc,21,DNA,0,1000,807,1,SRR25097119,-,4a6c612679ff4b730ca5f4d2a527430894ec5e818d5b1a3929f32664a2c69cf8,2023-08-24T04:47:56.000000,26973
sigs/ERR12008174.sig,10de91eccd76a5ce5484b227d36b0b30,10de91ec,21,DNA,0,1000,808,1,ERR12008174,-,b02cc414e14ce02457215cc809660546655cfaa621581f1da52d059522464fe0,2023-11-11T13:38:32.000000,27198
sigs/SRR13347796.sig,2e9e62d2138aecd4e8d57dd5e101af69,2e9e62d2,21,DNA,0,1000,810,1,SRR13347796,-,ff771449c7b357e43df60dc715ae5a16833429ffd0873953424e08b8c8c2541b,2021-01-06T02:55:17.000000,27099
sigs/SRR26322594.sig,f20deae8cc6678ec8b9e3bd35c153614,f20deae8,21,DNA,0,1000,810,1,SRR26322594,-,d55c381ed9593f030f5225c8dcffce6db937a8cf720dfd8d30687b2acc25b078,2023-10-13T02:52:24.000000,35932
sigs/ERR671189.sig,eadfcf57bea65a78c5598d4d34a9f0b5,eadfcf57,21,DNA,0,1000,811,1,ERR671189,-,4d0aa6607dde3015289072301981af777be99dfe3419da0741a65c5b37ea3786,2020-06-18T09:15:51.000000,32677
sigs/ERR11575569.sig,fbb2d4b90bf2a49d1f211c5c9ce0200a,fbb2d4b9,21,DNA,0,1000,811,1,ERR11575569,-,78991413796dc277ab8dd6dd3f9aa84f4b211434700996a12c658ed33452af72,2023-11-11T18:32:34.000000,31992
sigs/SRR10430733.sig,5e0cdb4dfbc0ac741013140d6b4da455,5e0cdb4d,21,DNA,0,1000,813,1,SRR10430733,-,5d78ac7b4156047d3a85d359de7a22b8fd166eda8d59305b1378450b73f99013,2020-07-09T01:50:05.000000,33327
sigs/SRR27286410.sig,bf1c0968af980d1648ef4b93af6abcb0,bf1c0968,21,DNA,0,1000,816,1,SRR27286410,,ef9f98d523c49b563a047d4edbd7f78852549af9c151a8fb38f0b7423d452178,2024-01-13T13:21:22.000000,29654
sigs/ERR411381.sig,b66ec426a2e96eba99acdd2f273675e0,b66ec426,21,DNA,0,1000,853,1,ERR411381,-,2ddfd4dff5a111e2a521f6dc14ee8ddd21b8a8dd4a7d1ff605fd814c41a97c22,2018-10-05T21:05:44.000000,13573
sigs/ERR3055559.sig,0c85e4829a743ba8eaac8d1bdeae3380,0c85e482,21,DNA,0,1000,853,1,ERR3055559,-,4a3d59365e5ce3cfae70563603da307ad4fe6dabf1027fdb9d46f4f367b142b6,2020-06-21T11:55:38.000000,24087
sigs/SRR22292307.sig,6e3fcba0da62b4b06030597ae3117d76,6e3fcba0,21,DNA,0,1000,856,1,SRR22292307,-,e75dafcbeadd16a04ed386bfd6dad1586b325cdfb0848d4f5819a90db3c0bbf7,2023-01-12T08:35:06.000000,15102
sigs/ERR11946516.sig,5d83f32cefac8adb550770f598553b93,5d83f32c,21,DNA,0,1000,865,1,ERR11946516,-,3b6ea2f748eebe0121bbe8e51dc45b453aa3358eaed067a3f6610023b4fd2ed3,2023-11-11T13:13:36.000000,23944
sigs/SRR12033255.sig,6fd8504b5da525c104fe699dd1e62c13,6fd8504b,21,DNA,0,1000,884,1,SRR12033255,-,8f3a953bd2b456f86a4a514e335c69d8d0fe8affe0a664c3d7a586c0829a94e0,2022-06-18T00:29:36.000000,31569
sigs/SRR27111026.sig,cd8e75fc58ad1dcb131e5cf64c9a3593,cd8e75fc,21,DNA,0,1000,891,1,SRR27111026,-,bf1a01efb58a439d1a9a4187ae2bc51e1713131ed68d019439c5325470111bac,2023-12-07T17:07:38.000000,29808
sigs/ERR3885372.sig,c3217e9557a383e5fd4117af276591c9,c3217e95,21,DNA,0,1000,899,1,ERR3885372,-,f13f765277bfe56d9bafb6bb1bb4303cd5d44a3fb19217bbedb362570acec5c9,2020-06-21T15:01:07.000000,29755
sigs/SRR14729213.sig,4f7a99da4b04084207eee12f5c8d93af,4f7a99da,21,DNA,0,1000,904,1,SRR14729213,-,72b78bdf62a81b0ba0edfd6d7756196a68fb4745c5f8a5e8792348b357c3e7fa,2021-06-05T20:22:38.000000,37462
sigs/SRR10344530.sig,33173283d4bc79c1540afa924ace819f,33173283,21,DNA,0,1000,905,1,SRR10344530,-,a84d7763606c3dad394029f52a0199a167e001a9e1c456b54bad2f81717be274,2020-07-08T16:15:45.000000,41404
sigs/ERR11784958.sig,042d708bec20ecb245a9a77f920a5573,042d708b,21,DNA,0,1000,910,1,ERR11784958,,ff344f7736820977a3cfc3a63b742ff5e85a66a1c1d8bdcddc974bda69315019,2024-09-12T20:44:26.000000,36106
sigs/ERR12004814.sig,09742d5179ae212a55b8beb371e2a534,09742d51,21,DNA,0,1000,918,1,ERR12004814,-,f96b3cda7a188b23f78f5741b70b56618c5a7bec1443483bb723542f0495c6d7,2023-10-31T19:57:49.000000,25868
sigs/ERR11946376.sig,2b48e3b12fb81c6b128d20e516400a79,2b48e3b1,21,DNA,0,1000,926,1,ERR11946376,-,c39fcc0b04712445189251401fd3ce6d372ee841e022122d51cc45528887e275,2023-11-11T13:13:41.000000,23981
sigs/ERR12032882.sig,e34c63ae8ab75e7b611800d92f3a08ed,e34c63ae,21,DNA,0,1000,934,1,ERR12032882,,b8c67fb37ec7be1053681c0de3a84c422bf2b39853aa572b4e2dd4e46fccc29f,2024-09-12T21:14:58.000000,36108
sigs/SRR13867810.sig,721ae464febce6be7377517f440352d5,721ae464,21,DNA,0,1000,936,1,SRR13867810,-,87fb5057dc1b364d7dec2d84eab6e3936b49393d1fafc2548876bd8852c4e6dd,2022-05-21T02:17:54.000000,23122
sigs/SRR22475664.sig,126157e5c0802c9597797673a58d1699,126157e5,21,DNA,0,1000,958,1,SRR22475664,-,49e90f9262f00baa0d4149bb8ba66380fa0aa6489bde26e196dbf9c3aabe7609,2023-01-28T00:30:29.000000,45318
sigs/SRR25180190.sig,00409407010e9ac0030dfce4b9d29c8d,00409407,21,DNA,0,1000,959,1,SRR25180190,-,580c1a01f1568d4fe7fc2a8fef9d2e04bfb2b210acad91e7a916eee0b92fe72c,2023-08-24T04:37:01.000000,46963
sigs/SRR27264700.sig,4806255e5b2ee7b0b24e79b6a46777b3,4806255e,21,DNA,0,1000,983,1,SRR27264700,,ae6ee8672d819e8e0cb0fb748c51bde9d8735763e7e1057833761009aea75a71,2024-01-13T13:29:47.000000,25667
sigs/SRR27268440.sig,b1885490db70418bca28fe64a25e324e,b1885490,21,DNA,0,1000,987,1,SRR27268440,,568ff092a7fc0919bc724d74bbdc3430e34fdac27d7897af48a1fa2211a6666c,2024-01-13T13:08:26.000000,25571
sigs/ERR3163976.sig,160cdb893af586e9e19b7f827c81a970,160cdb89,21,DNA,0,1000,993,1,ERR3163976,-,884e57f54013d88099f44f6be5fb61ec713162a83210082e0941dd34cb6ab3f6,2020-06-18T11:18:33.000000,46947
sigs/ERR11985916.sig,8cf30e71ba8adae4616c61ff46ebdf39,8cf30e71,21,DNA,0,1000,1001,1,ERR11985916,-,7044eebf03bd987065e0648beba119d419e0af2cb606990c9db1d831a2bc6b64,2023-11-11T13:33:38.000000,30880
sigs/ERR11915042.sig,1660028f27ccd678c3fd6ee5a7dc2366,1660028f,21,DNA,0,1000,1008,1,ERR11915042,-,7691ff6b9c7085823ed76eb3cecb4f3d3b059011d48466f87ca9f9218a43deac,2023-11-11T20:54:36.000000,33562
sigs/ERR3883286.sig,e381e6b55d35c8433d1351ef3c6a8088,e381e6b5,21,DNA,0,1000,1028,1,ERR3883286,-,6c0db4e2cb43905ad43936d6fa6e3759e8ad1832822c57e1ed82abcb57de1378,2020-06-21T22:24:29.000000,29861
sigs/SRR12142638.sig,61f3aaf22ef049d81538330070d23d66,61f3aaf2,21,DNA,0,1000,1031,1,SRR12142638,-,8f6d792aaf923cd242f19e1d8af874ddcb596463c9941dce3dc73ba241991316,2020-07-16T18:24:04.000000,47163
sigs/ERR3329707.sig,bec14fa66e486974a744a0f3a31295e4,bec14fa6,21,DNA,0,1000,1033,1,ERR3329707,-,cd0baaa1abdcabd29bde03a32e232dc75bddcc96d722ce678242d97b15658d72,2020-06-19T07:08:19.000000,33860
sigs/SRR7944150.sig,711204cb8668ecc55024509b529937bb,711204cb,21,DNA,0,1000,1039,1,SRR7944150,-,3f580138a203da771e2567bd40ce2e5e4e53776215e2c23cb7d55c1f9737383e,2020-07-08T02:43:40.000000,39442
sigs/SRR27307043.sig,295b445c58b971528f7f3f46c559a814,295b445c,21,DNA,0,1000,1040,1,SRR27307043,,e91352b3b3769e66b20e28047e8c8a7c35903aa9a187dcb716fa17986e6f565a,2025-02-15T21:22:09.000000,41476
sigs/SRR9951931.sig,fb39454b1c277593c0dc195f1ffe144c,fb39454b,21,DNA,0,1000,1055,1,SRR9951931,-,eb02c9c0ce5f94cd1e5f4a49b0722def2c6ef0c35507162c82700f9811192607,2022-05-19T02:33:09.000000,30224
sigs/ERR2911948.sig,ef84b220bd7ca9fb790cafccbd9c22c6,ef84b220,21,DNA,0,1000,1062,1,ERR2911948,-,3d195b3d14234f405395ffc20b193e5a1998f1a27bf89a69e5e0854726f8c204,2020-06-23T19:53:08.000000,30887
sigs/ERR2932175.sig,6c5a868ac6047fb216de33f0e7ceebf6,6c5a868a,21,DNA,0,1000,1075,1,ERR2932175,-,7d741bde035cadd4732d379310460d2aa6bab7bb9f47798f414c587e07435abf,2020-06-21T00:48:38.000000,33641
sigs/SRR11794643.sig,2aacdc3ff576c33c46964b66eb0e71e3,2aacdc3f,21,DNA,0,1000,1076,1,SRR11794643,,f4d1c7fb9e62e35a51f18e25c22e9deff823ab24647d1cff46e48f28f0c62673,2024-05-15T16:02:14.000000,49110
sigs/ERR3321373.sig,fa2ce900bb64d772cad816b6672ff38a,fa2ce900,21,DNA,0,1000,1096,1,ERR3321373,-,31eafcc92a7725354e5378d1b2eea1f222a3c43797439609d2482874fe6e2e53,2020-06-23T11:36:44.000000,13335
sigs/SRR3491020.sig,5625fd5893aa8ee395e5289392679483,5625fd58,21,DNA,0,1000,1098,1,SRR3491020,-,f269738ec97798923521c0d3f045987372cf184aaee81ef55a39139ba2c1bdf7,2020-07-08T06:47:04.000000,41427
sigs/SRR9077252.sig,4f15e2df5e64577b93c5d883680be406,4f15e2df,21,DNA,0,1000,1114,1,SRR9077252,-,12835c7085fd4d555debee28df886db82f498f80d430bdc8a73a738addf278a4,2020-07-09T11:42:01.000000,48430
sigs/SRR8518668.sig,3273956fb9f0574297137608b0985a4a,3273956f,21,DNA,0,1000,1116,1,SRR8518668,-,cffc4e72aa54709f09fd6aa477ff81784383aeca44ed6725bf610638c81049bf,2019-09-03T01:38:24.000000,45630
sigs/ERR13167056.sig,03bd6e845942ae5c8009670b1b5379c0,03bd6e84,21,DNA,0,1000,1126,1,ERR13167056,,aa3819daea2ba40047ea0d3ba3e0959336089f0ccfa93c462b5ff8a0641d99fc,2025-02-10T00:08:09.000000,35981
sigs/SRR27791105.sig,6131d4329a23cceb2291b856c8647988,6131d432,21,DNA,0,1000,1129,1,SRR27791105,,0df1df3532789dcd0c8cee318dcbfdebdb5d0df8777754af397ebc17cfeee77a,2024-02-02T02:34:59.000000,18073
sigs/ERR629151.sig,ee135987d831de068a8449685991ba16,ee135987,21,DNA,0,1000,1130,1,ERR629151,-,4529d4df2e5fe91bcf54d0521bc398ec0de5e871f59f0a8d295f9067889d8d89,2020-06-20T19:33:19.000000,15610
sigs/SRR7102250.sig,7ab364339276b7511929a3d93ab18595,7ab36433,21,DNA,0,1000,1146,1,SRR7102250,-,de758db34c1fe9231f7b0cb46ac6b4dbd606f0a3d7f4a77995641c0c544f851a,2020-06-24T21:12:02.000000,31974
sigs/ERR1667913.sig,08e8b41850e57fefba1d84addf83730e,08e8b418,21,DNA,0,1000,1147,1,ERR1667913,-,db723fdc9de44aaa3602dddf4558df0437f4dc42b30a905f7b64316835a8602a,2020-07-08T07:36:22.000000,48899
sigs/SRR18655846.sig,3efb2a821b84c952cd6adbca83e2918c,3efb2a82,21,DNA,0,1000,1152,1,SRR18655846,,0ef3587d631088ffa5c41f2a93e026ea434effe5941f42fac8641de07650fcd1,2024-05-02T06:11:53.000000,53343
sigs/SRR28729796.sig,c89c08e182c9984ea9d4dfdbdeb58795,c89c08e1,21,DNA,0,1000,1153,1,SRR28729796,,9250fd523bb445bbdc4d913454793421bdd9243e3538b68a20209ff6ab3cc60f,2024-04-20T12:36:04.000000,49224
sigs/ERR11896779.sig,5e338a837e12e9c8308ae21af2b9d0f6,5e338a83,21,DNA,0,1000,1157,1,ERR11896779,-,e8a55ef7eb64f445b9f85c643107193149fa531e83b3d14879a4b24ed23c0744,2023-11-08T23:53:48.000000,38922
sigs/ERR2912136.sig,a90694fca1583c734779de04e371f924,a90694fc,21,DNA,0,1000,1158,1,ERR2912136,-,4a4189c18965d0ec89721c8193239c1e2605c445df4d84cff7f8b40609bcb9ab,2020-06-25T00:48:02.000000,35686
sigs/SRR26249946.sig,018e5c7ec5919f312ed65faed84f8c99,018e5c7e,21,DNA,0,1000,1166,1,SRR26249946,-,13944d6873fab7c35176372652e06b16491b7e7c27dd80bdc9a874257d575cf3,2023-10-02T17:08:09.000000,53010
sigs/DRR672414.sig,1a143f39eaa8d1b22dd95172d3c8025e,1a143f39,21,DNA,0,1000,1172,1,DRR672414,,dd7ac4f2769bea1ec2617d060a02fb8519d85cb1eefa25b94c6d0a587a281aec,2025-05-24T18:04:47.000000,51158
sigs/ERR3859592.sig,a0e395f1d0a7c9f3b5cf934e0296fb4f,a0e395f1,21,DNA,0,1000,1172,1,ERR3859592,-,a4eac74ff7769485bf1ea43f9a0c904cc761951902c523c86974873500f668f8,2020-06-24T22:55:07.000000,36702
sigs/SRR17212448.sig,79683a1421a8a1bf5aadf5f1fbc4d88e,79683a14,21,DNA,0,1000,1199,1,SRR17212448,-,bc5b4a0ce85373f7a0f48b740d76ebd1c033c170c4a1599dba9b730749f01cd7,2021-12-21T17:20:47.000000,53739
sigs/ERR13387133.sig,cb9561c40317fec078e8b15900f437c4,cb9561c4,21,DNA,0,1000,1199,1,ERR13387133,,a93ba93a89bb0157b21e2c0f359a323a225e870bfda057080146708e5eb39117,2025-02-12T17:34:25.000000,53253
sigs/SRR18305575.sig,75822433c8d5715065a1eb78d4a6628f,75822433,21,DNA,0,1000,1200,1,SRR18305575,-,d240fa27550e1b795c8ff9d32b2224f8f97c79caacb661b0c49b5e5eb6540a60,2023-08-25T11:43:49.000000,55071
sigs/SRR17830579.sig,5dc1f0160ada7f5b909705442863b374,5dc1f016,21,DNA,0,1000,1209,1,SRR17830579,-,d475dfab0879f996a3eac9da1c41e918ddf86776b2fe036eb807be9b9d28459a,2022-05-04T13:37:04.000000,52065
sigs/ERR11948925.sig,3185815fe78126f92b05c3c42f6cb0b9,3185815f,21,DNA,0,1000,1210,1,ERR11948925,-,9b3794d69768798dff4b1ce278747da9568fcfbad0ab733ec3d50d323c63032b,2023-11-11T12:49:58.000000,31906
sigs/SRR27725169.sig,9a43c0a2c49b9134617a941f06ae0034,9a43c0a2,21,DNA,0,1000,1229,1,SRR27725169,,1d3102c929dcaaa44b7e9233bbc8b2e65995a05bb81b07b3378c10fe6cac3d6d,2025-06-02T00:21:24.000000,43295
sigs/ERR1382738.sig,df9de0f2e5bbdd155993116fcfad47c1,df9de0f2,21,DNA,0,1000,1232,1,ERR1382738,-,1c1278f7a4f634c0bc2a809875f17f8019c162824341960dbec195bbdfa7943b,2020-07-26T03:13:38.000000,52640
sigs/SRR25476202.sig,b57483e58190af1a01e025af971094c7,b57483e5,21,DNA,0,1000,1243,1,SRR25476202,-,df998b533318b6dfc50ea7d75c744ab1f273bfcd097220b475d34da9132b2ca5,2023-08-18T03:39:15.000000,32340
sigs/ERR13175558.sig,8c8eb757b23279e897066f676a42790b,8c8eb757,21,DNA,0,1000,1304,1,ERR13175558,,2d7eee3cad7982708e9f5d219cceaa5a332da6523fad8e0d617ecd531531e97e,2025-03-02T01:07:42.000000,46976
sigs/ERR14195263.sig,137b66c3cda88c4ddaf9ce45a061e45f,137b66c3,21,DNA,0,1000,1308,1,ERR14195263,,e3518a9e0199274ad958c445060a6d55f4fc6397f02b477389e9badeb543c199,2025-07-07T09:15:56.000000,52916
sigs/SRR13943259.sig,c695a34a99d19dc9a3532bda0a10768b,c695a34a,21,DNA,0,1000,1313,1,SRR13943259,-,38acd17ca5e2a9596f7fe480918843040ad653e08cdaf6ad1cea2df6c283648d,2021-03-13T17:14:00.000000,57614
sigs/SRR30984133.sig,3eb14bcb070c299797e6ec81090ac619,3eb14bcb,21,DNA,0,1000,1321,1,SRR30984133,,ee44769d2970e0d65fcef8aac7878ed509edfa25e468cc2fb1441f3e853a6c68,2024-10-15T18:50:48.000000,34742
sigs/SRR5142241.sig,968daa7e9f130ba8ba01edb509ec4ec8,968daa7e,21,DNA,0,1000,1325,1,SRR5142241,-,486cd231ba72de88726100bac21ccd5342a25f38bb8e5f75ef7f57e266f32a9c,2018-10-09T00:16:56.000000,66149
sigs/SRR14519042.sig,d0ae18c4dcad20e7891ed84cd2b99ea3,d0ae18c4,21,DNA,0,1000,1356,1,SRR14519042,-,91282c6c0ea8c1d44e2afbd0e000218e81f61e22db50c15e8b8af92a9c809e30,2022-08-26T12:15:11.000000,60830
sigs/SRR27269268.sig,f247a22e2ccb3911790d45a017bc7f9d,f247a22e,21,DNA,0,1000,1371,1,SRR27269268,,5f402cfda4b4996df6eb9d666f7c6e5bd3399e91b9e37bef1d92555f1c6ad2e6,2024-01-13T12:58:34.000000,36226
sigs/SRR32925803.sig,0ef8505abe589966e2077a2fbb40f88c,0ef8505a,21,DNA,0,1000,1396,1,SRR32925803,,bc76ba30d4560b60165e813acccff122fd348f96a4af51fd839bd46f94af6121,2025-04-23T18:13:41.000000,65742
sigs/SRR11993820.sig,bfbbd549915edef16f24fe1f5c0d2861,bfbbd549,21,DNA,0,1000,1418,1,SRR11993820,-,21b840f369bc1c6135ed86b5360e8383883757a9a3f4be61a1e550d5affeb233,2020-07-10T13:06:39.000000,61988
sigs/SRR5326465.sig,7beb9ce2a448e3adb72e76d3a5ca9f8b,7beb9ce2,21,DNA,0,1000,1428,1,SRR5326465,-,41389f1edd075cb1344066a67d7fa005aa43a0851fc3db06f943ce85d4d5cef9,2020-07-10T15:35:50.000000,20765
sigs/SRR22121463.sig,9c591b34aa1a7d66f2efcd94d9af037e,9c591b34,21,DNA,0,1000,1443,1,SRR22121463,-,0a8964b90f05127820982ebc014d7e7cbfa3ad51ed9a0d9dd4f03f84cdb69372,2023-01-28T06:04:13.000000,57202
sigs/SRR5143515.sig,bf262de081f192cf14d06e90ae416a37,bf262de0,21,DNA,0,1000,1459,1,SRR5143515,-,19aafb36ea285caecf00bb85d7fb6bf4d8ce2741a7ff4296aae7b4e2a4eccf83,2018-10-17T02:27:55.000000,63244
sigs/DRR673366.sig,ea6422156f0c2625ecb5076f68993fc7,ea642215,21,DNA,0,1000,1468,1,DRR673366,,a86bf8dd9c61e0549d9f26b8f703705cfb22a4f7492aed4a6562da71278f0b79,2025-05-24T18:41:15.000000,56780
sigs/SRR6985084.sig,114161a0eff88e66bc51ba0b096df851,114161a0,21,DNA,0,1000,1479,1,SRR6985084,-,309e7a4c77ac084728366a303accacbb890bc39f48d7447442cca52c01664317,2020-07-09T07:01:04.000000,55786
sigs/SRR15179267.sig,aa9ac4f44ba04da719a62eb0faaa9057,aa9ac4f4,21,DNA,0,1000,1491,1,SRR15179267,,bdadde656e146d1605e14a6837874a0df85b7925d23181b91c4c54c00e7271a3,2024-08-31T19:54:12.000000,63912
sigs/ERR2917244.sig,b74959b855c0b74f84ef4a7099e6b7ab,b74959b8,21,DNA,0,1000,1511,1,ERR2917244,-,6699ac81162e9c88270bf63ba9b91bd1db0225e82a20e5b6c6f8df2f6fa8c626,2020-06-22T22:27:03.000000,46816
sigs/SRR22944474.sig,9c7297d97a992fe1136ab2515eec2641,9c7297d9,21,DNA,0,1000,1511,1,SRR22944474,-,55799c1e8d055c79a6328196a002116668ab71ff62a2b726f4cc6359bd663a33,2023-01-21T18:03:19.000000,40615
sigs/SRR9494871.sig,5d4c31d5048caa7e7412a9b5b26a4b17,5d4c31d5,21,DNA,0,1000,1525,1,SRR9494871,-,6e1f334fcab52667bef09b7ad0c5234f2640e5b096562f1870434265bf28d02b,2020-01-03T02:08:55.000000,40795
sigs/SRR32808694.sig,021372440ab589ac082bbaa9d0145bbb,02137244,21,DNA,0,1000,1528,1,SRR32808694,,8762d1f483486decc835513edeb94254ba0bd62bc2d0e4d886ddc4b4d8646845,2025-05-06T04:05:04.000000,102425
sigs/SRR33193870.sig,4ba71798d9edec30eec631a10b2c0ccc,4ba71798,21,DNA,0,1000,1561,1,SRR33193870,,466bee8acda6f878fb1e3e1b598e21b1d4fe911e77115c85e20a58f1e4b2048a,2025-07-08T07:23:31.000000,54438
sigs/SRR22133880.sig,b332c6c43278eaad57993a890f953d33,b332c6c4,21,DNA,0,1000,1566,1,SRR22133880,-,82e10aaedf29697b139ef0807c592aa39cc35e19a0cbb6c523635afc6c285ed4,2023-02-04T11:44:54.000000,68311
sigs/ERR11951018.sig,39f384817744edd27d337d482978f8f1,39f38481,21,DNA,0,1000,1582,1,ERR11951018,-,b88e4576771c24046cf65e8d24e7169d5b9295d8692d0b3f400238322cbdf777,2023-11-11T12:59:52.000000,50362
sigs/SRR22894619.sig,732fb34d6859a4b817cad270484f5dc8,732fb34d,21,DNA,0,1000,1584,1,SRR22894619,-,0cc694b505c7cbd5bcb5ffbbf474ff26dbb4bf854eb87328b9c69ba38e739d15,2023-01-24T01:11:09.000000,59180
sigs/ERR14210839.sig,d19963e1962eb7e5e5dcdabd56467658,d19963e1,21,DNA,0,1000,1587,1,ERR14210839,,d602561e0439254a2a8f7ef5c0d953c46a93da89a4a7a70964806f59712ae19a,2025-07-07T10:04:40.000000,69437
sigs/ERR11999408.sig,fa727822333aa66908da0b231bab33ae,fa727822,21,DNA,0,1000,1591,1,ERR11999408,-,82c72fc3c68fa25e64c856053c979c635beac195e5b3d964ee575484161828db,2023-10-31T20:02:06.000000,56507
sigs/SRR31164478.sig,c0f8cad9a47b67df1b927408102fcf93,c0f8cad9,21,DNA,0,1000,1630,1,SRR31164478,,f2951471e2ae2aabfd67e011d1e89e99d3306880aeae050300360a1f376226f1,2024-11-01T01:15:45.000000,47879
sigs/SRR8071525.sig,0e353cd8ac68669d56103ce4e8d33bcc,0e353cd8,21,DNA,0,1000,1661,1,SRR8071525,-,fc592368c64cb7791042934075324c1ff62a34683406a640c4519ff6d089df97,2020-06-19T10:54:42.000000,61752
sigs/ERR3261689.sig,bc0f1569a195d3c5e91ae00e66c6ba43,bc0f1569,21,DNA,0,1000,1667,1,ERR3261689,-,04bcd517f1f38afec84c76c519dc4ce41d04cd11fe273e89d4e974fa26acddee,2020-07-10T15:01:37.000000,64270
sigs/ERR13163303.sig,a7f74a22760888517a325b168e681452,a7f74a22,21,DNA,0,1000,1674,1,ERR13163303,,54e74bad872899c56fc1c082134ae9afd8443f3c4a0bf05bce885e08fbbe31b8,2025-02-15T16:02:25.000000,56828
sigs/SRR25522593.sig,bfe9ee16187ab9e154023be6df5b0efd,bfe9ee16,21,DNA,0,1000,1706,1,SRR25522593,-,b38182ec49bddde21b9f262cb42c7e77c3e9ee0e07b0565e526d9a135b54a75f,2023-08-24T00:50:52.000000,40492
sigs/SRR23879836.sig,b8c44626e35dabbf5e08a46348d3f860,b8c44626,21,DNA,0,1000,1708,1,SRR23879836,-,160ea2d45ef0f724f7b743983c5bece505c3733d860c2d144bfd624b5216b974,2023-08-21T20:37:10.000000,66489
sigs/SRR22280385.sig,be96514f16617b7b776357f282197e5b,be96514f,21,DNA,0,1000,1730,1,SRR22280385,-,ca9be506529ad0b3f311c94899cabf8057ec4de6847bd96a2a62e71c85b9f61c,2023-01-28T02:48:50.000000,58239
sigs/ERR12007736.sig,5bab29296c430a9e548502d8686bdef5,5bab2929,21,DNA,0,1000,1744,1,ERR12007736,-,343dda28a125caaf355f0ba79a33c0338de4d313c849079598fea4a0c4e2ea91,2023-11-11T13:31:30.000000,50787
sigs/ERR3408866.sig,f89f243fab61b24f6a3d5d165bb7f0f4,f89f243f,21,DNA,0,1000,1784,1,ERR3408866,-,d05e6f76a71796468252240dbfd0ca08cda48b00fee20f5b9bb00e1fce1568b4,2020-06-21T02:34:44.000000,21628
sigs/ERR14211382.sig,3525083c543dc10559ff1b89e0670e2d,3525083c,21,DNA,0,1000,1785,1,ERR14211382,,7680473d76b15e176020e75467f25b9eb43e355f36859011a6ce065cad2d39a0,2025-07-07T14:07:23.000000,80340
sigs/SRR13908683.sig,3d41636f7c5cf96e00d16ced17ef51d9,3d41636f,21,DNA,0,1000,1785,1,SRR13908683,-,8766de34e4c007f24e457bb741e449f1bf010bd2592e9ab091373ccf1ee6a021,2022-05-21T02:43:20.000000,71132
sigs/SRR28006469.sig,16145e7aa996a57baf9a1522c97d662a,16145e7a,21,DNA,0,1000,1809,1,SRR28006469,,e425db3b5aa6cccc95d182ae6b0962d72cbad76ac161135d1277651725c2304f,2024-02-20T20:31:32.000000,71398
sigs/DRR126415.sig,34314b304937d723e52ed7d4858abb13,34314b30,21,DNA,0,1000,1815,1,DRR126415,-,948f4483ac8399e14e9e8fcedd8f4052d7fbb64817d89a51716d34ec2a0dbc57,2020-06-19T12:13:29.000000,106720
sigs/SRR28369434.sig,efba520654278c8ec619dfb1c7ce13d8,efba5206,21,DNA,0,1000,1839,1,SRR28369434,,88efa3e2a1f2b9229a14289bcddd66ea8e2e63aad640d370fab9c3913804197d,2024-03-18T19:09:42.000000,70614
sigs/SRR5326679.sig,d594269fb3588ff7de95c9f35c9b8991,d594269f,21,DNA,0,1000,1856,1,SRR5326679,-,21abc12a341a5d981c3eec67f36fe12d08535eda3c4fa0880efb152af91c50ca,2020-07-09T00:27:15.000000,26897
sigs/ERR11749186.sig,18f32a750a828cc6ef94d750ab7322d3,18f32a75,21,DNA,0,1000,1861,1,ERR11749186,,f02d4e4693cc532178398d0fffd293ff8b5cb702ee1069d3587688450148c8f9,2025-02-12T05:59:12.000000,83836
sigs/SRR7980638.sig,28a70dfa46fdc3bd96156ae65fd98d84,28a70dfa,21,DNA,0,1000,1864,1,SRR7980638,-,62babf75ab8f0318bacd5e1e90d37d51f17ebc5636f423b553e58a09742d5c0f,2020-06-18T03:19:39.000000,48042
sigs/SRR14026031.sig,ef1b214a5d212c2d116afeffa714b5b6,ef1b214a,21,DNA,0,1000,1874,1,SRR14026031,-,4d1122d49aea1cfab8702e8e93c87da60a42cdd1aa413c5ac1d6e6c5e52d3623,2021-03-28T01:13:00.000000,86741
sigs/DRR673164.sig,7619f5ec8c9bc1bd653020fd500b4d2a,7619f5ec,21,DNA,0,1000,1877,1,DRR673164,,b55ef5ec862cab205682a18e077db06b2e4b2c4088f1c775bc3456c7eef65540,2025-05-24T18:47:50.000000,66216
sigs/SRR16190793.sig,b4c725b016f39ab60a6a333f80840992,b4c725b0,21,DNA,0,1000,1956,1,SRR16190793,-,017b0c80730a99673fff8e6111530f9e5cd5c83d7add06ee114e298b6450ab97,2021-12-31T19:44:36.000000,50768
sigs/SRR1154118.sig,7fd889ef83cc6e7774f2f6bbc90192d8,7fd889ef,21,DNA,0,1000,1977,1,SRR1154118,-,406979eac6710838094f36cabc88a07548a5b1eef5a7442aa1af03f7946919ca,2020-06-18T15:50:32.000000,55083
sigs/ERR2407303.sig,c7b76d5970f13e4f4acea75f15379d64,c7b76d59,21,DNA,0,1000,1992,1,ERR2407303,-,6badc1f8c5c581f48b6a17def29538d2490a1a8720d4b2bdb69949d6fd1ef078,2020-06-19T12:28:53.000000,73526
sigs/SRR27790711.sig,38656d67f687b83b4f3baa8b3d9f6cec,38656d67,21,DNA,0,1000,1998,1,SRR27790711,,9b1937209b2effb0b281c8122687e13d73f1d4d9737cf7898d7ccec9d311bc23,2024-02-02T02:09:23.000000,32001
sigs/SRR27371286.sig,769db2c7f46ce9c889dbd8249204b71e,769db2c7,21,DNA,0,1000,2009,1,SRR27371286,,090480974c9e464cad08f23e31ee50faf73e7d48a0f608470449f035b00c34a2,2024-01-11T08:03:45.000000,50359
sigs/SRR29654983.sig,cd8f75202bcad907c59bc1f0beed3c22,cd8f7520,21,DNA,0,1000,2012,1,SRR29654983,,ae82da46e32d8440d14a21b8305000364a478925be49a87caf72cf08e225f331,2024-07-01T19:02:56.000000,51581
sigs/SRR28396686.sig,2d9b49d0df56fe0fa441de8ba3bcd77f,2d9b49d0,21,DNA,0,1000,2014,1,SRR28396686,,6a61365c58c7513042b9fd298cd4b841a5f35da12184fa232bdd8e19ff180e65,2024-04-28T07:03:42.000000,92241
sigs/SRR33797945.sig,f7d60ca195403d1be7f764739f721d67,f7d60ca1,21,DNA,0,1000,2053,1,SRR33797945,,468d30a1bc18b85389f9868a1b38bd29aa033b5b8e406d0c16324d8acbebc87a,2025-06-03T19:57:03.000000,63474
sigs/SRR3666250.sig,c09865280fab65aa8436aeb4e6fb0306,c0986528,21,DNA,0,1000,2056,1,SRR3666250,-,67ae7e9ef3ea9bc127701ff8b531fb474f3b313b928839af11bc4c84273be3cc,2020-07-10T08:13:17.000000,89839
sigs/SRR21848768.sig,391754f144f4812c8629c86f3cff43f9,391754f1,21,DNA,0,1000,2072,1,SRR21848768,-,2c33fe1aacfa6c98dc6a473b7494c412f131782b1d8ab4af2665aca79e875865,2023-02-01T19:18:01.000000,69711
sigs/ERR3839749.sig,f1ff965beb8cf201b638b035201fbb96,f1ff965b,21,DNA,0,1000,2072,1,ERR3839749,-,4c0bf1dfa836bf231447ae0fb44c7b2161e95a323da386b700e78a28446d0d57,2022-05-19T01:14:23.000000,52698
sigs/ERR10513263.sig,27a35ec289d8de9e4f95fcef6fa1ace8,27a35ec2,21,DNA,0,1000,2082,1,ERR10513263,-,0ecf91607091f243cd895e585820765aaaa0f1cf6c672794159c2c39480069d7,2023-01-28T00:43:10.000000,72160
sigs/SRR13933430.sig,105732afa98e5980f21ead41f6278bed,105732af,21,DNA,0,1000,2089,1,SRR13933430,-,9d02e0c935adce0f40e674d3dbd110967edb2853f95977ea80b3f0c3a1bf799b,2022-04-12T18:47:11.000000,65898
sigs/SRR22281193.sig,7bb175bffe58a9299a6dff0f4ebe7069,7bb175bf,21,DNA,0,1000,2091,1,SRR22281193,-,5e055ce37766722cdef8db9339ed952f4f44f48c038a42f24d5f7785ab44b70f,2023-01-28T01:33:56.000000,73306
sigs/SRR2553749.sig,a91c1730c49c62240918812ac9c15423,a91c1730,21,DNA,0,1000,2115,1,SRR2553749,-,8b1b608ddae0f7247ddad23bab2594a32434ec08424db0d6ecc5eca9222f9afc,2020-07-09T20:20:32.000000,93178
sigs/ERR2722530.sig,6fa6f07e9d978131e2401da9178219d2,6fa6f07e,21,DNA,0,1000,2146,1,ERR2722530,-,0679cf305d46f42eeacfc21547244232c8475aaf4de59c0bd8b50a892427cb40,2020-06-18T07:10:52.000000,63514
sigs/DRR679665.sig,54433148361cb4bc478b839c3987d10d,54433148,21,DNA,0,1000,2181,1,DRR679665,,3f2bf85193c4a09323f1cfe3c9603888fe0b5ef9bc27d1ae9d13bcdf9fe166b2,2025-05-24T18:33:53.000000,80233
sigs/SRR6984784.sig,6fb09efeb1406bdeb9c3c0e3448a5182,6fb09efe,21,DNA,0,1000,2184,1,SRR6984784,-,b5cfa72181f319dc11a1656de0844f590dabc2786dec42305a878bac75f78a93,2020-07-10T12:59:32.000000,84667
sigs/SRR2124679.sig,924e06c31b8c45fdbdf1715cb6295175,924e06c3,21,DNA,0,1000,2219,1,SRR2124679,-,da957546800249eae31d2e03b76660498cb588d6c616a75c05b6229b6c0b3361,2018-10-08T21:22:08.000000,61452
sigs/SRR22739202.sig,5fbc5747e5fac3ec2866499b381dd557,5fbc5747,21,DNA,0,1000,2289,1,SRR22739202,-,384a4ccb98760ab32363ff966bb97d2ae8d9e013b2715fba17bcc3334fc76e6b,2023-01-28T05:55:44.000000,96135
sigs/ERR3678838.sig,1ac571184ec07c65d5523436d895fc6f,1ac57118,21,DNA,0,1000,2299,1,ERR3678838,-,effaac3fbe44f6403827f0006cbcf0d711af4b13b273a1b3163f358e3b2ef0eb,2021-01-18T12:18:49.000000,71429
sigs/SRR14574766.sig,71438cff3d93288464c622c171f8818a,71438cff,21,DNA,0,1000,2304,1,SRR14574766,-,7befd7a2fdbb2235b2254339f4feac5ccaf834d18b203983d7fbf859e710f75e,2021-05-19T17:07:26.000000,94085
sigs/SRR16292979.sig,b849a62c18775b05d87b0543ddb018e2,b849a62c,21,DNA,0,1000,2309,1,SRR16292979,-,005ec107c7229470e66742920aa08061cc95b5d5dbf892f1093365b2e87134b6,2022-05-11T21:11:46.000000,90562
sigs/SRR6460699.sig,87f34cc9f05361341402672460330d63,87f34cc9,21,DNA,0,1000,2363,1,SRR6460699,-,8ca2b7ca77e2ce522e4576436fe34bc97875b320611f4d1d710e27b986492585,2020-06-19T10:30:14.000000,85772
sigs/SRR8512753.sig,35679aadc278193432be9f31532d887e,35679aad,21,DNA,0,1000,2379,1,SRR8512753,-,3d2ca896f50d5fa2d3e10f1405fb33b1925ed0a165ba68239c0a106427771379,2020-06-19T11:13:19.000000,94833
sigs/SRR1709416.sig,e55a215876a5caa3c94e9b4d63d40d68,e55a2158,21,DNA,0,1000,2398,1,SRR1709416,-,1acda5975221250e2d2379263eb6bd0411656c0c0a5ba9a1a5554bb69c5c8e51,2018-10-10T22:42:47.000000,66182
sigs/ERR2694242.sig,90cdf14f049c648e82366fbed3aa613b,90cdf14f,21,DNA,0,1000,2413,1,ERR2694242,-,57e145489ba9a3d1cd71f0a5d68efb31e00b3e68a665e3e24e65a234a85feb0d,2020-07-09T13:01:41.000000,65854
sigs/ERR10749505.sig,6d2dfd77805c74ce5b73ba38aced9805,6d2dfd77,21,DNA,0,1000,2495,1,ERR10749505,,a3fa638c0b15368be34a95d85588f438c9e2301dd4e00d3f8885c224d5f37649,2025-02-08T12:52:10.000000,109185
sigs/SRR10107494.sig,87b9f09b3b26e594c6ff7ed1a88303a4,87b9f09b,21,DNA,0,1000,2526,1,SRR10107494,-,3e30e1195004c1071e9f7ed7da0ba04d2b8edcb4c49f14d102229074fc468a99,2020-07-10T06:44:07.000000,96326
sigs/ERR3874635.sig,1ce42322d16438ec8fc1408c88e71046,1ce42322,21,DNA,0,1000,2537,1,ERR3874635,-,365e3afd9d728b047fb88bc33d51134c55ea30a6f47650a20f80121510156b81,2020-06-24T13:21:00.000000,70199
sigs/SRR17440597.sig,1760a028098e3b535a87986fa658ba00,1760a028,21,DNA,0,1000,2555,1,SRR17440597,-,4bfe41657f590f3134aa992c462ac3a5f133aff486d126b1c207d88edeea6cf8,2023-02-04T07:53:52.000000,64389
sigs/ERR1882102.sig,e6591710f669b69cd14ba4559b687869,e6591710,21,DNA,0,1000,2579,1,ERR1882102,-,7ec88afd1dd7231794563f2a470a53304d1e362be4ad521fa41375ac55d5f41c,2020-06-18T05:21:46.000000,72793
sigs/SRR20040259.sig,d429014bb300cdcc3817b6178a17029c,d429014b,21,DNA,0,1000,2584,1,SRR20040259,-,7aa69e1a7253cd9cc8f620becf518a589708a55f914e069f8110e9f640e15238,2022-08-26T03:34:16.000000,87104
sigs/ERR13161575.sig,de8e37230be111c312f5dd4114de9fc3,de8e3723,21,DNA,0,1000,2588,1,ERR13161575,,193f0712eca74fb89e7dc5deda3e41f595182c74d199599bbc1de38a14d2c5d8,2025-03-02T00:50:41.000000,80840
sigs/SRR8031859.sig,be847e602163eb945b998c3443686d1e,be847e60,21,DNA,0,1000,2590,1,SRR8031859,-,1b7341af9bd013a62e043faf0f4129d5ad22688fd57f9d9fbac937bb0b2069fc,2020-06-19T09:17:24.000000,109831
sigs/SRR20034526.sig,b27d5d8f4a5b09d687c1c6e01e8f8ee8,b27d5d8f,21,DNA,0,1000,2598,1,SRR20034526,-,755620b59c429a28079041e70720f5054d9f30a9937d9e9b97d012b73cbda1c1,2022-08-26T03:52:42.000000,87124
sigs/SRR28966311.sig,9d2dd4c418fb3c7bba9f197336bc33b6,9d2dd4c4,21,DNA,0,1000,2607,1,SRR28966311,,c700e875a2731e4c775918b424bd6db5327b01a84ddb0bf7ed693b31ad1c71f4,2024-05-10T09:15:32.000000,80756
sigs/SRR31058931.sig,57945fa0c8d7fdb5da13eedf1e1a86d8,57945fa0,21,DNA,0,1000,2680,1,SRR31058931,,84673f66195c6de9a872c166feaed54dc19475edb915024f9c1d948d955d38c5,2024-10-22T19:40:22.000000,116095
sigs/SRR28163083.sig,2d02fd04ea2867e45a18a752d8d552de,2d02fd04,21,DNA,0,1000,2718,1,SRR28163083,,0abd41c04e9c69d2135ca662f47868b2347d985376eec9c55472f9b741a2a747,2025-03-05T13:05:42.000000,106804
sigs/SRR27343427.sig,4a724a22c2a93eab33f4151fe26b6110,4a724a22,21,DNA,0,1000,2736,1,SRR27343427,,0ba8cd8b5e1f64929b9031d4689727c440c32f6cf4ce429b65beeba833522f65,2024-01-09T04:02:04.000000,40790
sigs/ERR3261012.sig,1d398a3e3ade8d2f7f6323daaf7c9818,1d398a3e,21,DNA,0,1000,2782,1,ERR3261012,-,9f91c0ef7d60e70030af2931d8684b6fd8ef34caf190b40432128532fc54abcd,2020-06-20T22:38:21.000000,73932
sigs/SRR21187506.sig,29cf4ccdcf8e4121d3f413f72797b82b,29cf4ccd,21,DNA,0,1000,2810,1,SRR21187506,-,07b2f4ae2c0410489545483d33fa1c894dfe5cd75d00ab8196741272a014989a,2023-02-02T19:54:44.000000,114992
sigs/SRR15015630.sig,b303124eecac226b20bab3b7f4d41c96,b303124e,21,DNA,0,1000,2863,1,SRR15015630,-,c5317fd7d97e80adbca5792ba1c058bc6e46ec2c0adadb55ac3723511fd4a8a3,2022-01-03T17:29:16.000000,95490
sigs/ERR11946702.sig,e2a51acbbfc7fb3c86316f410ebdb84d,e2a51acb,21,DNA,0,1000,2918,1,ERR11946702,-,2daaf89cfb0d9d610b60d348ab954e97b2958aad545dac8b2ddc7de8284718ac,2023-11-11T13:07:44.000000,82779
sigs/SRR9546437.sig,cbc229eef5ea4c3120f910482bdf3e98,cbc229ee,21,DNA,0,1000,2923,1,SRR9546437,-,26ad9581e5929587f1d08566fa830d12e5fa61f6c9cddb04230a41c8fd51f6b1,2020-05-23T01:03:39.000000,69448
sigs/SRR6487925.sig,a2032353a069dec21b26d14dca8dc89b,a2032353,21,DNA,0,1000,3055,1,SRR6487925,-,0a6f07be88586b096a4ef393e9ed797b424c665cc1964ddb7ab54401f0f09478,2020-07-09T22:43:26.000000,82217
sigs/SRR12180502.sig,69805b1f93c5dfbef0a7e860065d4d03,69805b1f,21,DNA,0,1000,3057,1,SRR12180502,-,6bb6914861f86e4fb4e450abd7d5cf716f0cf7b8f0976f53b9c1485d7c791cf9,2020-11-21T06:25:15.000000,108354
sigs/SRR29097298.sig,9f825ec8fa1aa778bf94fbee05e7aa30,9f825ec8,21,DNA,0,1000,3060,1,SRR29097298,,7fddd74d3cd210bd457880d57ff8592ef301568ee70a5fffa8b74dba8fe669e0,2025-06-06T20:49:35.000000,117557
sigs/SRR32810713.sig,f4c53eb27bac5497427d28889e13b32a,f4c53eb2,21,DNA,0,1000,3065,1,SRR32810713,,9c1ab0f1d653d5d113085c5f174c1b7adc3a5ce7aa49904607799b9ec4905e63,2025-03-22T18:46:49.000000,95929
sigs/SRR10342241.sig,ef003187d32273096d2b658d1acec0fe,ef003187,21,DNA,0,1000,3071,1,SRR10342241,-,83df9fdec01f5b2f83e20ab7313e89ba2cff0340b0c59abf9608c821c4c5a509,2020-11-23T17:56:03.000000,143866
sigs/SRR32895583.sig,453b7d87d0be1ce588290db99c645305,453b7d87,21,DNA,0,1000,3073,1,SRR32895583,,92b5b6e00798d1cc692f9e71e2f92748fa4cf3f554caa4dd32e3532a20cd2acd,2025-03-28T19:17:51.000000,38930
sigs/SRR13478801.sig,a54eb53f110bd3b89adf7336d272b371,a54eb53f,21,DNA,0,1000,3078,1,SRR13478801,-,4e604a2e73adb0c7a8957690b7a3f8839606fc87cd85fe2941b1d057f5f9cb5b,2021-04-03T23:55:51.000000,104895
sigs/ERR2352376.sig,8112c873a8300424272c954640e8eb60,8112c873,21,DNA,0,1000,3115,1,ERR2352376,-,4e322dfd414d5518a0311e0800f9a0aaf0988be0fdca6a59efa04a2c7ea0d149,2020-06-19T12:27:26.000000,121778
sigs/SRR17830481.sig,6bf697501dd99076c9b256838268de58,6bf69750,21,DNA,0,1000,3121,1,SRR17830481,-,ff0520ddf44088bf64050b6556810b50f409b6ab2fc92a580d5f4c0b7ffda2d0,2022-05-04T12:16:55.000000,126211
sigs/SRR34685996.sig,b4d1a7fa2f29770ddb316d2db250dd53,b4d1a7fa,21,DNA,0,1000,3126,1,SRR34685996,,bfc44fde6a9131fade956715b65ad9f3603506c8e8e4bd039b6a0dfee75e7758,2025-07-24T18:30:18.000000,140337
sigs/SRR29654840.sig,3cc36ccaf7e96bf9284f32c0e71bd589,3cc36cca,21,DNA,0,1000,3158,1,SRR29654840,,68493316f45b62ba981a5e51a0068bca5626685ea063bdd8614059337c1227a0,2024-07-01T19:02:37.000000,78908
sigs/SRR12260816.sig,36d876ff88e98947d44f087b8f77527d,36d876ff,21,DNA,0,1000,3162,1,SRR12260816,-,44b101c003be5e97688e5d41f3953988a10b737c1eb3915f7ac4ffee98261fd3,2020-07-18T17:10:46.000000,92925
sigs/SRR15529266.sig,d4b26d93dcbb1dcde12bae962a96ddae,d4b26d93,21,DNA,0,1000,3238,1,SRR15529266,-,b224c2e6bc05f161a65c54f9e473349ac7765e2accd9f58f561232fab6756433,2022-03-06T11:37:21.000000,96152
sigs/ERR3145430.sig,6aa9ab397c3f7a2ebd0487160c82c9bb,6aa9ab39,21,DNA,0,1000,3244,1,ERR3145430,-,b78d5e65b983b5a128349180a3029e5bb62aa2af9e8e20dc20b8b0c62249a7b6,2020-12-13T07:16:54.000000,96155
sigs/SRR5324919.sig,676eb055ca82a387b836ca7c21234c4e,676eb055,21,DNA,0,1000,3262,1,SRR5324919,-,3dc5d2e9cd1aead1e7406b85bd69004f8b1909424ee38b853c78d26ba5d96057,2020-07-09T20:26:15.000000,96053
sigs/SRR21294751.sig,ad915211d6a376199253f0b71a7499c5,ad915211,21,DNA,0,1000,3309,1,SRR21294751,-,654244b5fab23718111cf7426d33e8233fb38a017382e764e42ff12d355f511e,2023-02-06T16:58:20.000000,109197
sigs/SRR9864917.sig,d27e95990f903615fa6999420a6343fa,d27e9599,21,DNA,0,1000,3341,1,SRR9864917,-,a1677dad6a35f681d2d4247bb57ee466645b8c8cd1050c67bddd02c911fd367f,2020-06-07T00:52:51.000000,101701
sigs/SRR19900076.sig,0173b1ec57392c14ff458fc9295794c7,0173b1ec,21,DNA,0,1000,3357,1,SRR19900076,,aee1a0607b6172b204f52f444b3014e17e5ec66e7a6cadd08c3190ac238080b1,2024-10-26T22:29:39.000000,139362
sigs/SRR24449028.sig,2b579e32f95ca1458697dc5d0767da69,2b579e32,21,DNA,0,1000,3359,1,SRR24449028,-,1b34d716c926dabbf848f7084b36b788f052eb08f5ea423269684614441415ce,2023-08-24T07:12:18.000000,75983
sigs/SRR34361770.sig,4dce499c1883a6b10aa7501b04484080,4dce499c,21,DNA,0,1000,3363,1,SRR34361770,,c0d05854603e1eb2c7a997a954ffdb47d3623d5fb30dd365f856c8d0ad80400b,2025-07-08T07:33:45.000000,104181
sigs/SRR25392474.sig,4fba8589537c0fcd3e7b06b1c6ff5f10,4fba8589,21,DNA,0,1000,3435,1,SRR25392474,-,5a01a28b2201775dff70a1cac2f8a4e3f18fca0065182e1a111245c858a14214,2023-08-18T21:25:12.000000,126635
sigs/SRR27867247.sig,21a0a2cf7114f62f5789aabc951873da,21a0a2cf,21,DNA,0,1000,3458,1,SRR27867247,,7cc6a999e759aff8d3e14fa9274dc102dc230efb9de32766e0e5178601e0ce93,2024-02-05T17:01:53.000000,86895
sigs/SRR21901928.sig,447cec782d28762772d6f02d54f28aa9,447cec78,21,DNA,0,1000,3513,1,SRR21901928,-,1db53d213063401f149507dd20958e8d7af3558a5a116343443a080cf3fd08eb,2023-01-30T00:21:10.000000,128895
sigs/SRR27380795.sig,981fedf22204976525632e708e19bd2e,981fedf2,21,DNA,0,1000,3603,1,SRR27380795,,328a540944f8a1815ffa741a2eb50c6d460740c65c83b3765eca11ba0626fc1e,2024-01-13T08:19:19.000000,106380
sigs/SRR4207340.sig,f24a578ebbff707113f506b23a5c7c9f,f24a578e,21,DNA,0,1000,3699,1,SRR4207340,-,e6207fb7494328832655645def4692da54956ca41dc6970e10a7c5aa19f4d80b,2018-10-08T23:34:15.000000,61225
sigs/SRR9342877.sig,945634338d3320a7adbce57a59a6dae5,94563433,21,DNA,0,1000,3707,1,SRR9342877,-,cd8c6277ba622f540c69ecbdebfb02e5835ed5ca779a9f891acea3ec66148ebc,2020-06-22T20:59:37.000000,80935
sigs/SRR8626279.sig,5faa149d6aa18cba8b6458042cb22f92,5faa149d,21,DNA,0,1000,3710,1,SRR8626279,-,316fef492ce7ca98927dd4ff7ace9c15ea0aa618612448728ca3a8415e6d11af,2020-07-08T22:27:53.000000,107975
sigs/SRR1149051.sig,709d1746f4125b562482836a732aa950,709d1746,21,DNA,0,1000,3717,1,SRR1149051,-,ac84a76ebad9ed18a9acc1c8e73f700a193bc2c1e12042f119e5183180b6eb97,2018-10-16T03:15:27.000000,62994
sigs/SRR11459611.sig,9ababcd1ac806a76bedc0664bf4c4898,9ababcd1,21,DNA,0,1000,3736,1,SRR11459611,-,168961d54fa8a71c1ffd8124227ce13364ad1c0de3e20ef8d627dfdc1ea37c37,2020-05-23T15:09:27.000000,116265
sigs/SRR31163146.sig,e396153002c7ce8289d09cb1a3cc7d9d,e3961530,21,DNA,0,1000,3757,1,SRR31163146,,e5a00e149b83eefc781848d452dceae6370eb3c81ed2a98e7a1f4c259143f6c0,2024-11-20T09:05:20.000000,140825
sigs/SRR5681776.sig,75cf3f0acf1b4af291889af6229d951b,75cf3f0a,21,DNA,0,1000,3761,1,SRR5681776,-,b94ffb03417b43a8fc5a2dbec13ee1e2f860b8453a64f3355bd852748a09bb32,2020-07-09T23:01:34.000000,111143
sigs/SRR7642547.sig,6e8c7bb15d6bb1b5f408dfd333f5253f,6e8c7bb1,21,DNA,0,1000,3782,1,SRR7642547,-,b7d24a8146d14f7f650aa6686f3019b7093ea3b8152e6d8554737fc2ce4d0a1e,2020-07-10T13:50:27.000000,116164
sigs/SRR25760248.sig,b2b708be7201cb21550a4358148a04ba,b2b708be,21,DNA,0,1000,3787,1,SRR25760248,,8c5e56d3f949889e09e558d8480754d4799b3bbb8d1d1b252172a202c4dd422d,2024-09-15T18:09:07.000000,142219
sigs/SRR7105985.sig,d897a99808243de860dfb8ab98dc8cf6,d897a998,21,DNA,0,1000,3861,1,SRR7105985,-,b35544dca93b4d90dcfedb8020a3da19b4af0a94065f8c9291641ac9a0711a6e,2020-06-20T13:03:32.000000,104627
sigs/SRR1156068.sig,ed035a81feb460aac3fcafc29b7e5058,ed035a81,21,DNA,0,1000,3923,1,SRR1156068,-,eff67d41623ac748b48b5a0f1dd0168232db53798000a68773e0c043ffa634b2,2020-06-18T23:26:47.000000,113871
sigs/SRR15060863.sig,5399e16c20290d928df93d22ac7f668e,5399e16c,21,DNA,0,1000,4040,1,SRR15060863,-,1c27518955bdded551ddc982b3acd39bec727a315c24a941dd187860cd813c0c,2023-08-25T16:30:00.000000,132728
sigs/SRR13303086.sig,d54db9ea64a0591830fdea89d80afa0b,d54db9ea,21,DNA,0,1000,4066,1,SRR13303086,-,602f77cd3292eb031d761fa15581d14938aa4de876f2659b82394d688b041946,2020-12-26T17:03:00.000000,97433
sigs/SRR9360512.sig,c2d13934a4392acd7615617a00324007,c2d13934,21,DNA,0,1000,4071,1,SRR9360512,-,4abcc3d0060223ea494369803b017d4178602f382517b31b3a8f4be4527fc077,2020-06-22T11:04:37.000000,86944
sigs/SRR22025646.sig,3911591e5db047bb23e9475511f7cf5b,3911591e,21,DNA,0,1000,4125,1,SRR22025646,-,3e2845947ef0ae3822b4b0005f2983d543b0bfd7e1312194d360b216ebc269f9,2023-01-28T07:25:08.000000,88375
sigs/SRR541268.sig,d6f2a5108fdb53f2e5833e36b044a47a,d6f2a510,21,DNA,0,1000,4150,1,SRR541268,-,ebf8f7a834eaad191f0f526a65d3684c33f8191362c0c0399325dbb0ca44b636,2020-07-08T07:50:18.000000,105146
sigs/SRR34342701.sig,df517e1f119f3ab7af8eefffa12fc2bf,df517e1f,21,DNA,0,1000,4170,1,SRR34342701,,479b4f309f8b50391501d4187beb8cebb44693816c5c6750a8b5e2e843e2dc3b,2025-07-08T06:12:46.000000,129545
sigs/SRR1147556.sig,d91d43a8cdc7494ad0abfe1570f2269d,d91d43a8,21,DNA,0,1000,4171,1,SRR1147556,-,b33eea45b459cfb7a45edd8326cd387d46e0a27dbde843cb3c8d2da9fcb3fc5f,2018-10-10T16:25:34.000000,69562
sigs/SRR24063267.sig,ee40c47a4ad235c3c5d13c9887750a53,ee40c47a,21,DNA,0,1000,4184,1,SRR24063267,-,55930238c49c61af0050e1598e831e88bbefeb17ffccc278a94be9eea5cc6dba,2023-08-24T11:51:31.000000,125305
sigs/ERR1942368.sig,fe7fe9a5982c0db37e2c88dcbb6f011c,fe7fe9a5,21,DNA,0,1000,4221,1,ERR1942368,-,00db7d23b64a6bc23b319b5fcf384112e3d09de9d939ec845d8b3b18eb2e6af9,2020-07-09T19:35:47.000000,233460
sigs/SRR11827123.sig,01954bef79082c0e1afc1b5d1a944c1d,01954bef,21,DNA,0,1000,4227,1,SRR11827123,-,291ee58e4adc3464b9cedaafaf29220a14e98b34d7167e861a776a3923e2b5d9,2020-05-23T01:07:34.000000,134464
sigs/SRR26682924.sig,f1522c238c31daee3f43f8a499602be1,f1522c23,21,DNA,0,1000,4248,1,SRR26682924,-,e539d37eed6ce7432501e633dbbdeb8db291f067e8adf8fce56c2fdd962ecdbd,2023-11-07T20:02:47.000000,133804
sigs/SRR30661563.sig,c5deb9ca813282c1f95e56950202851f,c5deb9ca,21,DNA,0,1000,4261,1,SRR30661563,,2828f819497289d13c95d8d4d33805b95d37092b1bcfb93ed477ef4c00d591bd,2024-09-16T21:38:14.000000,127929
sigs/SRR22030389.sig,4841968ddff46f19bdf6ace968b9b163,4841968d,21,DNA,0,1000,4430,1,SRR22030389,-,3e1ef7aedffc97411a23c859554605feeef8eb2c89aee10d28eead93b3b1fdd9,2023-12-01T20:23:48.000000,131722
sigs/SRR32824002.sig,354fe3c3a3172c980a934f6ab48c0bb3,354fe3c3,21,DNA,0,1000,4445,1,SRR32824002,,1bcaebf41581f53826544878330fd1a5fb75dddf86536533efb26cac41a4036a,2025-05-06T03:15:06.000000,130888
sigs/SRR34255940.sig,d2449b82e61cc5a4f43335b67e1c2934,d2449b82,21,DNA,0,1000,4454,1,SRR34255940,,de5a20f51d8130a87bc8ddd5edc542df4e31dd972f10a64b0cf792b05a6e5a76,2025-07-01T18:46:32.000000,137561
sigs/SRR13749785.sig,d7cf976d18299ca2bbe9fa09af1945b3,d7cf976d,21,DNA,0,1000,4459,1,SRR13749785,-,e6ad3f65c946a79578c399adcfe5814df08849435f438b1fc1409467c9a1014f,2021-03-27T23:04:02.000000,99723
sigs/SRR26797743.sig,57bd94f2ec4263b829ae3711be10e8e7,57bd94f2,21,DNA,0,1000,4459,1,SRR26797743,,fcfee323481b3dc6cb664a03b769abe3cef1bcc5804a040d0459fcfac3226a2b,2024-11-17T10:03:39.000000,133375
sigs/ERR3664104.sig,811cb41b55d63c304839610d22692d8a,811cb41b,21,DNA,0,1000,4527,1,ERR3664104,-,bff40d9121c8dec5bb5fb2249868432a1d32b70b7a8fe18f186de6dfaaa83ac8,2020-06-19T10:16:09.000000,89631
sigs/SRR342185.sig,b09340ec91a85176a3fd12353775fb05,b09340ec,21,DNA,0,1000,4594,1,SRR342185,-,21f2d41803adf3026cf5d0431f3bef1f71fad46d6866e576a85ed2129a555c5c,2020-06-19T06:14:22.000000,46981
sigs/SRR1150464.sig,c8c229b11333f329883e374dbc700dad,c8c229b1,21,DNA,0,1000,4649,1,SRR1150464,-,4022dfaf06b0503cdcddb2aaea8b48cc9c093056f695581a8dda6f066064ca03,2018-10-05T23:00:54.000000,76196
sigs/SRR24320164.sig,d156bba24d8d79afe0a24b6902108f8a,d156bba2,21,DNA,0,1000,4667,1,SRR24320164,-,0a6f6a011c470fdf9650b62fdc3b3093213121b6771e24ea547d1cecd62a7449,2023-08-21T14:01:36.000000,143655
sigs/SRR9095941.sig,9150be70692586b494c91f0a506ac49d,9150be70,21,DNA,0,1000,4684,1,SRR9095941,-,5c8b16bc6a25be0b065ae03e8146d325eb909b63cc9f9b1f44b37e8ad5340619,2020-06-07T14:08:48.000000,145030
sigs/SRR18467957.sig,3d18d8254edf563839c454ae74a8599b,3d18d825,21,DNA,0,1000,4783,1,SRR18467957,-,da2b2d36d163608cdb0dca559d7a1fca54e5179126fee3c272cb73bb77b4fb67,2022-04-29T21:37:08.000000,117731
sigs/SRR33458988.sig,5e6f12bfb05913289ed4cebeb9d79204,5e6f12bf,21,DNA,0,1000,4806,1,SRR33458988,,e7c361909300eadffea7f0b562bb94bb8516e306b97ee85b81ddffe2d66f30cb,2025-05-09T00:05:47.000000,148374
sigs/SRR17616073.sig,b24926013fd380d8b6c2eb70040f05a5,b2492601,21,DNA,0,1000,4891,1,SRR17616073,-,7705b279a3396b3f3d6ebb7438900f7efe4933bfaa76366cb69b1a44c2497295,2022-03-04T08:32:52.000000,111211
sigs/SRR16676098.sig,7271201a4a9a6d18328152577056fbc4,7271201a,21,DNA,0,1000,4927,1,SRR16676098,-,5c39da1c7e8d9688c1d6e1e2f45f3c3b4673dfc1f983cd0a282ab34d830f9bba,2021-11-04T17:01:02.000000,203433
sigs/SRR4208471.sig,b04e231622aef94c66da75336d1cc7d1,b04e2316,21,DNA,0,1000,4937,1,SRR4208471,-,58a8c5671b1360208f7255b3010659559552d79d37f17846f05d0871e1b931a9,2018-10-08T23:34:39.000000,77418
sigs/SRR9851639.sig,4f698f1bcca5ecaa8727e80733597544,4f698f1b,21,DNA,0,1000,4949,1,SRR9851639,-,b30e29eb023bda67812a7a9c925e1a354275b215839fedf71a4594117537fe7e,2020-07-08T00:59:56.000000,136373
sigs/SRR25756665.sig,15bb7080c21f6d36b6859bc3d65e8823,15bb7080,21,DNA,0,1000,4950,1,SRR25756665,-,47a54e369ae5308f1811480a600c3dc12905c41fbdb812246565c3539ecbd119,2023-08-25T17:07:10.000000,154260
sigs/SRR15881361.sig,98d9dda968b4982f945110d5576efb83,98d9dda9,21,DNA,0,1000,4966,1,SRR15881361,-,bc884062a17758fed537a549ea783dde234da3420508071f181d90800f635dbb,2021-09-18T04:03:21.000000,151802
sigs/SRR3678133.sig,716d2c1200b7aa68f74c9c57e4755dfc,716d2c12,21,DNA,0,1000,4981,1,SRR3678133,-,26aa0f1528774ee79a9a4c05941071cbe640c5c95127f29b5a1f34d0c4761414,2020-06-19T04:14:31.000000,179970
sigs/SRR20038881.sig,536122bc5b347c99dbffd54e4d4ddaf7,536122bc,21,DNA,0,1000,4998,1,SRR20038881,-,f5ae15fdee6543ca47eea35ed98384b3d856751f46e5bc41c414c11359fa7dd4,2022-08-26T03:36:44.000000,167781
sigs/SRR1148255.sig,e0ede03e8c9c44a959a0b7ee7406f41d,e0ede03e,21,DNA,0,1000,5008,1,SRR1148255,-,404935d316ee38cf7090a8d7f9f516c163a180bb22318ca055e00dce82104a54,2018-10-14T09:57:53.000000,80303
sigs/SRR7440458.sig,ef4a7a028286b1aa9d6b62965de37ce5,ef4a7a02,21,DNA,0,1000,5026,1,SRR7440458,-,00dce44b804f6bd6cb6eeee5fdafc1b92b5f3356bfc3ad11f05f0c6612c2caa5,2020-07-09T12:21:06.000000,171046
sigs/SRR2962024.sig,1bf9ea9c54215be07000f503b84a08ef,1bf9ea9c,21,DNA,0,1000,5041,1,SRR2962024,-,5a3761f2dc00bc9c279e145252eda7308bdd739b7fd83cfc80e58500a69b079f,2020-06-19T12:08:08.000000,167715
sigs/SRR9390423.sig,8b1cccb7ca191a8237cdfa3b8df5aced,8b1cccb7,21,DNA,0,1000,5073,1,SRR9390423,-,f29e20145560539cfa74eabc300290df7095931a7f51000ecab3d968f0350263,2020-06-21T10:58:04.000000,147211
sigs/SRR15369908.sig,69246b8f27c6f0a50a57d0732ba71e14,69246b8f,21,DNA,0,1000,5126,1,SRR15369908,-,4c8171ab64f4226fe6bc19b39fa7185e1a693d042fcf9a066ba9c52ca4fd6ac7,2023-02-06T21:50:07.000000,151622
sigs/ERR7977561.sig,b22cde0347281269af9e9669bee1ff82,b22cde03,21,DNA,0,1000,5141,1,ERR7977561,-,2ab7c3449e1cf3618f176870088883e2bffa61bbfbd1c333784a940fa711bceb,2022-08-26T05:30:04.000000,162705
sigs/SRR13252180.sig,8aefdc94db921fc0bdcf3bc3a44bd8d0,8aefdc94,21,DNA,0,1000,5143,1,SRR13252180,-,52781d2c707dec7f18b51b9449306bb878098714196f6db3fa7321bc726b63b4,2021-01-18T12:38:09.000000,162890
sigs/ERR13175411.sig,e9ed14288eaec58e453c0d5d101ce6c4,e9ed1428,21,DNA,0,1000,5198,1,ERR13175411,,5104f3cbf5fcf2dde0abf64a1d470cf98cfc51e30758d64bc7a2af3b2e56476c,2025-02-14T11:19:36.000000,172939
sigs/ERR1764064.sig,e021a32241ff17a75a807d876926d369,e021a322,21,DNA,0,1000,5223,1,ERR1764064,-,c2b3c715717a5c6c0760eba16e4ed86e2db172a0e5d85524d020abb38ac39477,2020-06-18T05:24:56.000000,140124
sigs/SRR30675145.sig,05344b3017329ed42618cbba1e3c5e71,05344b30,21,DNA,0,1000,5247,1,SRR30675145,,c7c8a332de99ec0d847e21433f5c2aa8a60d9afed98c041ee3357b5aa9d04e32,2024-09-18T23:17:54.000000,157210
sigs/SRR15174086.sig,0abb4627a24ae490c26686bc6511b51a,0abb4627,21,DNA,0,1000,5273,1,SRR15174086,-,2f2e763952f562313ea619391bde9e2ef96a024d7a151218dda84d255bbaa0c5,2022-04-12T04:15:23.000000,127709
sigs/SRR25913420.sig,f1a64862bbccf85dcd396b0ded448876,f1a64862,21,DNA,0,1000,5281,1,SRR25913420,-,889742de05b397d840313109bd710255f7522078d50046340224432a5f5e5ace,2023-09-06T19:29:59.000000,163411
sigs/SRR18709743.sig,c7eebefb63b3309c8c729f1a3bc3972a,c7eebefb,21,DNA,0,1000,5322,1,SRR18709743,-,d65c58089c81d69116cd36eef46a665e542f0a6e90f493562d45f12eaed6625f,2022-04-12T18:12:29.000000,165314
sigs/SRR15174098.sig,ba696442474a869f7dadf94ac345ff57,ba696442,21,DNA,0,1000,5393,1,SRR15174098,-,98b947824001d6bdac62b566dc418f9226fa09139479478fe2af475bd3744e6b,2022-01-19T17:09:55.000000,132431
sigs/ERR2868376.sig,17ae099db9a2fd38bc7c351c9f895f02,17ae099d,21,DNA,0,1000,5409,1,ERR2868376,-,5d94a737ac82f0950e839981dd06b1c0c3ce936100c5ecb7e41b09df61e608e0,2020-06-07T04:17:27.000000,164124
sigs/ERR10227977.sig,f357478a05cd2749fcf2218ee57e7d98,f357478a,21,DNA,0,1000,5413,1,ERR10227977,,a508699847a8319419fda6fbf99084eb245eddceb388fbfb94e9e5839e690c61,2025-02-15T03:10:31.000000,163272
sigs/SRR5453689.sig,fda3e21ec5739fe010f94e5c4a853ea6,fda3e21e,21,DNA,0,1000,5417,1,SRR5453689,-,0b900792b65fb831a7174fc765bff22dd58d2b3dcf83cd295e5d7987735b8884,2018-10-09T00:54:44.000000,95004
sigs/ERR14366268.sig,0caa36755c4ef76b67fc81f345dd8013,0caa3675,21,DNA,0,1000,5420,1,ERR14366268,,27415367c0afb1d6be7ac7e713ac65f65739977997d95ff74798ae4f52d5bc79,2025-03-08T02:00:09.000000,162921
sigs/SRR25762243.sig,b220b905ffc101c9ced9ee50d492125d,b220b905,21,DNA,0,1000,5426,1,SRR25762243,-,1ac6f4c05a2207681229220781000052ffe6b58abe8b317ac85baf0c3278c14e,2023-08-26T19:10:11.000000,165083
sigs/SRR14825338.sig,02e461a2fd19a49977e93691f2ca73b2,02e461a2,21,DNA,0,1000,5438,1,SRR14825338,-,6f2293a468ed8108f355e4e7797882dbbcf8ca75eb065f72876462c5f30178c2,2022-04-29T22:09:28.000000,123894
sigs/SRR8181997.sig,6c992294a42c2f4e994fdcb4eeb3441d,6c992294,21,DNA,0,1000,5479,1,SRR8181997,-,4c0b2e9cba9b509b6d28e26f6fc59acb94638a50f89f4668d95de4cd71452999,2020-07-10T14:44:53.000000,140082
sigs/ERR10223635.sig,a155c571d778f2b4e47dc50629558382,a155c571,21,DNA,0,1000,5480,1,ERR10223635,-,2b6adb186d0ddc14a8cbec6c4f373f8f13a3b899a2693b4dae9dffd7d8cfdcff,2023-08-24T12:50:25.000000,207281
sigs/SRR12673060.sig,92474a0652a4f8358a8f4074f40d53a7,92474a06,21,DNA,0,1000,5487,1,SRR12673060,-,7c47db0b0faddb5fa2d56ee17e8fe192b533ec710b9dce760392fedb94bba8ed,2020-12-13T14:11:12.000000,172750
sigs/SRR12595764.sig,bc2af61966b15199f56b6294573a3a89,bc2af619,21,DNA,0,1000,5557,1,SRR12595764,-,c8d09bb2f582168952b5908d12d2f4bd0ccc1fcef6a32a02f9976111fddd4097,2020-09-05T19:33:23.000000,197104
sigs/SRR10874814.sig,b4e524fab7aef4c50a4983c50b0c933b,b4e524fa,21,DNA,0,1000,5579,1,SRR10874814,-,92b29fbddffe2f63728ae06aeabbdd8690131ae19f44dc7110a315cbf19f7ea4,2020-07-08T15:34:10.000000,147665
sigs/SRR28407820.sig,b25bc76073b9f556facdd13b19b3f4bc,b25bc760,21,DNA,0,1000,5592,1,SRR28407820,,92bc0e7e6ea2cca124c1f8d4c0b3439a9c31d16cbfd617906415afc76a0aa915,2024-03-24T17:08:28.000000,145733
sigs/SRR9948543.sig,844eab880e8adbf0d62b19a60e01692a,844eab88,21,DNA,0,1000,5617,1,SRR9948543,-,4058cf696dd2a38bd81aa6d978386bf988bdacf9827cf932817a341e3ff17cd5,2020-06-07T01:21:03.000000,159756
sigs/SRR25220509.sig,3fd1fa9f88ffadfdff95af17cf6b95cd,3fd1fa9f,21,DNA,0,1000,5704,1,SRR25220509,-,8bdd333fde166147d325737d6f01f7384dd31b86d6fe2475aa826ef97fe88def,2023-08-24T04:20:11.000000,50833
sigs/SRR26930312.sig,198c03ab879875e215f0699525518b9a,198c03ab,21,DNA,0,1000,5719,1,SRR26930312,,29a468db7054758c7bc1674cb647bd088c711b092ba08f7b49013767a30ec611,2024-11-17T03:56:49.000000,174852
sigs/SRR29642149.sig,297a0aba69bd0f8ea1d516a208be0807,297a0aba,21,DNA,0,1000,5732,1,SRR29642149,,39a535e3e1066195e6368c6a3facabcdaa5639be4e1331f600401dc0f39349c0,2024-07-01T14:16:57.000000,157878
sigs/SRR15102669.sig,75b45b502b3e949209c6be640b9344e8,75b45b50,21,DNA,0,1000,5860,1,SRR15102669,-,7c3933f3a2078e95362d26169680079f7f5100c12491f3d474f8ddd219edd206,2021-07-13T17:05:59.000000,182146
sigs/ERR14906968.sig,75754bf38b21dffc85fce0c624d23b79,75754bf3,21,DNA,0,1000,5869,1,ERR14906968,,29cc247fc0c570ebf508804c4eaa25735e64d4dcdab0952eeec56798098d6078,2025-05-05T23:38:10.000000,174824
sigs/SRR3112759.sig,2a4437b5fa176c7e287f2c46b06ac388,2a4437b5,21,DNA,0,1000,5912,1,SRR3112759,-,4bd6c20edd8b8454b3b0822fafe389d2e32707b7e5ce546320373ea71d067b8e,2020-07-09T01:46:53.000000,245933
sigs/SRR15065922.sig,31499932b37138faf0f8b72513cf2273,31499932,21,DNA,0,1000,6005,1,SRR15065922,-,cfc8a8de5dd4242431b799216c50801cdd95d7c42832867b2067385218cc7eb9,2021-07-09T00:52:58.000000,184097
sigs/SRR32821394.sig,faeda6867186ffff80cf4f1ed139b02c,faeda686,21,DNA,0,1000,6016,1,SRR32821394,,363f00e423be1eb3d84a2253581b25af963287fb7d9b9c09d9c74e8663ed62eb,2025-05-06T03:42:39.000000,114138
sigs/SRR15780413.sig,5a7c1c19f19a832a0c655687638d2779,5a7c1c19,21,DNA,0,1000,6017,1,SRR15780413,-,e2dc03addc7d5c88a19a4611b8bec66ba609ccac826d0321b25ad2ffa7773b10,2021-09-09T21:09:58.000000,186517
sigs/SRR17849645.sig,de49f40dd6fef4d7dc94acf99ae462f1,de49f40d,21,DNA,0,1000,6024,1,SRR17849645,-,361d8729c8c88be069abda04921699be86755080f10bf3c69e41be9da0ab73b2,2022-02-03T00:50:26.000000,184418
sigs/SRR916555.sig,85ab81cca44a0605d23202187bbdbdd6,85ab81cc,21,DNA,0,1000,6033,1,SRR916555,-,329fd9e0da611a40dd41b820d2444fb7399503c58aa353fe1d819611ee1e41f9,2020-06-18T13:43:13.000000,71317
sigs/ERR2745299.sig,0bc797f550a784e43f1140248cbde5fe,0bc797f5,21,DNA,0,1000,6106,1,ERR2745299,-,066962c58b86e99328f87f29c1379b7f523529625724bfb2198971d2e10c3ef2,2020-06-22T09:07:17.000000,89572
sigs/SRR30887693.sig,4e9df51ea3c4a2c645de28b781b18de6,4e9df51e,21,DNA,0,1000,6112,1,SRR30887693,,35bcec518480f5fa61d4ca08f1e9b04c8765a201389bda4889779cc5bf6e4e75,2024-11-01T12:59:00.000000,192926
sigs/SRR19129265.sig,0ffd3013b50eec1d3cb928a31d3b18df,0ffd3013,21,DNA,0,1000,6184,1,SRR19129265,-,b471dc651200b824a1091d3ceabb05fece2173769dd848c189787d9e02ad2703,2023-08-25T05:41:20.000000,187373
sigs/ERR4701860.sig,1dfe1b8adf9f3291f09b2a8bf26e498a,1dfe1b8a,21,DNA,0,1000,6185,1,ERR4701860,-,e33147a93eaf89609fb1f13be51d7553455e6c9ca645f4f05d5d092531726eca,2021-03-27T15:56:31.000000,150372
sigs/SRR23827537.sig,0822a5f48ad17aac7d683a8c331ac5a5,0822a5f4,21,DNA,0,1000,6194,1,SRR23827537,-,e72bf17091553174a53b45082c624e1facfaac06dd717b015dfa8079fac93a5b,2023-08-24T16:26:35.000000,186197
sigs/SRR13007263.sig,391d990873f753726fd8851a4c78ed2d,391d9908,21,DNA,0,1000,6197,1,SRR13007263,-,f4ad5623bc13c12428acbf25b56b28d6bfe76ed5755be16573426394e1b17e4c,2020-11-10T12:10:57.000000,234599
sigs/ERR13432688.sig,7441b7277956e7b13703df6d04564708,7441b727,21,DNA,0,1000,6257,1,ERR13432688,,6892d0726d093c2892f017f219a2cce1ce59eaab690a3b4a5e961d13550a788b,2025-02-15T17:31:35.000000,128918
sigs/SRR12509356.sig,b0bab91d132449ea02f69d031b2feb52,b0bab91d,21,DNA,0,1000,6292,1,SRR12509356,-,291fbdd47b7953e6d9f8659afa127860811563ffa916f8ac5e0b568dcfec8cbe,2020-11-27T23:41:26.000000,182866
sigs/SRR22128813.sig,b3dbef2c72f7ef47c9017cd991faaccf,b3dbef2c,21,DNA,0,1000,6310,1,SRR22128813,-,aafb0eb9fdeea33f3412c36ccd0afa27909c70cd24fda36e356a1b519ac2ea64,2023-01-14T06:33:05.000000,116799
sigs/SRR18328693.sig,3d3d519085600993208362a0e656d734,3d3d5190,21,DNA,0,1000,6340,1,SRR18328693,-,5f0087af371d871f0732bbf21cd15eec1cef8a36928bd2440631d27d56235bde,2023-08-23T23:59:03.000000,189154
sigs/SRR11910788.sig,28e76c30bddcdfeb89606d63394ac75b,28e76c30,21,DNA,0,1000,6358,1,SRR11910788,-,2087c5487ccee0785690a6a80e0d77cd0cb8ff623cdd4a4b399afb4ac428d71c,2021-03-27T21:41:55.000000,181075
sigs/ERR14855861.sig,2d6698e534a3fcdab4a22c60c46ded8b,2d6698e5,21,DNA,0,1000,6425,1,ERR14855861,,207b4caca914f8dbd07e5d135c763fdd740021deb38aaf11a582269c5a310ef8,2025-05-02T02:33:34.000000,191678
sigs/ERR9613179.sig,b702b5f5aed278c9eb6605f405089543,b702b5f5,21,DNA,0,1000,6455,1,ERR9613179,-,0beb9b81d22ce797cc6d2ccd32e795dad4d10e1ffb2846852d6bb80a02dcb984,2023-02-02T09:49:59.000000,214760
sigs/SRR14519499.sig,59aa77071572d90f3684715f34396658,59aa7707,21,DNA,0,1000,6465,1,SRR14519499,-,fac3cbb7316b318e7e33a842e4a7dcf468cce8c3a17f90034fd5b7a9f357a9f2,2021-05-20T17:10:16.000000,183500
sigs/SRR24742702.sig,252d3e6e89de11ef78225dc800c02d67,252d3e6e,21,DNA,0,1000,6574,1,SRR24742702,-,2ae880405771422142d34da74ae51ccc21f18fb404d3ea37760f626b9b39f201,2023-08-24T06:05:28.000000,200089
sigs/SRR21743427.sig,8a95531be6d3a7f5d9fea032abfcf0f1,8a95531b,21,DNA,0,1000,6596,1,SRR21743427,-,066f30195d584f6154526e231b03bd3c9962a222129b2635f9ee6bbe3846bac2,2023-02-06T06:23:26.000000,206101
sigs/SRR20035650.sig,98089155b1a269eab9460f165e011630,98089155,21,DNA,0,1000,6796,1,SRR20035650,-,5f3037b2c5f0825d76b3960f6c578b8a5d98074659e6b683a312d5f2a91c3a42,2022-08-26T03:53:13.000000,242941
sigs/SRR3441730.sig,c58eed27d3ab91c532faecc9a1f8afd2,c58eed27,21,DNA,0,1000,6799,1,SRR3441730,-,9d751ef9cbb565777f025b53089ab39d136f9f35ba37837e6c25e7f62ad634c0,2018-10-15T07:52:30.000000,188402
sigs/SRR8318444.sig,d8504fc1192b12b8c750a4c704a79b02,d8504fc1,21,DNA,0,1000,6948,1,SRR8318444,-,0671d76e0dd751e3953786d1aa30ac6267fbabb6547b107f05d14a152f9813d4,2022-03-08T14:34:14.000000,229816
sigs/SRR26818622.sig,8dc895fea0198623b5caa1c9ce86f678,8dc895fe,21,DNA,0,1000,6971,1,SRR26818622,,92813fbe7f4441eefba8a83250b3c1536cebae8a8126afce356783d814500575,2024-11-17T15:32:57.000000,213415
sigs/SRR15066158.sig,7e9760a2b593a073f3ede28c7fabf6f7,7e9760a2,21,DNA,0,1000,7047,1,SRR15066158,-,5861d3ca6c01a90cda828dd7fbf6e138181fe6af569fdef54ae6cb83eda68042,2021-07-09T03:17:19.000000,218619
sigs/ERR12359299.sig,0ab9daa915169572df50b53fbe1c729b,0ab9daa9,21,DNA,0,1000,7081,1,ERR12359299,-,e1ac13dcf1773a6b6bf461d8f0d84f02db36cea4085eec0ecccb3c13247d6399,2023-12-19T07:34:38.000000,193459
sigs/ERR2825850.sig,f99ea465bf558ae408d3d7740383561a,f99ea465,21,DNA,0,1000,7091,1,ERR2825850,-,e9887f1f99c7bb6fd16f4d87356d454f469644b285f90dc123b2ac60b20c86ac,2020-06-18T05:19:47.000000,174764
sigs/SRR12612850.sig,928723f94630a7a2db042250ebd27b5c,928723f9,21,DNA,0,1000,7103,1,SRR12612850,-,2b92af7c80a8f400405941b2c775d3612b68eb2ec9f4a82f89e96d2090304ce0,2020-09-09T18:05:53.000000,222944
sigs/SRR32824264.sig,71256fcdb658c849ffdd1336693334b1,71256fcd,21,DNA,0,1000,7120,1,SRR32824264,,d2231a27c4e6cfd2f44d156baac7b4ebf26905ff4b151f63adf45be8ac8418c9,2025-05-06T04:02:27.000000,215574
sigs/SRR32824965.sig,7c3cbbd714a59334aca84f2e22a5210d,7c3cbbd7,21,DNA,0,1000,7258,1,SRR32824965,,a5697c2c1e80aea7d9092c1c5692993403c5943867cbc2328038cd431bcfaedc,2025-05-06T05:28:01.000000,216338
sigs/SRR33736331.sig,56c2f2a317f73f4f0206a6c2bcc90a58,56c2f2a3,21,DNA,0,1000,7264,1,SRR33736331,,09743a644ff41f3e8d4808bc2e4ccacd81391acc1591c5e40be3bfeff552088c,2025-05-29T19:00:44.000000,223899
sigs/ERR13714479.sig,446121b9ed84ddced7f8b564902535c0,446121b9,21,DNA,0,1000,7270,1,ERR13714479,,62fbca3767d139590faf3457195ed40c6a3ce880e927a64b11716d92077c1e91,2025-02-13T11:07:36.000000,194898
sigs/SRR20633978.sig,2b90eb70efdc16f2a8f15684815125ae,2b90eb70,21,DNA,0,1000,7306,1,SRR20633978,-,6773beb1af76ddcd6586a734c4fad6430f08f1bca663e05586269cb2ad17e99f,2023-08-25T06:04:44.000000,123730
sigs/ERR4076413.sig,f23dfb71f5121b1c952fb162a1584a67,f23dfb71,21,DNA,0,1000,7308,1,ERR4076413,-,c7173af1eee2aef3cf9fcd46e31a8925f0b8639b1f08102f3a58bdf113b7571a,2020-06-08T13:20:04.000000,213836
sigs/SRR17789680.sig,a6ace66d5a7b7acf4afcc0ab16fb2c35,a6ace66d,21,DNA,0,1000,7320,1,SRR17789680,-,d8626364cf642060754ef9e8fb0c5ff0910f6b9645862f11c70e4d29df2b89cd,2023-08-25T12:37:14.000000,228090
sigs/SRR27909701.sig,9f1400c7e80234143d9bfb58a0c8c84a,9f1400c7,21,DNA,0,1000,7363,1,SRR27909701,,188dfb5a545316580da611eaf544438d9ed83f527117955f11d492a3deef1448,2024-02-08T20:39:36.000000,225130
sigs/ERR3838123.sig,9e4c59996fa6d1fc54558c005210cf69,9e4c5999,21,DNA,0,1000,7398,1,ERR3838123,-,cdeacf3acd802652174fd06c7899db1132d00bfe084bcca27baaf285d5fc441f,2020-06-19T06:18:40.000000,171768
sigs/SRR9947533.sig,f75aa0fb3548afd62c8c458b978c74bf,f75aa0fb,21,DNA,0,1000,7429,1,SRR9947533,-,0625cb862461446f90cc9ffafbafb8b72bbe1fedbafc29385c463f8f68eabcad,2020-06-07T20:57:31.000000,195845
sigs/ERR12549564.sig,36ab7af58b7ead4108659cd9b2ec30ab,36ab7af5,21,DNA,0,1000,7516,1,ERR12549564,,9eeefccdec20adbf0ce89b5f514b100ab6ac421f3a9d80d0be5019daf1440ad4,2025-02-10T22:01:24.000000,225801
sigs/SRR27343525.sig,190c42a6135a837f3000ad16048fa003,190c42a6,21,DNA,0,1000,7519,1,SRR27343525,,dbaa19d2478555fa591ccc823c0ed0ea975726927cfa73f967d1af78686ceda5,2024-01-09T04:34:08.000000,112275
sigs/SRR7993205.sig,a36c19927dfbd0672784dcaaf44177af,a36c1992,21,DNA,0,1000,7586,1,SRR7993205,-,de0e8f80c8779314bc29213561c50a8e13b97872683422b4d40a4c4018d2cad8,2020-06-18T21:49:34.000000,346940
sigs/SRR24894190.sig,c1755015c36eb168735f408adab082e5,c1755015,21,DNA,0,1000,7588,1,SRR24894190,-,9a5daa9313655421870f155d1311e609f66a7c4ac64b9f9db3a3a1fe17051e0e,2023-08-24T05:36:44.000000,228701
sigs/DRR418833.sig,24a926d44963d157bc4ca024c7dc1578,24a926d4,21,DNA,0,1000,7636,1,DRR418833,,bb5cb22f5ed691b3907d9656a82103af4d25fa7349fce5c931b45e6f4f76f528,2024-09-03T19:28:56.000000,219240
sigs/ERR11192028.sig,7856a76bcb19faf18e56646b0f775051,7856a76b,21,DNA,0,1000,7649,1,ERR11192028,-,af6f0996d72d9f33303ee5e257a42476a9512ff1d16c824b335869e9f8e0108e,2023-10-02T17:05:06.000000,242964
sigs/ERR5319503.sig,3363d4f96ff0ccbdc8c895c97cb6dedf,3363d4f9,21,DNA,0,1000,7670,1,ERR5319503,-,662941f614224a24c36e0666899ff992b7c2c46f31a52232f0a76d8559091a11,2021-12-05T07:57:18.000000,219695
sigs/SRR28803132.sig,b9b7cd232456d6d23603685b6649fbd4,b9b7cd23,21,DNA,0,1000,7713,1,SRR28803132,,5f8be6855776dcf8eb4cae20d2ba9c606736a86260dd4edd65b1e3e3646c6ca1,2024-10-27T23:59:48.000000,296994
sigs/SRR33750137.sig,84420ea916c7203ed138b03eb49b066e,84420ea9,21,DNA,0,1000,7717,1,SRR33750137,,eac7378e70dc916677708baa207c0f4074764f87df00d4f1763b0da7c89591af,2025-05-30T18:51:57.000000,234851
sigs/SRR26878253.sig,4b0003daab0db3c41212c95d7e2c7773,4b0003da,21,DNA,0,1000,7746,1,SRR26878253,,5ec74e0157e5082eb328b767c74ee98591be0b8f156192d530a8cfa76a6633e6,2024-11-17T10:52:24.000000,232551
sigs/ERR8755871.sig,3723cd869425068f0896bac359161ca0,3723cd86,21,DNA,0,1000,7774,1,ERR8755871,-,7b0e06ccb2fdf03557c3c512a73808089c9f5953e7c232f61c52b63d5e9730fb,2022-04-12T08:25:08.000000,213765
sigs/SRR26910311.sig,a08ca4e4597f18f733cb5f2933b2bbb8,a08ca4e4,21,DNA,0,1000,7779,1,SRR26910311,,3ae9c5038027a0c8b0e578f85bb990c28da50537a8e489ac1f517f52bfa932da,2024-11-17T13:57:21.000000,230426
sigs/SRR27343384.sig,b0d81532692e3d13d35940705c9b6b09,b0d81532,21,DNA,0,1000,7789,1,SRR27343384,,5ef01c625ce44c0eed9e6cb92d5c4212b4b0d51b5f43e7bb00f115915da4970f,2024-01-09T04:01:28.000000,110493
sigs/ERR4021519.sig,6694bc4ed907860446b67c10f26657ab,6694bc4e,21,DNA,0,1000,7802,1,ERR4021519,-,5eadf1a89a543aa644370cd0f721f0b0f5c28aaee3b65f308384d9ed3f5225e8,2020-06-19T10:38:05.000000,230300
sigs/SRR15714481.sig,9ce0c6366b88bce170789473775489f1,9ce0c636,21,DNA,0,1000,7842,1,SRR15714481,-,3dcc718ae98cbec836259d640f4f53d8f351e398a0a31859e2c7e503285abfe1,2021-09-04T20:47:36.000000,236430
sigs/ERR9387224.sig,a60f88813790cab858dcf9262605d0c1,a60f8881,21,DNA,0,1000,7930,1,ERR9387224,-,a7d4bf5ed7f8eed15958094ca34d609f0d72e01f5731d382caafd910e198e199,2022-04-12T09:30:01.000000,238855
sigs/SRR10097545.sig,3ac4f9998acf159fc5bcdcd0fd99fab2,3ac4f999,21,DNA,0,1000,7934,1,SRR10097545,-,b60d5c71e65aa490b2a75af43192e63a7a58e19084b57f211bfa6b076bdd3785,2020-06-22T07:57:57.000000,96910
sigs/ERR10435732.sig,14a852038d09438ef9819d3c01b9cf90,14a85203,21,DNA,0,1000,7992,1,ERR10435732,-,00dfbded76f440c57c2daf2d224d1df862434999e14720e85d2d7f9dc9205056,2023-02-04T04:14:00.000000,240082
sigs/ERR14061690.sig,7e9e1bb97b22877368bda5b179cbb7e7,7e9e1bb9,21,DNA,0,1000,8020,1,ERR14061690,,b06d0e031c37660c517c0d57bf01b8878ef715c7e9e91c4a7b0b2c1126e43b57,2025-04-05T19:03:31.000000,243658
sigs/ERR5862197.sig,3113d01af7fc5f3cb3f3f483f2a0c1b7,3113d01a,21,DNA,0,1000,8026,1,ERR5862197,-,8f7eb16a01394aa0be4cd128272645dd3cf7bcf653b75a18ef000461133dd056,2021-05-15T18:11:38.000000,238652
sigs/ERR1438185.sig,152f0681d2e64c291a6b669fda46a50d,152f0681,21,DNA,0,1000,8043,1,ERR1438185,-,26afc55ccacc1e160c6d4d106673045c5bdf211ebc2a43ed111f50e3248de16f,2018-10-05T18:58:55.000000,299463
sigs/ERR2238582.sig,c39c788b83a670dbb4db2b04652a5b68,c39c788b,21,DNA,0,1000,8067,1,ERR2238582,-,0302e19f40d9c86505a649716bed8c01d7d7857322913d2a81af0e771ce73540,2020-06-19T04:43:24.000000,230689
sigs/SRR26374355.sig,a560e74d6906fb4b4ee4d4a168452e5d,a560e74d,21,DNA,0,1000,8141,1,SRR26374355,-,a53be7139f2e5546f5e9df0d4d2800062ac5c90c8e84102f8adc6ce696357f6e,2023-10-14T19:02:39.000000,253941
sigs/ERR9891812.sig,263772fe6443ec77ec1bddcd6fe4f1d5,263772fe,21,DNA,0,1000,8235,1,ERR9891812,-,af1a0cee55bec45246fd5c733700e7ab5d7190897b8d657eeeed55d0617a6e92,2022-12-30T22:50:23.000000,218669
sigs/SRR30694559.sig,b8432ace1461acb0ce06259c9e5d5344,b8432ace,21,DNA,0,1000,8291,1,SRR30694559,,b9cdfbbf7828be37ec16ff23cd0d28e28a13ab325196d179bb7b167400324640,2024-09-19T20:13:35.000000,223444
sigs/ERR5773558.sig,5aed9fed7241d18e30256458090090e6,5aed9fed,21,DNA,0,1000,8305,1,ERR5773558,-,0c4eda035bbb61a2c71232701322213918e0180d4e4353dc52c2bd203e861aaa,2022-05-20T23:44:43.000000,234202
sigs/SRR23718655.sig,62a695bbdbfb77c6c6e138740d385ede,62a695bb,21,DNA,0,1000,8349,1,SRR23718655,-,d6645040a7b9eb1bc44a5e385b0805cb9cc479a40b3ae5e209f4d5258573cc41,2023-08-25T01:14:01.000000,332096
sigs/SRR15066196.sig,0d23c52951c8a450e2384fc37f64d077,0d23c529,21,DNA,0,1000,8457,1,SRR15066196,-,0d6302ac1510b79b4f35c9438111115da301a60607878ccc2229673f5d8685b6,2021-07-08T20:30:57.000000,270135
sigs/DRR717285.sig,672da8b9ef8ce8829dc2a4fc97500575,672da8b9,21,DNA,0,1000,8461,1,DRR717285,,e817876459437f7b74050f0d8b276b505ee0df69515716f29d9fe7882f99c9b8,2025-08-03T18:40:08.000000,261398
sigs/SRR7787137.sig,35ccd6f8c456a077141f8db00243dc2d,35ccd6f8,21,DNA,0,1000,8464,1,SRR7787137,-,2579318aae08e2f96f968976c3dabb17ada11c835252e2988158fd4a9645b373,2020-07-09T12:21:24.000000,238995
sigs/SRR12903713.sig,854a92a3fdd95cd2677d59fe8d123542,854a92a3,21,DNA,0,1000,8478,1,SRR12903713,-,5ee021196cb490d841b380b7d4ba27771d97d85ca319eddcd99d4d9f359e9b90,2020-12-15T03:54:12.000000,265376
sigs/SRR18958235.sig,30a02b53609b11450afce80ca66a7a22,30a02b53,21,DNA,0,1000,8495,1,SRR18958235,-,795105a28f144087cb3f301974091987d030b7bc3a85eeb1fb9f5425efa01bbe,2022-04-28T18:28:48.000000,263185
sigs/ERR11176796.sig,57f69cd52bcf31bea2a1717700111690,57f69cd5,21,DNA,0,1000,8529,1,ERR11176796,-,2ed1ef988b526b6fbae0d2bb72af9b17b80ff781cebc1b218acf5c4d043bf6ee,2023-11-11T17:30:25.000000,252968
sigs/SRR30887690.sig,fddc3796f8dfe71e278f2388ee6991ab,fddc3796,21,DNA,0,1000,8703,1,SRR30887690,,1c35bdbe018408ebde358cc13f214fc1dd4280ae02ef468cdc17361345a8f56a,2024-11-01T14:43:50.000000,272822
sigs/SRR13116346.sig,f4d95bcb29dc336151c9161f4a9077ea,f4d95bcb,21,DNA,0,1000,8770,1,SRR13116346,-,4b0d1a6049708339632871a181881c05e3fc6b4dd2bdeba5a644e55638a30ce3,2020-11-26T19:38:55.000000,248066
sigs/SRR11724483.sig,3d12d8c1a55854d51bedf241f0f398d1,3d12d8c1,21,DNA,0,1000,8788,1,SRR11724483,-,b5c077f63e9fe4b843e0e70e075a04a2b7f7eb6002ed244e70d849716bac54c7,2020-06-08T13:01:40.000000,273642
sigs/SRR29182412.sig,41680ea88372529abbbf69ad4a7de1de,41680ea8,21,DNA,0,1000,8876,1,SRR29182412,,5c467ae9d3595c14b61342c1e007ee12d60794e9423f8aa7b6cea408d712fa12,2024-08-09T22:43:24.000000,296863
sigs/SRR30890188.sig,c4e86939438fda84d83eea37ca474f99,c4e86939,21,DNA,0,1000,8894,1,SRR30890188,,49e16ceadf6652baabd0603d11719c7e06b1307696fa84310653fecf6a8eb176,2024-10-31T22:49:16.000000,287238
sigs/SRR9665455.sig,0e2550129a9dfc09b9a9ab852668cade,0e255012,21,DNA,0,1000,8898,1,SRR9665455,-,08ef082fb6c3ba9aa08bc3d688ea0aa5d34869fb31ee945a35be5e4f442356a1,2020-07-09T11:21:50.000000,421097
sigs/SRR13960149.sig,ea64b8948f47b06c65b814788e17db66,ea64b894,21,DNA,0,1000,8901,1,SRR13960149,-,5a4d7e202fe063670d4804365f1abd891f170e9091a121b09360f33496d596f0,2021-03-15T17:02:05.000000,262164
sigs/ERR14841342.sig,b2c2d0a4bb9b3748a0ba4663d9a52e97,b2c2d0a4,21,DNA,0,1000,8920,1,ERR14841342,,d42cf9c5d563532af547d39c26b30d5708384c07c2e52ab9f61afc067513e8ba,2025-05-02T01:40:08.000000,230302
sigs/ERR12043101.sig,e88a627242015c1e900d7d60bde42239,e88a6272,21,DNA,0,1000,8953,1,ERR12043101,-,04092d3e930e5976024970a93bcde2f2dea2258940e97a79fd80abeb5e3d1457,2023-11-15T02:13:06.000000,284127
sigs/SRR24205974.sig,51340516fdd8f84b93526b746f1b960f,51340516,21,DNA,0,1000,9071,1,SRR24205974,-,89ef0399c7f8cc8db876074515b61c72897e2a31e87a7e3510ef39fd7e32ee8a,2023-08-24T10:58:06.000000,273429
sigs/SRR4106565.sig,96ffbb8c5b5f1fce924fbc5ec08fdac2,96ffbb8c,21,DNA,0,1000,9174,1,SRR4106565,-,6cca018c0786e57f8298627aaa834e947c17b185f48f2e7a4bf6026289983fdc,2018-10-15T09:09:08.000000,331527
sigs/SRR12931817.sig,aa2575f2370ac272b2c814bb63d18ce6,aa2575f2,21,DNA,0,1000,9181,1,SRR12931817,-,9da55b23824d2ae04a2e9f150f3c3b17789dc08f3424cf15020737326d9ecdbe,2020-11-02T16:23:44.000000,267121
sigs/SRR29580804.sig,3bc356755d6a794770519cfa0a15b46e,3bc35675,21,DNA,0,1000,9194,1,SRR29580804,,ba6d80fae18cb2006fd66fb7120a5a337995d5ebdc8c273a936b3051033f8a13,2024-06-28T23:49:58.000000,280359
sigs/SRR12080284.sig,0b261783d04beea270d5c79caaf796dc,0b261783,21,DNA,0,1000,9239,1,SRR12080284,-,3dc001a7987a814ab47686b70fde0185c371a0c930bebc7875bb3fea3c268df8,2021-07-24T17:13:58.000000,259343
sigs/ERR10893672.sig,c6a69fa5d74d31338a37bdac694146c6,c6a69fa5,21,DNA,0,1000,9242,1,ERR10893672,-,830fa5e53fa4480079fcdf1b092092a0892ccdb14034a6b5f9a46612baea8472,2023-08-25T05:49:21.000000,235058
sigs/SRR7106254.sig,f6d036e1d294b1a44ebbe3231b64df99,f6d036e1,21,DNA,0,1000,9248,1,SRR7106254,-,2a062a8e334cb26b6584da0728477c0bb3528c3fbecd69c2f867f8c37b576a71,2020-06-23T02:16:37.000000,235553
sigs/ERR2529276.sig,d3650e4a794fcb7dea63fadbaea6d1ef,d3650e4a,21,DNA,0,1000,9266,1,ERR2529276,-,00455b9d6b13a35f8b400b403de759a8a2977380bcbbba0dfd505632e09c0ae7,2020-06-21T19:15:23.000000,211749
sigs/SRR5330378.sig,74c03aea92b143abda5db0c3ebcd6808,74c03aea,21,DNA,0,1000,9324,1,SRR5330378,-,f91d90d063d3dbaca430571e4038e8dcf8f7ae7aa51b34533d96806be15d6ed5,2020-07-09T09:47:18.000000,256674
sigs/SRR5321640.sig,d76ad3191151673e9d61b2b824063bd5,d76ad319,21,DNA,0,1000,9383,1,SRR5321640,-,d37acde513af5da2209ec397451781cc21a8278b154a37368e5aa4b75801478c,2020-07-09T09:50:45.000000,259410
sigs/SRR29114879.sig,f82bab9f37e6464353973a0bc5833a60,f82bab9f,21,DNA,0,1000,9547,1,SRR29114879,,c706c4b0fd9d48755699a64de9f61699bac446a1e044b5ff0b9e85c4a665ded4,2024-05-26T05:03:20.000000,231001
sigs/SRR12113646.sig,e57757a0109863110ca99604bf169f5c,e57757a0,21,DNA,0,1000,9585,1,SRR12113646,-,68028e2a8af689aa2424e68a2d48b66bc479dce82c81db25f4ef7aca60bf7844,2020-12-09T02:49:20.000000,285864
sigs/SRR5321727.sig,8fc34a7bae96f8e35fd92312dff48f20,8fc34a7b,21,DNA,0,1000,9605,1,SRR5321727,-,f22ae93817b25a1319419d528ef4428b1ca17e1ef651ad0284339afa05c36297,2020-07-08T09:54:38.000000,267206
sigs/ERR2224379.sig,d0d32f1ba00418bd37ed39942b4ad2e7,d0d32f1b,21,DNA,0,1000,9609,1,ERR2224379,-,796ba5b964c2a33fc6002471483fda31b12009a3ef049762066a410089bf0489,2020-07-10T13:16:15.000000,268100
sigs/SRR31194232.sig,416a9090d326ef4289b555968143c480,416a9090,21,DNA,0,1000,9620,1,SRR31194232,,ceef840d03b5b25de8bc62e79951a18941caeca9a347a8075b8a086dcc9a4e38,2024-11-20T10:31:46.000000,285583
sigs/SRR10207402.sig,661f4f1bcb078a3414d6972581906984,661f4f1b,21,DNA,0,1000,9667,1,SRR10207402,-,aa4eb4b486daf8870d6be1df2c5b1393a9063c9662a447946e7b8aca02300c0e,2019-10-02T04:05:16.000000,335617
sigs/SRR9877876.sig,a8b4f9e7d224c8e8b288d0e97a60e770,a8b4f9e7,21,DNA,0,1000,9699,1,SRR9877876,-,db940ff059eeb5e8754feabf4951efcbafdbd59ce5d03adff78b6189f09e4ad6,2020-06-08T17:21:24.000000,301679
sigs/ERR6131314.sig,fdaa557d014653e1104ee716d0c01656,fdaa557d,21,DNA,0,1000,9711,1,ERR6131314,-,d39e1643acbd3bd749bdfa4c519753fea3528227a6e5e4e2dae644e9df2db0d7,2021-12-05T08:59:36.000000,287876
sigs/SRR25762337.sig,4967fffd8f6b06d52e3e8539e118320e,4967fffd,21,DNA,0,1000,9714,1,SRR25762337,-,a8516428c44b10a626be400e7dbfaf8d87a09add7fd1c40333bbbbc75ec70d1f,2023-08-26T19:06:36.000000,287448
sigs/ERR3826324.sig,ebaa5cd9a6ebf9b422564fd0f163eb27,ebaa5cd9,21,DNA,0,1000,9747,1,ERR3826324,-,2af3cc15989eb9232bbd61044412c362fc813c55fde75f52e2caffe1b698a568,2020-06-08T16:35:12.000000,258590
sigs/SRR30825622.sig,38428983753591e9713f0011f4652f4c,38428983,21,DNA,0,1000,9761,1,SRR30825622,,976b5c2de722d183e7bf117ab47c0bab81c0879102e94fd83c0bc9656ce527b0,2024-09-28T20:20:43.000000,287438
sigs/SRR33086163.sig,170a8974a6c812205370eb2379f39083,170a8974,21,DNA,0,1000,9765,1,SRR33086163,,4b07f2fdcabaa058f1b0788d88ba6d2badbdc9175f9d3afb234d1339f9cccddd,2025-04-13T19:49:59.000000,337042
sigs/ERR13770435.sig,6ec5e717607c18cf34e092f076a03bdb,6ec5e717,21,DNA,0,1000,9777,1,ERR13770435,,8f2fb51712c767726904bf36f84e8bea35d90744027d1bbbd881e2e42e7df367,2025-02-12T05:09:01.000000,286884
sigs/SRR28041245.sig,da803f23a66840f931d916fef0ffdf76,da803f23,21,DNA,0,1000,9792,1,SRR28041245,,98de2322939910966283cf18aedcf85971bb0dbfb43c950691796cb8bb465f9a,2025-07-03T11:01:50.000000,302149
sigs/ERR3416318.sig,4d60906c1eb76f5498534dc0de84dc90,4d60906c,21,DNA,0,1000,9834,1,ERR3416318,-,cbf1abdef511a48d4e15f1a6f4308c7712d7c9e91be2d8795cc6a897a5e930b2,2020-06-08T02:38:32.000000,267440
sigs/ERR1370250.sig,2ac642f09cc019de5b627dfd54b24c8a,2ac642f0,21,DNA,0,1000,9867,1,ERR1370250,-,0b912d655e557fb79130d71d7260188f222d89aa1ec8d2b7b02a6ba4f3e33eee,2018-10-05T18:53:07.000000,313889
sigs/SRR28418594.sig,fbeb179b3a5b8e42bb5f676d913c2a6b,fbeb179b,21,DNA,0,1000,10005,1,SRR28418594,,a119e205434d16daaa4353131e0c6a0431da1b0356130f2a26be398d662a839a,2024-03-24T17:23:26.000000,302486
sigs/SRR18762507.sig,e9be80803715dad2dac51bc1f1adf2ec,e9be8080,21,DNA,0,1000,10127,1,SRR18762507,-,e7744d5bb396d366cbde651ad280f4bf65dfebdaad2d16f33f3179cc0961a9aa,2023-08-25T10:19:36.000000,312245
sigs/ERR14717808.sig,670c20df50cb15a51ebbb4a7807544ca,670c20df,21,DNA,0,1000,10132,1,ERR14717808,,0595d49bb3994a92099cce34347d2e1207f7d24ec69ee8a2d426c6caa6cf1629,2025-03-19T00:28:51.000000,322981
sigs/ERR10781326.sig,a0e4b91404073be20054baa770667edc,a0e4b914,21,DNA,0,1000,10134,1,ERR10781326,-,8f9fbbd621c67cdab4b4394df27a47dbe3c9c4225eb974f925c43a23978451c6,2023-08-24T13:36:07.000000,324236
sigs/SRR24165835.sig,e3079a321088a58592d3472c486de7e4,e3079a32,21,DNA,0,1000,10137,1,SRR24165835,-,8d88a397285f26c246aea55c8cc50637124473a93bafb4010e56675962738753,2023-08-24T11:31:13.000000,293742
sigs/SRR15247762.sig,402c8a758aa64eca2eb2332bff9fab24,402c8a75,21,DNA,0,1000,10167,1,SRR15247762,-,2d66407387de23bb9a6e6453270e299ed2004026af9d624c8321f69d28a9ed11,2023-02-06T22:27:32.000000,301555
sigs/ERR10228006.sig,05bcca0350200c21fdb4d484e0dc2c7b,05bcca03,21,DNA,0,1000,10197,1,ERR10228006,,527dddb339ee27d6a81d8bbe2dc4a0642b533e6a4e58883c245dc479831de92f,2025-03-05T06:06:05.000000,308949
sigs/SRR23068249.sig,a72b368f6d26b2877548d0a4b618db71,a72b368f,21,DNA,0,1000,10237,1,SRR23068249,-,08055ee465b25fd22d3cdbbd54baa5094b2fef3adef828fbb3b7c964fa7dc9ff,2023-08-22T06:45:16.000000,291587
sigs/SRR15203002.sig,959ad94fc8e6f40907538bb888f948d5,959ad94f,21,DNA,0,1000,10247,1,SRR15203002,-,500c0b7ec3c99f29fc2246a833c99a21366e77b9fd1b45a05fe9b648d9d181b4,2023-02-06T22:53:05.000000,309103
sigs/SRR27212609.sig,71d5c8dbd2d8123d0e004b8e1fa52484,71d5c8db,21,DNA,0,1000,10255,1,SRR27212609,,e834d2eca8386ee71a83611321fac4cdb0d6c0ccd5bf6f8eeffa8f05d73776f7,2023-12-18T01:55:09.000000,288041
sigs/ERR3416380.sig,ed3c59e38149429ae8ce8d214667ffab,ed3c59e3,21,DNA,0,1000,10257,1,ERR3416380,-,e2c6b55593a217ad2d5e571f58a43667c4351fd0273dc989b1f1f56b83ac0c8b,2020-06-06T22:24:50.000000,277938
sigs/SRR31019065.sig,13b56c2a8eda9d4faf6f426d73688ec6,13b56c2a,21,DNA,0,1000,10294,1,SRR31019065,,5e08cb58d5c268d34a6ac0152edd08010fbdf190166c5508ea8578de86fb2ea3,2025-06-06T20:43:26.000000,285181
sigs/SRR16327790.sig,8778d857c60dcf12b69ad3785417639d,8778d857,21,DNA,0,1000,10310,1,SRR16327790,-,c27f7ccd2bd97f0daa29d352fd60171dc367a871091204d6b6991a61faacff02,2022-05-19T17:04:17.000000,294439
sigs/ERR12055939.sig,b841a91a901c37d888b570cfef1f4251,b841a91a,21,DNA,0,1000,10327,1,ERR12055939,-,fca4aa4a2b06da4d57de50d8c39b7edceca174026c19d438ca4540770891b05e,2023-11-11T19:41:13.000000,310604
sigs/SRR090122.sig,503c37ff0d6625ff62927df771fc6fbd,503c37ff,21,DNA,0,1000,10382,1,SRR090122,-,b3bcb0c6fd1ed7d1f0ed4223342c6ba4e5f25c397a02efdcef6764011b10ee6a,2020-06-22T04:00:34.000000,285119
sigs/SRR27327030.sig,f468f9f33080c3645140bd05494cb6fc,f468f9f3,21,DNA,0,1000,10394,1,SRR27327030,,d9c041ba37e9e9aedd66430171fb92dcbd5a69f90e878e8127655b42420fafdf,2024-01-13T12:12:39.000000,322144
sigs/ERR4193959.sig,6093c54cd1c42702c8bac04154cacbc9,6093c54c,21,DNA,0,1000,10442,1,ERR4193959,-,157d6fab9b5fff63435fffca784b829dc40adeb3ce5592b27d0a498d6a9b526f,2020-06-19T10:01:12.000000,326952
sigs/SRR8796601.sig,16236b134a2763b87363936994975480,16236b13,21,DNA,0,1000,10446,1,SRR8796601,-,0e53057954297f79f10e8ce8c2410d3fa0c8df1c3051809a396b07c33771fc9f,2019-09-25T13:33:29.000000,379656
sigs/SRR31167554.sig,74d29b90d1993012646e06676b12b77d,74d29b90,21,DNA,0,1000,10457,1,SRR31167554,,b4fa4aff674287b6e5a135597162c0f071a6383650d063966decf34d9c282d7c,2024-10-31T22:40:02.000000,285077
sigs/SRR22319989.sig,523f3c9bbfbceaa4155679ff931b5793,523f3c9b,21,DNA,0,1000,10463,1,SRR22319989,-,95cc63ef56aab5fdf0858b04a3aa505fc2718945ff2ec7d2999e52eeaa2f6d91,2023-02-02T14:11:47.000000,304192
sigs/SRR016402.sig,dd00db2e8705ca3d4c7e4fc71e93504a,dd00db2e,21,DNA,0,1000,10473,1,SRR016402,-,c5f90c686cabc0125cd3bce175aece1b5d743867a131b39412b768b7f2e1be89,2018-10-05T22:34:23.000000,340976
sigs/SRR29259437.sig,bd655cabf6be9fac75c0be69182154e4,bd655cab,21,DNA,0,1000,10525,1,SRR29259437,,0efd09317192ac48993ad52fb01c8217f3ea9ce5c9dcd7f04ed40837ee901ff4,2024-06-05T06:25:25.000000,291983
sigs/ERR3178688.sig,85117495806cc46c5e507fb77ff62f55,85117495,21,DNA,0,1000,10561,1,ERR3178688,-,1b39e8ca53714405111262eab8bf1298504b4250880ac8fe604f509423f47356,2020-06-19T06:22:17.000000,264774
sigs/SRR5626968.sig,1e2d0903e3924dbb0afc629cfdfb7819,1e2d0903,21,DNA,0,1000,10563,1,SRR5626968,-,2fa35fddcd167b8fa4424f717c22fca8e288a23605bc90eb3326535fd8a2882d,2020-07-09T19:22:29.000000,297855
sigs/SRR14668906.sig,3646666a762b6599122f9a4ba79a5816,3646666a,21,DNA,0,1000,10570,1,SRR14668906,-,f38f87baac971d29eb6b5cc790865211958622a90a44a2dc4c461f450364a817,2022-08-26T12:11:15.000000,330696
sigs/SRR1656197.sig,d185bc2e6d4c190d41fd2b5b2da78255,d185bc2e,21,DNA,0,1000,10581,1,SRR1656197,-,111a500743d059ab9eda305fb609767497e15c6325bf9e9a8a24327afe47a198,2018-10-05T23:36:50.000000,376339
sigs/SRR19734853.sig,428f5d2c96139f34f27cc9f5dba02d7c,428f5d2c,21,DNA,0,1000,10631,1,SRR19734853,-,a19a0e6f46154ba0aeb53d84af8afc39196cfa52c41555dcd878ba7954ee9bc5,2022-08-26T05:36:09.000000,309669
sigs/ERR15321276.sig,604b1fd21726018dc2721fbef0e9bd37,604b1fd2,21,DNA,0,1000,10669,1,ERR15321276,,3ce0047ec3037d8e2d4e32b6ac8b4453626966f9d0a60393ef066b1fef19386b,2025-07-29T09:53:21.000000,318213
sigs/SRR28542765.sig,23b03bc7f5d0aaeb4fd0e4052941190d,23b03bc7,21,DNA,0,1000,10688,1,SRR28542765,,70d3e7fa7ef2cec8a609883891e76e253e7ac40927732086f9c1be035cbc9d10,2024-04-05T17:37:35.000000,315244
sigs/SRR13407319.sig,4eae5a93d21d13e878ba6458598bbcd0,4eae5a93,21,DNA,0,1000,10706,1,SRR13407319,-,5a7bfd8009de46690956fb57a1c0130ea3da14cd80c6d56d3b429a75a35ad107,2021-01-12T17:03:30.000000,304953
sigs/SRR31237909.sig,43dde2ed12cfa7e6d6da1e672e9e3a4f,43dde2ed,21,DNA,0,1000,10730,1,SRR31237909,,240396b0e2c6568548f2d24569aa27c6e5e0ed0682e85eeedb242b82d7a04938,2024-11-07T23:59:17.000000,303508
sigs/SRR26257138.sig,caf0a59b411e97e9616dace0d69ec64f,caf0a59b,21,DNA,0,1000,10780,1,SRR26257138,-,a287557eef9113835a5c0fc556000e2b8d7afd9dd621868bc3652137c0417c67,2023-10-03T19:14:50.000000,321432
sigs/DRR677013.sig,672ecf6a43157a8f47f3abbe7a8a1abb,672ecf6a,21,DNA,0,1000,10832,1,DRR677013,,143eb5547d12c118f6ff0225fa0005b55793c9fe4a42b3c975e86bf3e887038e,2025-05-18T18:51:06.000000,270054
sigs/SRR30865615.sig,21ba6f7a67a0022de1802349b04bdf39,21ba6f7a,21,DNA,0,1000,10844,1,SRR30865615,,3e44d3c16b6b8d60e57398af53431fd456ca0ce05399e3f209fee3e6f7644d9b,2024-11-01T16:53:10.000000,321848
sigs/SRR24977750.sig,2995efbcbeb30638ad6e4b9d3afd1300,2995efbc,21,DNA,0,1000,10884,1,SRR24977750,-,fafe7c2501b92001d3657284064393fb2b91122b75cfc023380a0217ce095b55,2023-08-24T05:24:41.000000,319654
sigs/ERR9464949.sig,36c8d54f7e983a8c8712e0d66d1ad6b2,36c8d54f,21,DNA,0,1000,10907,1,ERR9464949,,dcc3e331d2a4c290957222f103caa2b94c1bae6671ea94c9d19de3242225223f,2025-03-03T04:42:46.000000,315783
sigs/SRR6503216.sig,1aa26b16fb600a683cabe738c366c377,1aa26b16,21,DNA,0,1000,10959,1,SRR6503216,-,15165a6c429b4ba4230a48b335e351b9d1e0b474dc663afb052491e983b6eb3d,2018-10-17T10:42:32.000000,198588
sigs/ERR4815651.sig,27abb8bcc4275f22c1b26909058fc02a,27abb8bc,21,DNA,0,1000,10979,1,ERR4815651,-,639721da730a0794179a7641d1a15992aa30443f8cf6cb680d65b8de46d38563,2021-12-05T05:16:36.000000,291690
sigs/ERR14867593.sig,c230e5dc21d2a45161c2e27a7bc009c8,c230e5dc,21,DNA,0,1000,11053,1,ERR14867593,,3a22da1756bb4613744ce4a737210899e8370b3a2a377635853d94917eaed610,2025-05-07T14:39:38.000000,327925
sigs/SRR26848200.sig,c8afe7c967bd896fac399cb06678412f,c8afe7c9,21,DNA,0,1000,11069,1,SRR26848200,-,446bdbd5bfabf6a43f8357d91f3699667d4a8887c4cfb6ba1ced3d6c577cfcce,2023-11-17T20:09:53.000000,319025
sigs/ERR521411.sig,3a3a2b1dff544777d4114751655cb89f,3a3a2b1d,21,DNA,0,1000,11073,1,ERR521411,-,1beaeb9fa74d53bca2630263d75d46cbd1082a4ee6e9aee75763c37ce663d1fe,2020-07-08T18:00:56.000000,272150
sigs/SRR26855084.sig,6974a28d63c2cf530e8f7d74c87b1d4f,6974a28d,21,DNA,0,1000,11150,1,SRR26855084,-,8c27147e85603f4286a70cf9d928a2f54439648504b75f5a7bb9cad3f3f6160d,2023-11-17T20:18:13.000000,337391
sigs/SRR15098939.sig,c352a7c3c99bbdfe56b8f57bf729fad1,c352a7c3,21,DNA,0,1000,11157,1,SRR15098939,-,cf53b3227143781c39fb9201293445633441c646902e0e2ee583796e1a415ac1,2022-06-01T19:29:16.000000,339963
sigs/ERR8015120.sig,56639d239f79f346d9882b02b0ed5c43,56639d23,21,DNA,0,1000,11196,1,ERR8015120,-,56c68a4c79ae774da9d9f0592d6a204ff4b3eb93d327588f6204c8fbad91bd7e,2023-08-25T13:04:13.000000,337173
sigs/SRR32741571.sig,85af1962e6d892c15d9d0a67ae7e3a12,85af1962,21,DNA,0,1000,11250,1,SRR32741571,,246ca90cfacfb2d1af4f2fb361cc407cffaadcee68b00b25eea1c0f59552fd96,2025-03-19T01:25:37.000000,319192
sigs/SRR17280436.sig,98540113f4c735d4ee5cdb5c44d0d954,98540113,21,DNA,0,1000,11271,1,SRR17280436,-,9c3a801cbd8d8843477d7add83e0f27cb3feac14a18a30a864dbebb87f417511,2021-12-21T17:07:24.000000,307849
sigs/SRR11080651.sig,3a836219ad40079ad8d798e649598fde,3a836219,21,DNA,0,1000,11318,1,SRR11080651,-,97c9840576ab7a7a2a513a37dacdd5bdf49b420b8a45609c7c08bb1423bec624,2020-02-15T04:23:47.000000,410534
sigs/DRR676551.sig,f814e8a481bca7711cc34f63e80813bd,f814e8a4,21,DNA,0,1000,11361,1,DRR676551,,ba95e16bc3fa63db003ef4fb2a3099ea7766a8a6085d529a7fe570f989016b98,2025-05-18T18:50:15.000000,301432
sigs/SRR21231616.sig,ab205cade241aa58cd5d1324e91f45b1,ab205cad,21,DNA,0,1000,11408,1,SRR21231616,-,659c8abbc03d201dcd8f2edf0b25ed1beacf02b0f50457ca8c13430d5767932e,2023-02-06T19:11:27.000000,376038
sigs/SRR12912363.sig,6f5fd8b115960d8bf3d4a0bc3836f7cc,6f5fd8b1,21,DNA,0,1000,11478,1,SRR12912363,-,419b9f925cf604e928e474deec428a3733d5ef8d23902bfa077e78f41e040e1e,2020-12-13T11:02:33.000000,174969
sigs/ERR13347066.sig,e16ebda5bb61abd598dc0cc1bf9deecb,e16ebda5,21,DNA,0,1000,11485,1,ERR13347066,,3b2b73f8c104515bfe42af616a455dd41b53e814b010c6969a41085494207d87,2025-02-13T23:16:46.000000,342931
sigs/SRR23612049.sig,cd6ed211ff8d9a0bf92ebf8e5608f394,cd6ed211,21,DNA,0,1000,11487,1,SRR23612049,-,45e94080320c53758ac700da6c4789c9461e2ec6be1f2b04de0349c0b2365e17,2023-08-25T05:18:48.000000,334425
sigs/SRR33982153.sig,bab31745ad52c1b6a227e8c31af3fda0,bab31745,21,DNA,0,1000,11494,1,SRR33982153,,06d043c2935da3317c72e12cdf23c899230c058508fcd13004eb2dc97f0e044f,2025-07-04T09:50:57.000000,315850
sigs/SRR26989242.sig,2ac8460aa8cf378c2cd71ba8ba58101d,2ac8460a,21,DNA,0,1000,11506,1,SRR26989242,-,3c13e33be6af1d2a1833efdf428e3b33fb75f9fc08cf71d3b91715ebbb9957b0,2023-11-30T18:14:56.000000,323886
sigs/SRR29188938.sig,57a33057d96a8731ac5f29675a46da91,57a33057,21,DNA,0,1000,11608,1,SRR29188938,,5df6ee90c3ebd9bd7d4d44c8c348dab206819ac7596aff4b6be60015f02d1684,2024-06-02T10:30:49.000000,321775
sigs/SRR9082508.sig,cc6a04e479a72dae54642a32bf6f75ac,cc6a04e4,21,DNA,0,1000,11625,1,SRR9082508,-,83175f8314388fa21701b2df90bf259d076867deb55bdcd6a8182eb8c1e21bf1,2020-06-18T01:26:13.000000,384295
sigs/DRR428024.sig,aef17afcfc8e8ae95d808c87ec842069,aef17afc,21,DNA,0,1000,11679,1,DRR428024,,9c2df2723c67f3eb98f96cf97b2cae9a83ff65012f5ec6f79faed18a3f55973a,2024-01-13T08:20:54.000000,338665
sigs/SRR30252051.sig,5c4664da154e9e80aee5f109f2a7c87d,5c4664da,21,DNA,0,1000,11691,1,SRR30252051,,3fecca389a62e44cf6190a3c4c92fd3bb49439565163e0f80846e5594483f46c,2024-08-16T21:14:20.000000,346991
sigs/SRR29188032.sig,75d048a9ef9beb137fe3ec0aee25beb1,75d048a9,21,DNA,0,1000,11715,1,SRR29188032,,5c324c41767029d81f89aa4100c55e6ddc3b35467026c7810855190eeef59c72,2024-05-29T10:30:59.000000,340555
sigs/ERR5863775.sig,2a712409dfddc1d33c249380235d81bc,2a712409,21,DNA,0,1000,11717,1,ERR5863775,-,d8c2fe2ba1559fccecedf23f7c6733e87b168855f92cbe7e2ce906e11dcd9e2b,2021-05-15T18:01:07.000000,340463
sigs/ERR12360637.sig,aac930fc1ed5d04ae4fc50c8a460e5e7,aac930fc,21,DNA,0,1000,11746,1,ERR12360637,-,6b941408daab171abb48d14f3884ddbff6a8dd6007df4d90761718121fa04542,2023-12-18T20:47:29.000000,358477
sigs/SRR17007552.sig,1fdf3f5244f70041c3baa66df4e4fb27,1fdf3f52,21,DNA,0,1000,11778,1,SRR17007552,-,ee8d88733db88f43f64c9c3559edcb69d9b7679e7751fdedd98c48aae36d6f4c,2021-11-23T17:03:54.000000,347564
sigs/ERR7960583.sig,f9e56e3f8e203aaffdef715565267628,f9e56e3f,21,DNA,0,1000,11808,1,ERR7960583,-,3e3caa55776e7cf1206257404489bc65fe6c0436d36ef24a72b44d5dd1248436,2023-08-25T12:44:05.000000,367193
sigs/SRR7241942.sig,09af4a88fc5a5ef65c240d7ef951acff,09af4a88,21,DNA,0,1000,11835,1,SRR7241942,-,c26f5e6e59e7cd1e4958571d63cbe4c5d66c81fc69e0deff4071102fd4caa0e6,2018-11-06T09:56:29.000000,417668
sigs/SRR21508990.sig,7c650fbfdd36ef968ee412e748f8d1c3,7c650fbf,21,DNA,0,1000,11848,1,SRR21508990,-,8926f5c885774af10bd659387f544a366f812ad091e95958b0bc3d1539c355c6,2023-02-06T14:51:20.000000,346090
sigs/SRR27488217.sig,d7a6a7a2fd48999e25dd2c98d008d20d,d7a6a7a2,21,DNA,0,1000,11888,1,SRR27488217,,9cd3ba9075dc45d28c7543ee40172e2154072ed46381aabe48a420d541529456,2024-01-14T00:22:21.000000,345251
sigs/SRR22763722.sig,b064e5a7a31616e26fc556170f20ef20,b064e5a7,21,DNA,0,1000,11909,1,SRR22763722,-,4406b2f63143eeb0780abc26e7f4d21a1971d639591e04ef93d95d4ae1709d9a,2023-01-28T02:02:37.000000,346640
sigs/ERR10082547.sig,592bdde019dd3966ea3b8cbdbdeef177,592bdde0,21,DNA,0,1000,11970,1,ERR10082547,-,5ec5b9cb0db402b85713ec500395e6f7c3099952ea94b317b9ba7830b96b7fca,2022-12-29T21:44:15.000000,229778
sigs/SRR28041255.sig,7ef9e1e277ce7b6c02d429292d2768d2,7ef9e1e2,21,DNA,0,1000,11973,1,SRR28041255,,cd3c34a2d2ec728c873dae0cd7a9d76f81255dad5193ebe48df2dc68e771fae1,2025-07-03T01:30:27.000000,378514
sigs/SRR20042279.sig,ea8a112b0cbcce489945ac10831870be,ea8a112b,21,DNA,0,1000,12048,1,SRR20042279,-,b7d9844ca8848a62de47e099840bb460d64d459f7422ce7ac8ade6c5d85ad106,2022-08-26T03:23:43.000000,453426
sigs/ERR3523202.sig,4da2550cef653da43ecd48468089b479,4da2550c,21,DNA,0,1000,12067,1,ERR3523202,-,cac2f191d444c1fb7c9ac4b77367145468b3535f00f50b48ea5ea78e7c6f12f7,2020-06-09T04:15:13.000000,368883
sigs/SRR9088803.sig,4dea77feb8b47558f509299f48698f97,4dea77fe,21,DNA,0,1000,12088,1,SRR9088803,-,adace54dabd39dd77420ad92f054d77e118f6e03b6892bb70d27459680120c12,2020-06-18T00:37:53.000000,401992
sigs/SRR9843033.sig,9ede789a507f18be118ca0e1fefa86b6,9ede789a,21,DNA,0,1000,12116,1,SRR9843033,-,c0fec7e16b005d9beed62e483349f44dad87a1c71fe8f8ff7a6c7ca039b9bbf2,2020-06-07T01:41:19.000000,357713
sigs/SRR24479585.sig,5b124353a874c8012f170923d04cb63b,5b124353,21,DNA,0,1000,12119,1,SRR24479585,-,9c0d5afc17bbbaa7c3091db4d0dd57258bdfb46eb969bc7313ab511df2dd890b,2023-08-24T06:55:44.000000,170602
sigs/SRR28412750.sig,7c07e8f85f03cbcdcc3bdad076b08137,7c07e8f8,21,DNA,0,1000,12149,1,SRR28412750,,4c16d9f8de544b33a844506857864ee09784dead3a751a30c378baf89f9a7212,2024-03-24T15:47:08.000000,372967
sigs/ERR3950052.sig,691bd39a5b38839b4f03dae856e16567,691bd39a,21,DNA,0,1000,12171,1,ERR3950052,-,0cdd4e5ff93ecbac5816e0038595e9daaa177f311d5b3b136bcc94d9dc9b6a29,2020-05-23T08:42:50.000000,355359
sigs/ERR12182827.sig,78c649b9c4fe5f24c50e2563e0700252,78c649b9,21,DNA,0,1000,12196,1,ERR12182827,-,c39b0af9d16b216733cf5562f74d1b64ae5348cccab2f6796d672aa0f1d71930,2023-12-07T23:08:30.000000,368642
sigs/SRR8214942.sig,0dc4854ff3eb345e7978ef5168e7e1eb,0dc4854f,21,DNA,0,1000,12215,1,SRR8214942,-,1599681a6f0c8888c664059cadcb4156abd2bb7a811822d18c94fbd5d3b002d2,2020-12-13T10:46:16.000000,183039
sigs/SRR11073852.sig,5a3eb5f7b1484691f0bdd5f3a06affe0,5a3eb5f7,21,DNA,0,1000,12220,1,SRR11073852,-,61c51cfc1110c171ced7e275e076f9d7ba22faaa21d434f8693903c0ba881db4,2020-06-09T10:14:34.000000,370875
sigs/ERR1700038.sig,edcecf3c6b93c41fdf9591c67f94002a,edcecf3c,21,DNA,0,1000,12234,1,ERR1700038,-,4f139e2a3cc1c2258b043a2b2369820cc5956435202f3a0b1aac09459ffa1d5f,2018-10-05T19:26:06.000000,421665
sigs/SRR13837472.sig,dff6dac1193f5ea124bf3ca9bd854ab3,dff6dac1,21,DNA,0,1000,12244,1,SRR13837472,-,1974d3f8a41a9e39447c58a1a40b65345f012d3448750f16c716e9ea8381174d,2021-03-13T05:12:04.000000,358943
sigs/SRR15736489.sig,5bdfdd1e8d72bbcb7c9120d6e6960f86,5bdfdd1e,21,DNA,0,1000,12285,1,SRR15736489,-,c1f3d770a084411ab31dc1414eb4671de8b3626513c53ad29c9e74e851718f6d,2021-09-08T18:26:17.000000,177631
sigs/SRR8060802.sig,63ce48e3e2ac0417e4a244402b1fa9c5,63ce48e3,21,DNA,0,1000,12294,1,SRR8060802,-,21ed6dc67ca59b9bb05f2f26008b8a747be80998aa6efff5f44de0c5a476a8d1,2019-01-03T02:07:43.000000,444299
sigs/SRR30679907.sig,79a716511c4b33f8b057fa50cd82c24a,79a71651,21,DNA,0,1000,12312,1,SRR30679907,,b60d13ff3770d58babb0384c80760217ec5e9e71b9959d8c5a685ffbf5ab29d2,2024-09-17T19:03:17.000000,370802
sigs/ERR13166023.sig,e3536557439f44befbc96fa1c77c83f9,e3536557,21,DNA,0,1000,12319,1,ERR13166023,,9ad0ffafd0d38fbcf80444f30d3e567d29c991cdc841e294742539bc861ef403,2024-09-13T16:15:52.000000,364695
sigs/SRR14889752.sig,094df18ab3ad2093c4cbc8b1c40e67f7,094df18a,21,DNA,0,1000,12321,1,SRR14889752,-,c27d9076439b2c3d022e58dfde6034ee04fcaa5f6541ae2b4b30ef3142322293,2021-06-24T17:04:35.000000,345810
sigs/SRR22189681.sig,9f8fed84ab3dd27fbc28cea79fb35689,9f8fed84,21,DNA,0,1000,12330,1,SRR22189681,-,a8badb4424921cf24254dcbe446fb21b544149643755349588292c46466302c4,2023-02-03T18:52:30.000000,373055
sigs/SRR20044456.sig,350e0857f88bacdb7b9ae56bfefd0038,350e0857,21,DNA,0,1000,12362,1,SRR20044456,-,52a497459b058d5f71702d495efd83f05f72c4b0fa6c051c24b17636dc62adcc,2022-08-26T03:21:57.000000,473242
sigs/SRR29507398.sig,67aa51629d2be1042730dbef542bf1d0,67aa5162,21,DNA,0,1000,12396,1,SRR29507398,,9545bd3fcc0852f7af662a5326704b4511bfc993810edacb9966ded4d23a1636,2024-07-01T04:33:50.000000,390209
sigs/ERR2446514.sig,8f6384b4a539381e69cf06b0590683ab,8f6384b4,21,DNA,0,1000,12416,1,ERR2446514,-,641fb66f9ad959b57336334b483c1fd0592f72caa23d60f545933de5ea98658c,2020-06-07T01:28:41.000000,357827
sigs/SRR14866252.sig,8a3329733e5ee443354154a7c6d275d6,8a332973,21,DNA,0,1000,12468,1,SRR14866252,-,2fcf2ce8e5fc221e0d48010f4f09510043e1d928b7101a7e3883ca8e6396cf10,2021-06-21T17:05:53.000000,378679
sigs/SRR4453640.sig,9581865f958500cf1602d91e0e98a997,9581865f,21,DNA,0,1000,12475,1,SRR4453640,-,008af9bf7cc73b6a5d0b150fdc7dba136d1d9581f413222d2799a36d2e9584ef,2018-10-08T23:46:36.000000,468857
sigs/ERR11482775.sig,a36bc77d277feeef2e4a04b8146d5ea8,a36bc77d,21,DNA,0,1000,12542,1,ERR11482775,-,07dd54de705dc8332ecd5421f3fb25b2cc026b6b35d3af681d537b36df33004f,2023-11-11T17:34:37.000000,371706
sigs/ERR3275691.sig,f3ca7a378b277718e3dee13c686d1bce,f3ca7a37,21,DNA,0,1000,12608,1,ERR3275691,-,b15b215190173256ab6cfaafa51e0d990908101be6782724999248d6b8fbcd12,2019-09-25T23:38:19.000000,362411
sigs/SRR4069885.sig,cff19f8ab39405651a9200b876035bbc,cff19f8a,21,DNA,0,1000,12634,1,SRR4069885,-,a9d65c84173ee66706bf3cd0c89bc83daf459b6e675ef8d2ef4aa551f6dd2ce2,2018-10-08T23:22:54.000000,463203
sigs/SRR057977.sig,cc3a05587e413e32a1b61c4d2b2b1559,cc3a0558,21,DNA,0,1000,12648,1,SRR057977,-,d65d68a5a0c9244faa813286785fb50bbd6099a058a4104d5095e1617104ff08,2020-07-10T13:12:36.000000,440675
sigs/SRR18428989.sig,ea6f872d70b331929f9f914fb91b9933,ea6f872d,21,DNA,0,1000,12698,1,SRR18428989,-,622e8956fcdb9c516055a9c1292b13f0ec5e98212fa75707e53d8eac9b1d062d,2022-03-24T19:25:10.000000,364960
sigs/SRR2246315.sig,7243b40b07173f3290a8ece5f87a59a2,7243b40b,21,DNA,0,1000,12702,1,SRR2246315,-,1a66740aba0c264f36f3c3e085a3d1d1d5375c6b302f3d2e978f4b989fb880f3,2020-07-09T03:41:30.000000,299545
sigs/SRR23333117.sig,e4c844e0698375bf6f2fb3d17320dde9,e4c844e0,21,DNA,0,1000,12715,1,SRR23333117,-,6020c7fce7be20b9ca2345b9f22b2928288b85657a4bd818c9186b6f5d7774e3,2023-02-14T08:11:59.000000,352396
sigs/SRR27553645.sig,2da8e1e95bb680fd21210fb782e3d7bf,2da8e1e9,21,DNA,0,1000,12752,1,SRR27553645,,dd03cc57a2f1126f526ea8f182fd1500fe63d28c07cfb3c71fc0707229e06118,2024-01-16T21:31:37.000000,408137
sigs/SRR21656543.sig,c9c001d3463aeaaea145afc08ea34a21,c9c001d3,21,DNA,0,1000,12815,1,SRR21656543,-,f422c413d55625377230b711a26d5196970710d867a9d9e925f7b161620cd89a,2023-02-07T01:13:34.000000,381373
sigs/SRR29118182.sig,5e9c6fedfd1802f293c5376ff1d3412d,5e9c6fed,21,DNA,0,1000,12824,1,SRR29118182,,7af481cca6bc97517491361285bbe5323c1048dcef8a0ae13aae0d190cb0d40d,2024-05-26T16:09:27.000000,385805
sigs/SRR8088149.sig,2363c957b0a8f29f3543cd1c95444844,2363c957,21,DNA,0,1000,12831,1,SRR8088149,-,3b9b6fa81ae9274082b4ff58c484050efee898c79ab1bdbbf59660e52a6cc091,2019-11-19T05:28:16.000000,391451
sigs/SRR32822330.sig,7ccf71b518bebb0341766e33dff34964,7ccf71b5,21,DNA,0,1000,12864,1,SRR32822330,,256ad0602d8eb6662b2a0059002873cb178ba7c219dc253b863ac87a616be519,2025-05-06T05:19:04.000000,374857
sigs/SRR8502401.sig,c91db59736a2ff39aa703e3ab1c5ed0e,c91db597,21,DNA,0,1000,12866,1,SRR8502401,-,4c5ca9b72b91bea95d0f365b7b332c69de7d42b16df361945ae94d5c0b29d73e,2019-01-31T04:48:29.000000,407820
sigs/SRR2081775.sig,7dbad1ed1f21c10d0f0e2f0771945b14,7dbad1ed,21,DNA,0,1000,12880,1,SRR2081775,-,fc89087019f47ebd6651098228f192cf0cde7007f2f9a5402eef617c431d952f,2018-10-08T21:14:33.000000,449758
sigs/SRR19561758.sig,eeda385b8cb48bae626b42ab7fd22815,eeda385b,21,DNA,0,1000,12990,1,SRR19561758,-,3ef5d822dd122c3145e9323744e1ae17ddcae3d7f1f19cc9bbbc7a072813344f,2022-08-26T07:33:10.000000,384925
sigs/ERR14365695.sig,fdc52cf61bd05a1798fd530cbae1947d,fdc52cf6,21,DNA,0,1000,13023,1,ERR14365695,,80f54ef0887f57541da8a8c616ac4384b3cbbcbf09ffb7225689e1970aae3b80,2025-03-08T02:00:32.000000,386155
sigs/ERR15108349.sig,62c87112bb9c8f19ce0119717a75416c,62c87112,21,DNA,0,1000,13053,1,ERR15108349,,9029529c7b6d045529a9d032196eec05899ec426077c60756f7e118af4852885,2025-07-14T10:51:14.000000,182833
sigs/ERR6052936.sig,82ecf12910065a7bf5093774a1e20790,82ecf129,21,DNA,0,1000,13075,1,ERR6052936,-,764a843a17052dba6c089dd2bcd59d7cf2ae892d51131665a8c4d35d42aba134,2022-05-14T21:05:07.000000,403417
sigs/SRR25243148.sig,7f990115898a26e4c22c68df6328ea7c,7f990115,21,DNA,0,1000,13123,1,SRR25243148,-,5c1f4958f9f07dac47be80560c7e0f343df8c9642c95d6fca02859dbcb358b4e,2023-08-24T02:06:09.000000,487729
sigs/SRR32364821.sig,04a3b73a25ce865b0add25d70a1b4b61,04a3b73a,21,DNA,0,1000,13129,1,SRR32364821,,d015828d009d3f7da9c4d72721428905bb1ce07b80fdb3a578b2fb0102b21a6d,2025-06-04T20:03:25.000000,458328
sigs/ERR4845644.sig,16ed9e96e6d73e165b35025e990faa4c,16ed9e96,21,DNA,0,1000,13132,1,ERR4845644,-,1c12c6eaad4ea8b8c9683df2444bf3766fe87132af2271a162e03874b33b567d,2021-03-28T02:23:09.000000,374902
sigs/ERR14717507.sig,f81a807f018ce7709ea0b60459bf8b94,f81a807f,21,DNA,0,1000,13156,1,ERR14717507,,969dc5cb4cdab00a92a5be46f111e4f5fa3d6fd1c9c200b84d6aa419debc72c2,2025-03-19T00:06:02.000000,387078
sigs/SRR25005445.sig,ec44a9ff4ecd2e3bd9fd52ca9a7b238e,ec44a9ff,21,DNA,0,1000,13236,1,SRR25005445,-,0c718928f25901a2cd8b95d75960d9d11080ca41783cae7a716df6e2a4be0551,2023-08-24T04:56:54.000000,370827
sigs/SRR27984503.sig,7ce2e23039972716d80ccf329a16126c,7ce2e230,21,DNA,0,1000,13259,1,SRR27984503,,070c216ff377aec6d960dd37a21b748e2fdc6cdef75ab977e4ce9a6c2708a9d3,2024-02-16T20:28:14.000000,373160
sigs/ERR9955188.sig,34673b258a4e81217477ee43bd58b917,34673b25,21,DNA,0,1000,13309,1,ERR9955188,-,d53501c07687655abb312892275c70b17fff99e502f97e05957e37fa27d6626a,2022-08-25T20:59:09.000000,387268
sigs/ERR12731154.sig,326a8ec43d4bc7860377440c58dce9f6,326a8ec4,21,DNA,0,1000,13313,1,ERR12731154,,36af803d97fd7c863997bd3628497bbf1179d02c1516c78ce8af458a48ee4b4b,2025-03-02T01:00:16.000000,401196
sigs/ERR8771901.sig,76eba757674fff3069089e3c006dddff,76eba757,21,DNA,0,1000,13347,1,ERR8771901,-,fda60e872dbf77f5dcb4f5c96bb2b9fcae2970c6842cf62fa4f4579a03b08cab,2022-04-12T07:18:54.000000,392577
sigs/SRR29025686.sig,9463bc4cc836f07beebf4e6e147c78eb,9463bc4c,21,DNA,0,1000,13410,1,SRR29025686,,61602e1c176ce6d1a7e98392f0af255b94f75ba2872d10401981f29926ddf7a9,2024-05-16T00:49:18.000000,292846
sigs/ERR14942614.sig,a1b7f96bc7fb3dc4dd424c18a42a9f80,a1b7f96b,21,DNA,0,1000,13419,1,ERR14942614,,d4e810554b09df51efd6b105d2805f5b00a6711d0cd238863fe14a9752c2b385,2025-07-05T12:04:29.000000,396211
sigs/SRR30609488.sig,76b8da4c5024bf77e56b58db85e45686,76b8da4c,21,DNA,0,1000,13431,1,SRR30609488,,25d33c6b1ec9e23f7387398d14c1a14c50bcfa124cd32f176061c59e046ca27e,2024-09-11T05:33:42.000000,402019
sigs/SRR13262382.sig,77deebaaa75fe1aeaf9f13f6234265a1,77deebaa,21,DNA,0,1000,13454,1,SRR13262382,-,0dc8566c17157b2a428496f64f848d6c063e01cab646c9a163671f1f66a6c6b9,2022-04-12T04:20:04.000000,372345
sigs/SRR25168146.sig,a87eb718620f13af12831d3706c72ef7,a87eb718,21,DNA,0,1000,13483,1,SRR25168146,-,229dbabf11cb66c66920699e58fabb3efccc295397644a92b7d2f153a586ba32,2023-08-24T04:28:15.000000,389428
sigs/SRR31501383.sig,7db27852eee501899020f98f5be737ea,7db27852,21,DNA,0,1000,13534,1,SRR31501383,,c2a70372137d0cc7696458482be242313e11632224dcf9e87db9e8f10093f10e,2025-03-31T18:41:59.000000,431746
sigs/SRR23904433.sig,a4c60073fd12c0051606bf1c64bf9a37,a4c60073,21,DNA,0,1000,13542,1,SRR23904433,-,13331003ccb69b28cfff0163e0ef09a21a6aae7c2ebc955d33feec7dc10af32b,2023-08-24T16:41:57.000000,262455
sigs/SRR4254717.sig,46a6b08603b27538ffee220ae505a429,46a6b086,21,DNA,0,1000,13577,1,SRR4254717,-,29abb0a8af828abec3f1db826494866fb7558ff804aea67585e8d5eaf180f062,2020-06-21T16:15:00.000000,270398
sigs/SRR17303717.sig,2ccdcb151c29451b9e05f6fe16db7719,2ccdcb15,21,DNA,0,1000,13578,1,SRR17303717,-,c1b11a243e972b3e6055ad78f5b7d748d8ccd517857e42499451dff0a9cbd6e8,2022-02-09T17:42:06.000000,375204
sigs/SRR14993650.sig,07c135947b6ae7c4b67bb6b57723315d,07c13594,21,DNA,0,1000,13601,1,SRR14993650,-,02a7631a3996a794acab24d1dcded2aeb986a9435498c6cdf29ab81e435877ef,2021-07-02T11:03:04.000000,393845
sigs/ERR9822149.sig,c5fd06a5d7172ac7dd1e3bce02c78fea,c5fd06a5,21,DNA,0,1000,13606,1,ERR9822149,-,edde2e73d1016daaf69d741ab59b25f2abf29e3e64040f3cc28a5035c79c3388,2022-08-26T07:28:40.000000,390845
sigs/ERR15322814.sig,e0c60f9490a0d0724a9a335f9cc28b21,e0c60f94,21,DNA,0,1000,13620,1,ERR15322814,,f77782c46503781fc0e27f682d1aa0216c9fdd9854ce06a5fe9b2f6d82bec090,2025-07-29T09:23:39.000000,398070
sigs/ERR10672673.sig,4f8b23bddc8ef948c8a966e31335c4c2,4f8b23bd,21,DNA,0,1000,13660,1,ERR10672673,-,fb65c757937a514a0111fbb5e93498592bebd117654c7b83cbb99c38dc83d50f,2023-01-28T01:20:55.000000,404121
sigs/SRR25158811.sig,0e6770d29acb59d74067ede0ce30c34f,0e6770d2,21,DNA,0,1000,13681,1,SRR25158811,-,7ee78bdf67c7f823eebb127117ab1f912c14eb45658aa10483bb36d0d81a3df0,2023-08-24T04:32:18.000000,391148
sigs/SRR13281462.sig,ab094b44800f96bf63c5b494ca421c05,ab094b44,21,DNA,0,1000,13721,1,SRR13281462,-,125423fb9209f15361b88860faf84cfbbae69bfb7cd643934c2320db7252e669,2021-01-18T12:06:36.000000,391917
sigs/ERR9386367.sig,d79dc82a4be45e83b92bc68cbe371048,d79dc82a,21,DNA,0,1000,13731,1,ERR9386367,-,67a439e0f1086529f758c332dd4b557e964046214534a501cc3e8358e5788e8a,2023-08-25T11:33:11.000000,410611
sigs/SRR25791247.sig,0e9b1c5c364d84c3acd95f2662cd7bf2,0e9b1c5c,21,DNA,0,1000,13752,1,SRR25791247,-,19171aa04c134b087aefd168e62b364fac9ecb93c40d4d5e1f259db4285168ab,2023-08-31T20:44:03.000000,366333
sigs/SRR32525169.sig,b0fcd3a064d9cb41a769b8734433e4f8,b0fcd3a0,21,DNA,0,1000,13780,1,SRR32525169,,770907f7c0acfbb5bed1c3eb8def89549d6515dc112d6f80938cae9188c12c8d,2025-03-05T10:16:09.000000,437276
sigs/SRR6072376.sig,658057efedc52cc69e1560137a3f079d,658057ef,21,DNA,0,1000,13811,1,SRR6072376,-,142c9702ad9c942118e46fb54fa7e1f97541f0359c04c113c69f94d2e7dbb6f9,2022-08-26T12:40:08.000000,367786
sigs/SRR25145516.sig,c66602d0e275d06b0e3a0e17e6b12083,c66602d0,21,DNA,0,1000,13811,1,SRR25145516,-,81448ccc62c9021a42589feee19469afc9194dd160a939c21b872a820a4f53f5,2023-08-24T04:31:51.000000,424926
sigs/SRR19173127.sig,1602b76316f90d1faec95407bcb72efa,1602b763,21,DNA,0,1000,13828,1,SRR19173127,-,df97cfe2219aff5e27dc34628673ef66a5c8490bb45e85fce0ac398df1017611,2022-05-12T17:02:51.000000,478094
sigs/SRR14638864.sig,55836c54b1b2c3a97a5df23fe7d71351,55836c54,21,DNA,0,1000,13842,1,SRR14638864,-,e46676bf5b9e1850e01300909de54b2b0513545d99dc1580b9e03eec9e41ee50,2021-05-26T18:36:47.000000,360151
sigs/ERR15322139.sig,4886e542d5515ec4dc5eeb0a1365cc0d,4886e542,21,DNA,0,1000,13853,1,ERR15322139,,b327d1a69491b910992a3fbef487b20f527e1c4f9ce129f5ac33897f29593573,2025-07-29T09:29:27.000000,398652
sigs/SRR8071118.sig,b23e36fa8c42165221e5f8cb1c1fd16d,b23e36fa,21,DNA,0,1000,13866,1,SRR8071118,-,982a90ff53bf3d6529d5a5f1d39b2c6616a685674504a191ac2de87b88c11133,2020-06-09T05:35:13.000000,409970
sigs/SRR29265221.sig,8debd5fd5c189c73ed897658afb13f88,8debd5fd,21,DNA,0,1000,14065,1,SRR29265221,,a1c3371ceb51e79cf64025b5d15ec5528ef57604475a82bb97d4533fedbeabbc,2024-07-01T06:15:28.000000,398414
sigs/SRR26473406.sig,e38cc1e6fdd050be6a5ecbe7ce122483,e38cc1e6,21,DNA,0,1000,14080,1,SRR26473406,-,4e2506d9ef9661d95a7a2e1a919b3b558106c9294bac829a7ed2eb3bcca57ca1,2023-10-25T01:14:21.000000,397650
sigs/ERR4817931.sig,aa509161ed9586ad81e21ed52afeb6a1,aa509161,21,DNA,0,1000,14088,1,ERR4817931,-,2794d54be6e4bae669dfb528db934cefbbacdb688bbf15aaa504cc218d36718b,2021-12-05T04:13:41.000000,405655
sigs/ERR5105861.sig,6ba4be4362a3e7d600d42c4eaf74c7c0,6ba4be43,21,DNA,0,1000,14122,1,ERR5105861,-,2bdb7fe68d3297422cc98f979327725253cdb8af0f439ab118211df388ea0303,2021-03-27T03:34:18.000000,421890
sigs/ERR11684899.sig,e1cee2a11b59d0674d8b420856eadb5f,e1cee2a1,21,DNA,0,1000,14128,1,ERR11684899,-,541372285cbdf4d4deda925e6b54179b7bba2c5cb78923eb14a4e160a696c7e8,2023-11-11T20:15:55.000000,353588
sigs/SRR14856479.sig,f9803947bf7e02aec88311e45a310769,f9803947,21,DNA,0,1000,14134,1,SRR14856479,-,9c3debece39026628ea066b782123e17521520906398d9f05c42696593cf7554,2021-06-19T20:40:12.000000,386432
sigs/SRR14514773.sig,d8b113e7c024f4c4afacea0e58234644,d8b113e7,21,DNA,0,1000,14161,1,SRR14514773,-,14a6d814ee8c4e93810df34d478c316421f4762b465be7b581b7099403b7d3fb,2022-08-26T12:37:55.000000,430178
sigs/ERR6362843.sig,62fbd2957858022341bc3a9e4308ca18,62fbd295,21,DNA,0,1000,14257,1,ERR6362843,-,e032343d8d9b14953814d4e496478afd0e4e4c3ed26dfda0999f9bdeb6360405,2021-12-05T09:36:50.000000,441125
sigs/SRR33853401.sig,6f5885d18218930f36c6b131021a95b1,6f5885d1,21,DNA,0,1000,14262,1,SRR33853401,,c64119f85684d0607824f96599e20076ab3e8e7f63ad59665f3f382553fa9c61,2025-06-08T19:01:16.000000,408338
sigs/ERR3865034.sig,c799179b761b715d2d6393c8026b978d,c799179b,21,DNA,0,1000,14322,1,ERR3865034,-,7c1968ed6072623ac16fc57d195f2c4acebd7362093bb8f4cc124eb00c200f7d,2020-06-09T11:34:23.000000,404381
sigs/SRR11466427.sig,8e37682462a8f0e2c12c82e1d62a24fe,8e376824,21,DNA,0,1000,14350,1,SRR11466427,-,b597f564e28290bc1d463a7ff31a01b4db4362d251140b1f604265166741d102,2021-03-26T02:57:28.000000,203082
sigs/SRR27957645.sig,284aa9f0ed532b3ccc752d1be0f3d228,284aa9f0,21,DNA,0,1000,14364,1,SRR27957645,,121558db9316de497c0d1aa1daf6d5d52d50247361440a4685d56c4a15197e67,2024-02-14T17:44:23.000000,412373
sigs/SRR24773381.sig,bdd7480ddf872394a510f17bbc94f593,bdd7480d,21,DNA,0,1000,14401,1,SRR24773381,-,b66124a393879af5538b6347b846825d1858b945f8d2ea42301bed163b265c98,2023-08-24T06:02:31.000000,425731
sigs/ERR11531369.sig,29ce79335fca43a1c75c6c88bee080ea,29ce7933,21,DNA,0,1000,14408,1,ERR11531369,-,4722d8cf9eaee6054f9f4486cfa32301fca7217ac2ea9b21e25ea711d9da1a8c,2023-11-11T18:21:03.000000,421396
sigs/SRR31123916.sig,9a56776b2fa02ea0427925af8e15cb74,9a56776b,21,DNA,0,1000,14420,1,SRR31123916,,99ac2bb9a6b54883f6de91762ba696eaaf8bfc993012c53f7864c38dd70d2c5b,2024-11-20T08:14:43.000000,413427
sigs/SRR29633131.sig,17f9e84d03174c0e5a1c893bcebd6cb5,17f9e84d,21,DNA,0,1000,14432,1,SRR29633131,,9252056305d821d6e6fac95e5a64d44b263784fe02e96b39c974acb63d781a96,2024-06-29T06:31:08.000000,435089
sigs/SRR22801518.sig,8ea1501001c572dc8d70b605f71aa19f,8ea15010,21,DNA,0,1000,14440,1,SRR22801518,-,358adf54ede8a502b21e4c392aeb477cf6574cc3202e72fae6827fb5fa446585,2023-01-28T01:01:40.000000,417459
sigs/ERR11465412.sig,2f4546242572a6b9ee3e7f9a5232e084,2f454624,21,DNA,0,1000,14451,1,ERR11465412,-,ab9af28ba360d8c0f959c7e948529f80739cb1150c772f403d78d841088f6783,2023-11-11T14:37:52.000000,414668
sigs/ERR13141835.sig,eea4b075f8d1adc588260400da655217,eea4b075,21,DNA,0,1000,14460,1,ERR13141835,,cc95db31b3386f4f729f6295e85b031cf948823e8f50ac2d3648a2e20f22eea6,2025-02-12T03:12:58.000000,339294
sigs/SRR15500360.sig,d351ebbf2813fc50639509a61f1f656c,d351ebbf,21,DNA,0,1000,14493,1,SRR15500360,-,706d11439c7eb6a768e124778019a22344ea7d059a71b72e58b6ceb7897c4c06,2023-02-06T21:43:02.000000,263810
sigs/SRR20083307.sig,f22d2a1d1d41ea2b6db6616d27216f33,f22d2a1d,21,DNA,0,1000,14519,1,SRR20083307,-,9b2822c56bb62fca08df1dc6ad75a3f2759c53403afb0e60b9f0c027eb8472e2,2022-08-26T02:21:55.000000,425577
sigs/ERR2909203.sig,b874880e276331eee81ad834377e2889,b874880e,21,DNA,0,1000,14534,1,ERR2909203,-,4d144c0e4bf928d72727cbdd630134b687bdc3e9055d7c2c543b4224b79f7fc1,2020-06-24T16:39:15.000000,387003
sigs/ERR5094931.sig,40e07814cd24d456aa214efec1405fa3,40e07814,21,DNA,0,1000,14553,1,ERR5094931,-,1c268a19432bf002c66ea810829c52a72258fbf27a3e0b67bd4843733b3cb5cc,2022-05-19T11:21:30.000000,497129
sigs/ERR5865476.sig,55aa758672f90a99e7defde400fd9319,55aa7586,21,DNA,0,1000,14586,1,ERR5865476,-,06be160f89e7b60aadbc867f7e916f8e1707298b5e0e13a1ff5139e29164c488,2021-05-15T17:23:25.000000,468429
sigs/SRR19768908.sig,43929f96ad60cfa93afa37cc2fcf2671,43929f96,21,DNA,0,1000,14648,1,SRR19768908,-,e09660c435d60035212efed534013bc46166318ca9272937f29ed2d87841269f,2022-08-26T05:29:37.000000,423188
sigs/SRR5761588.sig,3c9ae58a61235bed625342345cdd03d5,3c9ae58a,21,DNA,0,1000,14694,1,SRR5761588,-,48353d947946029ff0464712c99552aa78e7695da9777196117e70d9359500be,2018-10-09T01:17:04.000000,503922
sigs/SRR9877383.sig,d25bf98af25d6ffad7140f4db2dda0df,d25bf98a,21,DNA,0,1000,14704,1,SRR9877383,-,5acaca0b54bdf5da46026cf9f1dd5c38f40fe14b3ab7109991e83e504db28770,2020-06-10T03:53:04.000000,408632
sigs/SRR12334881.sig,f9d391bf93c8bd0fd2a913308192bcba,f9d391bf,21,DNA,0,1000,14734,1,SRR12334881,-,7029a43aa89487165ac3a2fe2872a458371ba53b8fedce9d3b2340d5aece1938,2022-03-08T00:19:34.000000,553795
sigs/SRR16038590.sig,3cfa35cd9b7d242dc6f46ebb5ce589b2,3cfa35cd,21,DNA,0,1000,14736,1,SRR16038590,-,71c47ec31ca631e8c26d0da73d5e98c6a3b64c7b6ca74cb5483cfbb9258b71b8,2022-04-12T09:02:11.000000,443645
sigs/SRR31278083.sig,774393972348c596ac670ed564c3e481,77439397,21,DNA,0,1000,14759,1,SRR31278083,,6064f5a0ec96a6fbd2f3bdc9aaa2e23a747bb1f44e568eb64203251e03f45ec5,2024-11-10T19:51:06.000000,411446
sigs/SRR18213897.sig,36ddedb285f74829f9229fb9ccd6af0f,36ddedb2,21,DNA,0,1000,14847,1,SRR18213897,-,99e333dc4f580d2ebb617b7274791ea4b82f94f00d63f67922cd698fd97d58eb,2022-03-08T21:51:16.000000,416596
sigs/SRR12520670.sig,59cefbff921678b09bf1c15ecb3e49ed,59cefbff,21,DNA,0,1000,14882,1,SRR12520670,-,f693c1a89d247033739b04250bd99554124504a10feaaab377df179bea1336f9,2021-01-06T05:31:56.000000,446601
sigs/SRR7265004.sig,94b6bede4bc034f3b88beb5e9accd0ed,94b6bede,21,DNA,0,1000,14893,1,SRR7265004,-,c91c65a86e3bd6923d167eb890e5f86c0603847584f735914e3f63136f2b53d0,2020-07-10T14:51:27.000000,224584
sigs/SRR30359058.sig,0bdd7eff687f2a1f53860d30834ec225,0bdd7eff,21,DNA,0,1000,14909,1,SRR30359058,,bb0b33df739a7b6ef93d67923aecd8333bde072aae5bb1501cdce797f2589979,2024-08-25T19:16:13.000000,420947
sigs/DRR207783.sig,b6741a176db49ed81647a40f132f7d42,b6741a17,21,DNA,0,1000,14935,1,DRR207783,-,1025de66c59bb092668f6186c31b52cae6f2bc16477a19c2685e9cb4a71168f1,2020-06-09T11:24:08.000000,484564
sigs/SRR34758688.sig,8c5f3441578e22ebb019d61524878cc5,8c5f3441,21,DNA,0,1000,14983,1,SRR34758688,,1dc2a8a9806184277c6c5a81c7aba5a16556b8942e40edefa6e33dec4880288e,2025-07-30T19:48:15.000000,439549
sigs/SRR5630202.sig,68771ff54049a0ea8a9ea209be7436dc,68771ff5,21,DNA,0,1000,14991,1,SRR5630202,-,6269519951de390d7eab21b6798c55743464a114c441af46584a04f4bde7c070,2020-06-23T16:58:56.000000,380046
sigs/SRR5323738.sig,4362aa8db16686f0c58eb4a9680f55bb,4362aa8d,21,DNA,0,1000,14994,1,SRR5323738,-,e554c3cf6230d9a9ded6bc86031e67f3d10f0a3e5985f09ce3258b1325a243e1,2020-07-10T12:54:26.000000,435149
sigs/SRR17302608.sig,9d4d269e5b1fdf1f5b05256a2e952e48,9d4d269e,21,DNA,0,1000,14995,1,SRR17302608,-,703f2f188713f86a913ea7baa8eedd2816060b3260f8ce35e845c2b7c286c615,2022-02-09T17:29:14.000000,405010
sigs/SRR11491079.sig,b3bfb568e980c6bcb728780e960da38c,b3bfb568,21,DNA,0,1000,15005,1,SRR11491079,-,f59d7701a0984abda8a4f8a1cbf69e0237161d8d7d10a9c04bfc36d7196ccfbc,2020-06-07T01:47:21.000000,449203
sigs/ERR13669517.sig,10095aec06c1571b96375f88a2b80864,10095aec,21,DNA,0,1000,15014,1,ERR13669517,,9ec0a72bdb8eebdc7fa6cc35b8335c41cdd9754e75ca4a5a1b64cfe2abd9d7bc,2025-02-13T05:49:20.000000,474828
sigs/ERR10440025.sig,b1456ce7bcd039988c1ba91497e772e8,b1456ce7,21,DNA,0,1000,15034,1,ERR10440025,-,ff4e2cb65e4f775c07993b15c688363b78fce993681f397b1997d09a907e9b26,2023-02-04T02:58:49.000000,423023
sigs/SRR8753382.sig,29995c3d7f72a2cc20a956dafe93faf0,29995c3d,21,DNA,0,1000,15035,1,SRR8753382,-,d031dc959e0a23683290214ad98eeee553f390f82cb11b4bac4467226b94f281,2019-09-25T11:34:27.000000,556921
sigs/ERR3812314.sig,e8867f1d4f635a9ae24792d575b64a2c,e8867f1d,21,DNA,0,1000,15047,1,ERR3812314,-,c0acae81d65cd4100914e47bffefaf5cfa14cde04cbb2b4f006eb1da7cccd4b9,2020-05-23T04:14:24.000000,434104
sigs/ERR9804076.sig,060282665d6bdf9ca86bd4cb39c13b87,06028266,21,DNA,0,1000,15050,1,ERR9804076,-,a3b48423c51fb704ee499d5da9f535f3692b9f12f93cb2349d4eaddb4d1f869d,2022-08-26T08:59:56.000000,450430
sigs/SRR7190355.sig,a30ad166f98e657baf3bc8fa1850c8b0,a30ad166,21,DNA,0,1000,15065,1,SRR7190355,-,141220cd9dc826c277a8f03579b157f48f100b9b2cfc7f90c3e98fdf7f077e9d,2018-11-06T17:34:33.000000,501696
sigs/SRR30894185.sig,4108c7b34a292cec2d98e5fefa86493e,4108c7b3,21,DNA,0,1000,15066,1,SRR30894185,,06f278f22c24a217bc3c7ccd01c49a99561afa3a5ac8eba1c98688cbd1978edb,2024-10-07T18:23:29.000000,428659
sigs/SRR23076542.sig,626d8049db1def6f6133fd1997131126,626d8049,21,DNA,0,1000,15068,1,SRR23076542,-,8be64b6c8be4b010722f05b4900c103196ce02233a7e250d94147ddc8dfad412,2023-02-15T05:13:58.000000,435789
sigs/ERR14856002.sig,4856ce2ff5eee507c409709c76ac0c6d,4856ce2f,21,DNA,0,1000,15073,1,ERR14856002,,219466a6af86ed13d3bc84b146bac77c946eb0bd93baa451c67d06c758066904,2025-05-02T04:41:49.000000,452034
sigs/SRR6652923.sig,bbddb297595e0ca51718600debdc40fc,bbddb297,21,DNA,0,1000,15075,1,SRR6652923,-,576652bc5ad7379ac36450ab03813b5280e7ba114cc16ca94f146d1c73374726,2018-10-17T08:00:43.000000,564364
sigs/ERR10227556.sig,b0e868927dc7e077388d2fd7616b8e5f,b0e86892,21,DNA,0,1000,15105,1,ERR10227556,,b5c98ed25a7df6a30d41dc743cac05ae14c6903a75c4e5e5dc0cffa1e42addea,2025-02-06T17:48:41.000000,430484
sigs/ERR4203913.sig,f1f071d9624adfa4ab167b0f0adc58db,f1f071d9,21,DNA,0,1000,15157,1,ERR4203913,-,432d335a6cde8ae1ff05053469350679c243c19257e57f68ff0f1eefe5d49adf,2020-06-18T18:23:52.000000,441247
sigs/ERR3410823.sig,b8ff9f95da57176a4f822c075836e554,b8ff9f95,21,DNA,0,1000,15168,1,ERR3410823,-,e97e9555d25e9aee20182314d68cee5b9f75dd20ff15a5145dc8752e3c3ea6b8,2020-06-09T10:47:07.000000,425880
sigs/SRR5051863.sig,dadf24f39b351706ffa0f33143cb5135,dadf24f3,21,DNA,0,1000,15231,1,SRR5051863,-,7afc270d97f5748f34897ce5fdb3f2917cf0a336ca906d785c5abeefde32a58a,2018-10-08T23:59:59.000000,423882
sigs/SRR8172966.sig,7cf7d20270deef5e65cf0429d76a6514,7cf7d202,21,DNA,0,1000,15258,1,SRR8172966,-,009535ff2e6cd896f8498b6b09b4899c757395db3893ce72b847514a3b01149a,2020-06-21T20:25:25.000000,312780
sigs/ERR3385431.sig,7fb3eff584ed31761356df11d59c5ecf,7fb3eff5,21,DNA,0,1000,15259,1,ERR3385431,-,db7fdd40a48283b71512fbc6083a7c7fd56afd93c2c7355b419f284b5aae1391,2020-06-07T12:33:50.000000,434877
sigs/ERR10672051.sig,0a054368869f0142a9fcc14c58f3ab82,0a054368,21,DNA,0,1000,15317,1,ERR10672051,-,e06505d70bf344a7d0bae25163a00c9d45b8c0a5e52ff181b268b692ee94b99e,2023-01-28T01:09:58.000000,453401
sigs/ERR2446429.sig,0becaa724e9fa500718b103a2f0e85fe,0becaa72,21,DNA,0,1000,15319,1,ERR2446429,-,a20c02d0a5caec7e498f327efede756d1206e731b618a356a91124c7490e68de,2020-06-07T05:21:13.000000,448261
sigs/SRR14507741.sig,b6dbe093496969f492fdaa2c7ee67e42,b6dbe093,21,DNA,0,1000,15326,1,SRR14507741,-,5f6b8b7075d2a65efd71f6c86f70658ca7993cd86b1a6315b684fbcd922d49a5,2021-06-24T20:20:26.000000,450778
sigs/ERR6415192.sig,436bad61df384b11268dd6c2297a4988,436bad61,21,DNA,0,1000,15339,1,ERR6415192,-,053740d54abfd59b647622be662da840e7884c0e412676919c8fbb760edd85f2,2021-12-05T08:19:17.000000,425491
sigs/SRR15881605.sig,76629cf4f90b6bb718bda9e75f4f8416,76629cf4,21,DNA,0,1000,15367,1,SRR15881605,-,0a4a67c80c63b0cebda30df7d085177a7d610d6e21a7ff36ff5d1b47fa98f49d,2021-09-18T05:39:02.000000,440105
sigs/ERR9837718.sig,b82f721563bfbeb3cc667cffe80f9ebf,b82f7215,21,DNA,0,1000,15401,1,ERR9837718,-,a47d79d8bd1adde9d74f639dcdb4d44d26e176d78537702a11d2f41cefa1027c,2022-08-26T06:20:11.000000,437196
sigs/SRR20969461.sig,0d37ed275330c999419cb987d3caac21,0d37ed27,21,DNA,0,1000,15428,1,SRR20969461,-,73aeb1cf82200899d5487b7d821c6a702b3adaeaea86ab58b3dd9d8422c28139,2022-12-31T02:59:38.000000,471889
sigs/ERR084123.sig,7d723aeaafa4397542890e03a890d077,7d723aea,21,DNA,0,1000,15435,1,ERR084123,-,066a4bbe62ab4d0bd11838a3c85da5fdfa70aec54570b9df7ad4862d70979de2,2018-10-05T18:09:08.000000,593972
sigs/SRR14472195.sig,5822b0a99ce728698e302decc8e149c6,5822b0a9,21,DNA,0,1000,15462,1,SRR14472195,-,26470b82f3381fecc4ab1744aaa487c5e8faa44ccfc66c46eb4c42cee129d73c,2021-05-10T17:01:06.000000,441524
sigs/SRR21439987.sig,092daecb82216a1769c9171b550de456,092daecb,21,DNA,0,1000,15584,1,SRR21439987,-,b6e863fcc21c10784e3402f9d34f2c7ab15ef4b09a2e5ddd5ba1dea8587fdf68,2023-02-06T15:34:08.000000,428163
sigs/SRR19755835.sig,5a444a614d5a178b3edb00ec33e51033,5a444a61,21,DNA,0,1000,15594,1,SRR19755835,,daba300eca83ee37b24e9c7d50fe32a8e844a58674a9158a14a4672d8b70b916,2024-07-22T02:54:55.000000,436406
sigs/SRR28409767.sig,fc87a031a4e9e3db43495cd55e1e9631,fc87a031,21,DNA,0,1000,15602,1,SRR28409767,,e81651156890d3e3263a9ffbac6bd22ff40392377b398c1927a62f0f0efaae22,2025-02-26T19:15:28.000000,500426
sigs/ERR2012200.sig,992b990c83b0a18f55c960b2182228f7,992b990c,21,DNA,0,1000,15632,1,ERR2012200,-,f982ad7a3ffdaed12c639bf51117f979fef5b0d7c14679db3078a622b6a14076,2020-06-19T10:27:58.000000,425468
sigs/SRR6486121.sig,488cc9e2e49fc1114e7d22be3f461858,488cc9e2,21,DNA,0,1000,15670,1,SRR6486121,-,0c851672e8bcdb0211cf83c228f27a498b8ceea8d94f4a92e4c6b198bbb24eec,2020-07-09T00:49:50.000000,419307
sigs/ERR9830822.sig,b9fb6419f135c5652bc0b4734672d34c,b9fb6419,21,DNA,0,1000,15698,1,ERR9830822,-,4f067bfa8018320b88b46ece52c6ec974fa626b6928047c8b03dced429b8c075,2022-08-26T06:57:22.000000,458049
sigs/SRR26217601.sig,36f868a23455116b97cadbedf21b36c5,36f868a2,21,DNA,0,1000,15733,1,SRR26217601,-,3ad56b5f5da38f274c73473e1dc5023f43e8424f4c52ccd3ec84cb6890718e6b,2023-10-01T19:19:52.000000,415166
sigs/SRR9088037.sig,388b401268324b7b56082dc82b28507d,388b4012,21,DNA,0,1000,15827,1,SRR9088037,-,fc87f35e38a4cbcc9d1b0bc080406441b011f4e9fc58413738fab7fa8b2d416b,2020-06-18T01:11:35.000000,508508
sigs/SRR27997813.sig,efdda05fa5c6ba502a95e1384fb30629,efdda05f,21,DNA,0,1000,15851,1,SRR27997813,,16b604482925c7884e3233d3f2ce15f31e335be86f44ecda19b198266531d859,2024-10-07T18:53:50.000000,335155
sigs/SRR29680710.sig,db09a6122096f52e4e34005383dab78a,db09a612,21,DNA,0,1000,15863,1,SRR29680710,,32b08e367b9b12b86e54ed6ae0e8bee03a3c954bb84a24f3dd7d2756dcceb365,2024-07-03T19:48:43.000000,489147
sigs/ERR8979832.sig,15baa9d5159d94c381293950044fd546,15baa9d5,21,DNA,0,1000,15890,1,ERR8979832,,84ac34abbe7d42685ea846d8a2b5dbe052e12b3e513d58ed9764bb8c7c7aa514,2025-02-08T09:34:56.000000,456454
sigs/ERR13303697.sig,11fee8d8e45ad530cdb1058f85e8bdf2,11fee8d8,21,DNA,0,1000,15899,1,ERR13303697,,c36618dc56cb8246a0e8391846d64e2e59b6d2465b14e58c56b8ac3055af0a33,2025-07-03T20:32:21.000000,488720
sigs/SRR29661717.sig,c2c0ecc0bd5c3a4d7bdbe7069275db70,c2c0ecc0,21,DNA,0,1000,15952,1,SRR29661717,,9aee4051ccb191c06e3f5747f1d9baa00c9262dea7c05d813ed9a0eb44a0a5cd,2025-07-03T04:18:47.000000,461824
sigs/ERR9828895.sig,255f7b2e1bbd4732d8f780619da0cbbf,255f7b2e,21,DNA,0,1000,15958,1,ERR9828895,-,9823a74c6984ce6ec8936ecbdeb5995bfd378c50d394b3fcd56d0cb93acb841d,2022-08-26T07:14:30.000000,466758
sigs/SRR22409610.sig,c6f1046e3caef43b9dea03259e245203,c6f1046e,21,DNA,0,1000,15960,1,SRR22409610,-,7a301ebcd9877944977370d70bfb9329a4872714a1cd110ba25a72973dde6918,2023-02-02T05:28:10.000000,444251
sigs/SRR21022729.sig,f12e6d84d1bc3a05bdb0089ac7e8aa8e,f12e6d84,21,DNA,0,1000,15984,1,SRR21022729,-,b4607178467dd7d3f8ac5e38e759490d8f1f59ad4ba71b1e5c5dce1bcc766391,2022-08-14T20:20:11.000000,472777
sigs/SRR13091319.sig,c2bc7161ecc6877597652882f55d6631,c2bc7161,21,DNA,0,1000,15986,1,SRR13091319,-,3053f872307e985ddc6e4e247a57cd9558395a427730548e7141178a8d08a9c1,2020-12-13T03:41:48.000000,512109
sigs/SRR16554915.sig,7bb0808321b3e79552911b9d09d4fe45,7bb08083,21,DNA,0,1000,16032,1,SRR16554915,-,0b27b3132d41c390ecc43448aab4949728b947498490d0bdfc06e84643f679b0,2021-11-03T17:16:05.000000,312267
sigs/SRR31171307.sig,fe2f70f186f1ffe0ca9ca83d81daf4fd,fe2f70f1,21,DNA,0,1000,16048,1,SRR31171307,,2cd2e6388dd9f1ce34a68a65ac12c2124a76ced3cfde4f02f2ddadf4e3bbdafb,2024-10-31T20:09:24.000000,325782
sigs/ERR1348967.sig,bf8c9665a77f4f9f52944d6675ee7d18,bf8c9665,21,DNA,0,1000,16052,1,ERR1348967,-,ce9262011e491ffe55a0dce36b262de6aaa14278bcc040dac0438bf61b8ac082,2020-06-20T02:21:58.000000,257415
sigs/SRR30817262.sig,660bbc43418ff899da6678cf9923868c,660bbc43,21,DNA,0,1000,16078,1,SRR30817262,,3472bd10a98c2afe40a895b070160f19d6338ba5c12f1c7a2e0941d7b2f80ed5,2024-09-28T20:51:50.000000,463494
sigs/SRR29495758.sig,646295f148516ffd23af6ac82923d06b,646295f1,21,DNA,0,1000,16151,1,SRR29495758,,14bb7b9c628c503774a8acddc42e5c371bd982dcc207b96cc065490aeb37216a,2024-07-01T05:15:46.000000,446248
sigs/SRR18331587.sig,e37b2836ea562d4ec79708ae1b3beb6b,e37b2836,21,DNA,0,1000,16199,1,SRR18331587,-,3f44917dc56292a91d244e8903bc619dcd6360b7a515bad2547d899769251ca9,2022-03-19T18:02:28.000000,479661
sigs/SRR12765493.sig,cedd5bfdf5801e2065cdbf96514c3fc1,cedd5bfd,21,DNA,0,1000,16278,1,SRR12765493,-,bda46ab989a960d3ca4995e29929ced0bfbc2980299bf1df12899371c39147c1,2020-10-04T17:02:58.000000,452201
sigs/SRR8901664.sig,74e7de27951955f72d3d381823176d82,74e7de27,21,DNA,0,1000,16285,1,SRR8901664,-,3977b195c9129ca0bca657767308fe6de6606ab2ad95e716a679790f172c0531,2020-06-07T14:39:50.000000,455069
sigs/ERR2783333.sig,cb23e663c797776b46368993ae2a802c,cb23e663,21,DNA,0,1000,16292,1,ERR2783333,-,d18efa692d2a657be18f443462ff0ad46122e40baf7db560df3a0a5219ce8a13,2020-06-21T04:32:42.000000,462000
sigs/SRR29203242.sig,3f745c482896751052f6ed00294869f3,3f745c48,21,DNA,0,1000,16326,1,SRR29203242,,bbb65487f0ba160fd31da6022b4fbd595b0ad91610dc926754ddd5c61196bde5,2024-06-03T07:02:21.000000,487853
sigs/SRR10666061.sig,45ee3d6a237db9c30609f8b058dcb461,45ee3d6a,21,DNA,0,1000,16333,1,SRR10666061,-,515513749068e7ab5073c4d6ad455d7d8ff5bdc52548adb0faffa3e35b27d761,2020-06-09T07:19:06.000000,461727
sigs/SRR10537746.sig,5c796a67dea84e34e3ab03b5c11fb807,5c796a67,21,DNA,0,1000,16343,1,SRR10537746,-,66ba815351bcec007345ab0fd81f86ca7cd3fbb01ddfa31801f7acd347385733,2020-06-25T06:54:07.000000,482382
sigs/SRR9916456.sig,8524d7c78392430de069e727084f74ff,8524d7c7,21,DNA,0,1000,16402,1,SRR9916456,-,cbf1f018f3a2eb6ef99cee9be62971e5efd5ce298ddedf70263f826eeffe0638,2020-09-02T19:01:12.000000,427667
sigs/ERR11067774.sig,b61cde17503e63c33539ab39e7f35669,b61cde17,21,DNA,0,1000,16411,1,ERR11067774,-,8b25c8e3aed2c4d80bf92b53469a5343221d0dfc74481f67221a93c4ae3a558e,2023-08-24T12:51:57.000000,478235
sigs/SRR29506702.sig,dabd856fede41127188d3662884d9dc0,dabd856f,21,DNA,0,1000,16483,1,SRR29506702,,c4acf0c76d5aa38755f9ec89208f11bd687ee653f43461293cd95c2de9344a8a,2024-07-01T04:26:25.000000,500095
sigs/SRR10593517.sig,cded19855f85d7c9cb850ba5e0055ff9,cded1985,21,DNA,0,1000,16545,1,SRR10593517,-,aaa1d15f6d11bfb8bda610ca6e763aabe9f4b3d328b92c42e1b00017d25c2a8e,2020-06-07T01:25:32.000000,448348
sigs/SRR8130824.sig,ce1d5ee0faa213eccb9acb007f301554,ce1d5ee0,21,DNA,0,1000,16551,1,SRR8130824,-,f0d013c1a8d2ce2f34c2fe43e666a644cd5f7da901bd7242bec7f81c620cca40,2018-12-03T22:56:58.000000,571114
sigs/SRR7184036.sig,dad859275afcb1e5e2b0a84ff01c5e8d,dad85927,21,DNA,0,1000,16572,1,SRR7184036,-,dffa9a8fcd146963f59e60a7bcb953e325a0f8b62e81cc7e7931298cd9624bc1,2018-10-17T06:25:48.000000,563934
sigs/SRR21599771.sig,86e29a302e7372da839550f0b180f636,86e29a30,21,DNA,0,1000,16583,1,SRR21599771,-,3d47e9e8d7e24071c35486d5e9431e09c280984f59db1f6edd0775efaadce88e,2023-02-06T11:00:38.000000,395739
sigs/ERR2436932.sig,d8ed22b7056e894a8d7ca04e4949d70b,d8ed22b7,21,DNA,0,1000,16652,1,ERR2436932,-,a00f92dc1d81cf1f1c78e6ef97d19830d5031aed10441ef5610a056c5b994092,2020-06-23T15:35:15.000000,406249
sigs/SRR28588191.sig,350037ad0a50049a62e891542acc9bde,350037ad,21,DNA,0,1000,16664,1,SRR28588191,,a840defaf895f55658071afc99d94d3d470b159b7914eec0db8c71a735b7306d,2024-04-10T12:43:52.000000,457797
sigs/SRR16644410.sig,dee0b18bed971a5773817a8d17ac1ba9,dee0b18b,21,DNA,0,1000,16681,1,SRR16644410,-,6714d1aac354d2306109c4de3ee1b8f3d595e52afea126e402eba53f2afb6044,2022-04-13T17:05:44.000000,477319
sigs/ERR4024452.sig,cf569901766a97a6ecb74e35337af1d0,cf569901,21,DNA,0,1000,16736,1,ERR4024452,-,68e63d669f606ef80053cb075eb671cb45cc5d829f77a104ef7e856c95031751,2020-06-08T23:09:27.000000,470686
sigs/ERR11009833.sig,96b2719dbbab7961c8a06b4dedad9cd0,96b2719d,21,DNA,0,1000,16755,1,ERR11009833,-,b252354cbd97559cf6320d6bd84ed433089df0154557d8fdfeab2f79a24cd561,2023-08-24T16:21:25.000000,496545
sigs/ERR3564086.sig,2d3e9ef57ee444345bb619b48e049c7d,2d3e9ef5,21,DNA,0,1000,16775,1,ERR3564086,-,981b76f937f861c62b3fe689a706bd426621ec6402daf061c77f7540de428ec4,2020-06-27T22:29:01.000000,465249
sigs/SRR31296150.sig,cce19604bf3890894513579967573efe,cce19604,21,DNA,0,1000,16823,1,SRR31296150,,b0ea1d0d32e935a2efd3be92ee8562c87b940fc16b851d6b42c7527de5771a61,2024-11-10T19:16:55.000000,471868
sigs/ERR11482928.sig,3a016f1e1433b7ade4935fcee40ceb4b,3a016f1e,21,DNA,0,1000,16852,1,ERR11482928,-,fe0e38911ef2e8753e68b1dc1a1afab6fb03567b03d5dbf33972e7045e63cc09,2023-11-11T17:32:53.000000,497913
sigs/SRR10399278.sig,6c6db8e69acf28760c04cbaf74781614,6c6db8e6,21,DNA,0,1000,16864,1,SRR10399278,-,8b9a6ef6175c4374bce268fb78b7baea1a07d01e764aeb87938c46077c2f7601,2019-11-09T03:07:27.000000,635020
sigs/SRR17007394.sig,b3de1a877bb64b0bb72cb4bcb2670f7b,b3de1a87,21,DNA,0,1000,16869,1,SRR17007394,-,336c8a1fb48c31350848c0d9e436b5fb36e0f0a74b70bde00496e78d7e4ede11,2021-11-23T17:02:15.000000,486856
sigs/SRR30608985.sig,718439a252598e878138e13651d6ef31,718439a2,21,DNA,0,1000,16880,1,SRR30608985,,01bada67e46a526a5d2868a99a89eddcdb5a3444d05efa2cc33a7df23eac697c,2024-09-11T05:36:31.000000,512368
sigs/ERR4501925.sig,057d2e5c4165194b18a715f93d1ac5d3,057d2e5c,21,DNA,0,1000,16922,1,ERR4501925,-,83e44ee92a5486095c4b16a2c1c9cd16ad2933e8714313ef56d4e362a837ca2b,2020-08-28T18:37:36.000000,493649
sigs/SRR1167828.sig,459613c516800ccd3a3e72df5a9b41db,459613c5,21,DNA,0,1000,16945,1,SRR1167828,-,43b91b79abe5a2676b39817fad013edc380efd618011d1ea927e38e0aa6b1df2,2018-10-11T10:30:27.000000,540059
sigs/ERR4057750.sig,9a3a8b8084512c6eb771b5eeaee21ed4,9a3a8b80,21,DNA,0,1000,16955,1,ERR4057750,-,754e2adc03a541d2cdb8eceafc2d97a2f28713db219d22666dd03fb12f57358f,2020-12-13T11:14:10.000000,519721
sigs/SRR18856804.sig,e73cf2eab5a06480c1fc0e3353893b9d,e73cf2ea,21,DNA,0,1000,16956,1,SRR18856804,-,76a20422620d329efd9b5bcefcc76f797b98caef890f11c5a7451749e7c5f97d,2023-08-25T08:13:22.000000,514448
sigs/ERR15325133.sig,b2b96388addc243f074a9dd165c0b209,b2b96388,21,DNA,0,1000,16957,1,ERR15325133,,bc00b0650afe3cd308d880ef30396a8d267c35c55c8a0b753994c0623f7db41d,2025-07-29T10:12:48.000000,490915
sigs/SRR23267018.sig,a071f660269ebfa8cf5a84b5de68b1fa,a071f660,21,DNA,0,1000,16969,1,SRR23267018,-,96e1fa8a5dc7403791c81576a2ad11a2a0d8dfad7f86a0142f832bcab5118c29,2023-02-15T01:26:02.000000,783507
sigs/SRR16025445.sig,8db073b14e4ad582d8a0b0844845c336,8db073b1,21,DNA,0,1000,17091,1,SRR16025445,-,72637994da995bbefc6764ba93fb9d04fc3a24aafaa18eb4fb37fc2051261483,2021-09-25T02:09:28.000000,470506
sigs/SRR25176814.sig,894feda2356386ceb7c4e5e387e3e565,894feda2,21,DNA,0,1000,17126,1,SRR25176814,-,e26182d6153f639f8ebd437ceabf8e169a81bb121a6829c90ef61c4d1bb06058,2023-08-24T02:15:56.000000,496076
sigs/ERR9850101.sig,be411e1ca8e5d303b88db1a1c8dfcf36,be411e1c,21,DNA,0,1000,17158,1,ERR9850101,-,0fdfc37bd102cd8b48b86014717bbf27ba16635c147162be4726233c2c9010db,2022-12-31T01:57:12.000000,499140
sigs/SRR18428962.sig,13f8320f66a0de89631dcddbdf52dcd5,13f8320f,21,DNA,0,1000,17160,1,SRR18428962,-,846e002158d64c795713b6712a9d084f236a75cf6a03101c10d95e8a5c248766,2022-04-12T09:32:03.000000,477555
sigs/SRR12549467.sig,2124fc12426de4f05b1a7efcff700563,2124fc12,21,DNA,0,1000,17165,1,SRR12549467,-,598d4b3b900cefe8f135e51ce349cf5d80c26c9dc25ab48af20a059f30f6af24,2020-08-31T17:27:12.000000,505838
sigs/ERR4819957.sig,d92b2ae4da6ef6dac35d8a43e1da4f62,d92b2ae4,21,DNA,0,1000,17176,1,ERR4819957,-,053f01fc4fe8596e5cb598997ccb7f6edac4b5e4fdb62560ed0ca1442ba764f2,2021-12-05T00:17:35.000000,478435
sigs/ERR10612049.sig,6295b82bbe1cfc9e1df857527b9c4ed5,6295b82b,21,DNA,0,1000,17182,1,ERR10612049,,4e5963db3238ec8ec49aacadb537ed2f7e2ae156a1b3cdeff3cc29c36f79e058,2024-07-29T20:02:15.000000,500348
sigs/SRR17023809.sig,d6e601bec9af6e860352a430117506d1,d6e601be,21,DNA,0,1000,17225,1,SRR17023809,-,0380926736b73cb061060aaa688c605ee3008a9be278b64a98042771c67f2c65,2021-11-25T17:04:12.000000,493645
sigs/ERR3864677.sig,23d781af109a2e0f9446e2cc083725de,23d781af,21,DNA,0,1000,17237,1,ERR3864677,-,0dd7162e16bf9b66c568295654b67d1c6bf07eaaa22edc09dfe3cf8847950bf6,2020-06-08T15:32:51.000000,485622
sigs/SRR2085498.sig,536b4a8eeed4333128472132c83238e6,536b4a8e,21,DNA,0,1000,17300,1,SRR2085498,-,2fd4cc4d94c6561ef84e7471ec3c06563f4e94e41563f8ee03967edb0cb5c166,2018-10-08T21:15:45.000000,555774
sigs/ERR2024394.sig,aa4203d5715d0d23babf4a9c37d505d4,aa4203d5,21,DNA,0,1000,17392,1,ERR2024394,-,fc3297c33b9e0dca386f2718f4c52a7d101df5d60ff643547bf23db2bb45a57a,2020-06-19T04:57:24.000000,457640
sigs/SRR10694496.sig,f58a08dbcebc629f4c4246b56a785cdc,f58a08db,21,DNA,0,1000,17417,1,SRR10694496,-,8d2254062fb559387a38cea18ab763d75fb41d7f1a4f846b4268dd672dc66700,2020-10-02T18:25:22.000000,484862
sigs/SRR9083359.sig,cca0a47c6d8c47b5be7b5293d84c8833,cca0a47c,21,DNA,0,1000,17417,1,SRR9083359,-,bafa9bee32741bfa15c494623bb03aa1caa14da58e2fdd07d7420ff17452d11a,2020-06-18T01:10:57.000000,545298
sigs/SRR6413017.sig,d38e82b83c795ecaa6a0ce4157346fee,d38e82b8,21,DNA,0,1000,17419,1,SRR6413017,-,6950ef470fde4309d191b93465f5f44466b9bfcb321b5cf7c15309a37ac8271d,2018-10-09T02:29:14.000000,657240
sigs/SRR8881901.sig,88c449bbbe1a2190176114495de5b43d,88c449bb,21,DNA,0,1000,17487,1,SRR8881901,-,cded8b8848811671f6e1971faf62a38be970f6d51bae55c56eaf31fdb2c385f6,2020-06-20T16:53:17.000000,598079
sigs/SRR2249513.sig,1fd667f6dbc7968f9a6765661ee66993,1fd667f6,21,DNA,0,1000,17489,1,SRR2249513,-,30fe6b392b69c5c674e7ab8c0c39a8ec4a57a177a20d987baba413701a52444d,2020-07-10T12:58:09.000000,403483
sigs/SRR5914448.sig,5afa0371180261dbf582ffdbe9faea28,5afa0371,21,DNA,0,1000,17529,1,SRR5914448,-,d85cd8c855252b352e1eb71da46cc1ec32e913a068a7ef4537fcc47e066c8d1b,2018-11-06T06:18:32.000000,611757
sigs/SRR21931169.sig,9b1407a6cc792f8097cc79d9df3423e5,9b1407a6,21,DNA,0,1000,17535,1,SRR21931169,,dffbe9e8db9e6aa2afb2475e079edc5c6a6fa18ea65250a62183bc85804142ed,2024-06-04T22:27:31.000000,381819
sigs/ERR13617185.sig,69ad4e1530e0c669093bb389b39989fe,69ad4e15,21,DNA,0,1000,17568,1,ERR13617185,,91ce26ca43e3ba1e98774b628d4866825a050687aeca9dd092c7fdf5b03b593b,2025-02-11T16:51:38.000000,507132
sigs/SRR30133275.sig,0c99de30c920048c71373f84a9572322,0c99de30,21,DNA,0,1000,17601,1,SRR30133275,,10d16035f9c3890c8c444996781a6bb4346b2ff2d757531615da5e347ff5c687,2024-08-07T04:22:44.000000,507852
sigs/SRR20668283.sig,4c4771dacddba209acc4994195a235f7,4c4771da,21,DNA,0,1000,17603,1,SRR20668283,-,242ef25ff63eece786b724b3ee204105545f5cbc630a6212445e2e1ef987dc7b,2022-08-25T14:35:16.000000,508931
sigs/SRR26370376.sig,91227ca3f5172f0a5274888088f3a009,91227ca3,21,DNA,0,1000,17605,1,SRR26370376,-,34285762c7b5146164c8f448dc6e8dca858ac7ec683f79eb1dd1ba945915e8a5,2023-10-13T19:09:34.000000,486925
sigs/DRR460838.sig,43cde9c1631b0ceddaad5cd35250ee0a,43cde9c1,21,DNA,0,1000,17612,1,DRR460838,,e6972db55cf5eeaf3a62bb0cdc95928393bc45d9dd0133b766f141e362bde783,2025-06-02T00:51:51.000000,504571
sigs/ERR12765273.sig,c486ed32af489736b885b7fc6f954088,c486ed32,21,DNA,0,1000,17624,1,ERR12765273,,054b530bc38df1fc92160e307e78f6657c870735f4b741fdec1de2d2b8f9ecea,2025-02-08T10:05:36.000000,506008
sigs/SRR23062606.sig,ddb91aa2797f8a1c5305829e0aeeb79c,ddb91aa2,21,DNA,0,1000,17626,1,SRR23062606,-,a4cf73f15de410de8020a0d22a175f9abd14b988b6cd51ae466e693a07064b87,2023-08-29T19:17:10.000000,411770
sigs/ERR14789166.sig,5a77b9896440eeee6ab1a1c7bb816524,5a77b989,21,DNA,0,1000,17652,1,ERR14789166,,696d5370238c99c7fe66286c288e90a38c864c7ab8d7a10f1d00d3c44feeea59,2025-05-04T06:41:31.000000,419873
sigs/SRR21786764.sig,9a3976bfc0e9423c032c2d7b3ae9c049,9a3976bf,21,DNA,0,1000,17707,1,SRR21786764,-,d35a04646b6753170d86afa0b755b84b033fe893ef3c106cf460c947fe498f5a,2023-02-06T05:23:01.000000,526534
sigs/SRR10337400.sig,343c02cb5aec7f7a35559a280aa3477a,343c02cb,21,DNA,0,1000,17770,1,SRR10337400,-,7e579ddc6247f0bd014569302025d94122094cb2c68ef8725211df3ada7e22d9,2020-06-07T03:49:56.000000,471492
sigs/SRR33888986.sig,5630e0e250003c5d7f754c07fe3ae4e4,5630e0e2,21,DNA,0,1000,17796,1,SRR33888986,,58c8f3af16c32c47e37636ba70beb000c3f68167af24818fdb8b1b778adf7419,2025-07-04T08:08:45.000000,515749
sigs/SRR11344107.sig,41514b5e247e7b9d12292f8f561cbd43,41514b5e,21,DNA,0,1000,17798,1,SRR11344107,-,c6dab3c35bbeb5d82ae3252ebfaf7672c15c3b82c1659ea75c66152db9a7bd65,2020-08-01T18:17:35.000000,581228
sigs/ERR13499300.sig,a86a83d894bf7f3c51f71a07412e8b34,a86a83d8,21,DNA,0,1000,17813,1,ERR13499300,,1aeffe7d424031860331cb43fcded5d075ddb9c5a57914c828da88b8f8f83291,2025-03-03T00:06:31.000000,498405
sigs/SRR30766534.sig,f0e51a0ac90acfb4438f6420e5f6ecdb,f0e51a0a,21,DNA,0,1000,17833,1,SRR30766534,,a76ecfb6b05d0360fef1d73ace1a361400c9170129fc454c3f4f521cdc695915,2024-10-23T23:19:05.000000,532630
sigs/SRR19019724.sig,9c92be4c314fb43d138c344cafdfb2dd,9c92be4c,21,DNA,0,1000,17866,1,SRR19019724,-,0dce1e5d38e6d578a3eaac4dfdbd7a6ce0f88fd8a9ab8e33031df2ab835834c1,2023-02-05T18:25:33.000000,686994
sigs/ERR3683612.sig,6c5620ea932dcc9ae38e2090833c3f7f,6c5620ea,21,DNA,0,1000,17870,1,ERR3683612,-,c0b324cd445a3367154b034b7d1fb665677b5e20a269c1bcf28ffb9532f1b107,2020-06-08T04:09:26.000000,500175
sigs/SRR16327937.sig,19a675600142723f70e48cc2cd785d77,19a67560,21,DNA,0,1000,17887,1,SRR16327937,-,ce6ff5b354dcd6772328d8d619b6314a71e19f14bdd4ebf06ca6aeb9c72e13e8,2022-05-19T17:08:36.000000,512216
sigs/SRR30627222.sig,906eba7c1940f2069e9d4e07bd6dc20d,906eba7c,21,DNA,0,1000,17911,1,SRR30627222,,4f842ca03fb3078b949355e7705cafe1492947061ac0d4254e422f020f84f213,2024-09-12T11:31:22.000000,533920
sigs/ERR3178552.sig,1bdedf6a34662ce97023ad76169e125c,1bdedf6a,21,DNA,0,1000,17914,1,ERR3178552,-,98bd105a7b3eb8167fa46232519e8c0e0ea20fababedccb51928a6583ce672c0,2020-06-19T12:49:09.000000,544778
sigs/SRR26405763.sig,2dfe6f8eb05db7ac9f608fd1c842f906,2dfe6f8e,21,DNA,0,1000,17960,1,SRR26405763,-,72c057f12b2fb9504cde77595177f6795343c69fb8e1b5633f99c9b38c8d99ca,2023-10-18T19:08:09.000000,559159
sigs/SRR12770062.sig,d7204783047838bb91b69bf4a399c9d0,d7204783,21,DNA,0,1000,18027,1,SRR12770062,-,70f5bd680bb4ac716111b593c673edf8f8d113402f8e7446bf58495284d0652c,2020-10-06T17:04:35.000000,474739
sigs/SRR30865665.sig,7219d0fd4333c0d5f8d2372a438a7bd9,7219d0fd,21,DNA,0,1000,18039,1,SRR30865665,,e7dbe9ca40f9d8886057f5f60a483650bd4d13a65c5bba1e6ddc1d8c14e49a29,2024-11-01T08:30:07.000000,518361
sigs/ERR12055815.sig,680d304f62744b28b8209526f2d27183,680d304f,21,DNA,0,1000,18045,1,ERR12055815,-,f3001ff64e44a0862b09a407a2411ed479f822dcedd022be445cddfa10b9b2a8,2023-11-11T07:05:12.000000,347725
sigs/SRR1655816.sig,83c574985be440ef068fa49861910783,83c57498,21,DNA,0,1000,18083,1,SRR1655816,-,74fbe28647e6785fa740a83dc6f6f33f96eca936cc435adf26dba69a14de4126,2018-10-14T14:43:21.000000,634355
sigs/SRR12387991.sig,3a2233748f262c611cf96e14f9e7d2d2,3a223374,21,DNA,0,1000,18119,1,SRR12387991,-,5d7f9b36d42b585fe0c488850d9845130e482c9d442b4fad3699a302e46f89dd,2020-08-05T18:53:16.000000,540728
sigs/SRR4449530.sig,0a7272414705a554b9f6de0c63bf91f7,0a727241,21,DNA,0,1000,18166,1,SRR4449530,-,9300c055b1d3bf420ae742a709a5aba8260e6797ce021d485e4bc40453ffd7da,2020-06-25T00:28:20.000000,460592
sigs/SRR13700736.sig,3572389ab679de472646108ba5098500,3572389a,21,DNA,0,1000,18225,1,SRR13700736,-,99d474953665a49d6f03f68a0bd3f19dac7500c8d1ff104864d5f35681e07dd4,2021-03-27T21:01:28.000000,502308
sigs/SRR35087732.sig,e0043ef010faea71788acae534782fc4,e0043ef0,21,DNA,0,1000,18244,1,SRR35087732,,0e4b02759a8e9393e12232edf13a10cb8d00cbcf1c77b4dfa97272caa42f8473,2025-08-23T20:16:38.000000,610591
sigs/SRR8552732.sig,424a56a303c4cec22d9ebaa5a3ff5210,424a56a3,21,DNA,0,1000,18248,1,SRR8552732,-,7886ee44f4dcf3586afa75ae85a9831c620c48308571383a1ce49e503cefec8e,2020-03-03T03:09:41.000000,583842
sigs/ERR12645306.sig,ce187cb67a7b5050922e2d8607e31268,ce187cb6,21,DNA,0,1000,18265,1,ERR12645306,,8f934e7916ca60d04d6403a751d67333c8ee58608ff29dbc3cf760278b14f955,2025-02-15T02:25:37.000000,563579
sigs/SRR32364702.sig,5d3fd92a2a39ea42385ec3e9d3de616e,5d3fd92a,21,DNA,0,1000,18290,1,SRR32364702,,904089b36c27ea15b24669dd5958820649b1bfd1476354bf40a6cc3fc9417f39,2025-06-04T19:25:56.000000,665196
sigs/SRR20725481.sig,0f1c55d727be75738ce69951a876fd93,0f1c55d7,21,DNA,0,1000,18293,1,SRR20725481,-,81c016803393bd621cd0353ac69fd1e24d12772b821229fa25bf35f7b57f68fe,2022-08-24T15:58:46.000000,515884
sigs/SRR17792576.sig,2ed7b155f70a2b0a0be488ad7a2f983d,2ed7b155,21,DNA,0,1000,18302,1,SRR17792576,-,e31fe226c61f9f09eb5a3e3df038061528090dd29f3aee578d3be0a7aa3916a2,2023-08-22T02:20:44.000000,664200
sigs/SRR5064175.sig,8b0a27ab6f30865adaa8bb6541932513,8b0a27ab,21,DNA,0,1000,18336,1,SRR5064175,-,9cc7aff783f10ba3bc05f095e674582018d650a83f522e7e22b2c4f90434dfd2,2018-10-18T00:26:55.000000,619997
sigs/SRR34985697.sig,db24c39f1a74c2671f44d91b6d73c416,db24c39f,21,DNA,0,1000,18365,1,SRR34985697,,a0bbb448d5e816fae69963b7ce44a838c319864970c739d2270d07a31e24efe0,2025-08-15T19:06:37.000000,493416
sigs/SRR19654584.sig,66bbfaf9ce7baddea7fa87cedc912b11,66bbfaf9,21,DNA,0,1000,18369,1,SRR19654584,-,dc58f16822ab08a324d8b96ab40b623159884976cd8a347043a53073afade438,2022-06-16T18:45:17.000000,524423
sigs/SRR13129285.sig,43ba7cd667990860bddaace56c1f2a3a,43ba7cd6,21,DNA,0,1000,18403,1,SRR13129285,-,c8d35c28e850beb3b6c4ba7d14165e88b7d4f84dfd3bcbe7e29e7749336997f9,2022-03-07T23:10:39.000000,519721
sigs/SRR29266036.sig,487b16d14d19626968df1a26d6c111c8,487b16d1,21,DNA,0,1000,18442,1,SRR29266036,,096ab03f2da963db3574b37e6ae1ec84cf75b02f9a6739f00793617320accaff,2024-06-05T06:52:57.000000,546765
sigs/ERR4292076.sig,6870362c711290004b02e75b0aba164f,6870362c,21,DNA,0,1000,18454,1,ERR4292076,-,dcf24c41f2328e3019837b96c5d930591cad5ef019a610edb4a7f5aafdef6303,2020-11-06T12:21:40.000000,505214
sigs/SRR8921998.sig,ce9f738fff2fa2d7305cfb326e081887,ce9f738f,21,DNA,0,1000,18463,1,SRR8921998,-,cde05bdf7679994671e4ffef0d304bb816dbc7d23d00c96e08c142723d584172,2019-09-25T23:32:31.000000,671352
sigs/SRR29116504.sig,62c79b667075b5c2004d4025dba5c646,62c79b66,21,DNA,0,1000,18484,1,SRR29116504,,b9245212de3fa4ffeebec698e1c5615556692addf4dce7c18fc145d90cbf0224,2024-07-09T09:19:22.000000,463203
sigs/SRR26394389.sig,ad052a96f95856daad3fca84501cab42,ad052a96,21,DNA,0,1000,18515,1,SRR26394389,-,c6ac3f23be41254cc983dec22a91d21a0b25e973b15a4b1c31ed39e81f0969a4,2023-10-17T19:35:19.000000,545017
sigs/DRR203232.sig,90858ae71bf8e9d2a00c51a0a4f29a50,90858ae7,21,DNA,0,1000,18573,1,DRR203232,-,48ccdbb6daa412794835d36388f49f97ba89b00e8b335f5fdde6b8685d88f5e1,2021-12-21T17:18:25.000000,572137
sigs/ERR12409797.sig,8c40e1b6204ed6ce876ce7afd2a0ae0b,8c40e1b6,21,DNA,0,1000,18593,1,ERR12409797,,8205e16e70bc59472dcbbbd3ff66e6241bc63cc760369c6a089db9bed8eb710e,2025-02-13T16:59:51.000000,620563
sigs/SRR29219078.sig,4dc4e4fd03648db6f888eaaad7bfe5b7,4dc4e4fd,21,DNA,0,1000,18672,1,SRR29219078,,1902e91a9f4aeca5bf59bdf08ad4986562f19d1f98d04d7b43d78a486018b47d,2024-06-03T16:19:26.000000,563975
sigs/SRR29114313.sig,3349227a5c7a36e6f608ee5e87f9490a,3349227a,21,DNA,0,1000,18672,1,SRR29114313,,45a3acce29a090c3e01b7838930c45fcf27a9e585c98d2d7e5791aa8c77df8ab,2024-05-24T01:32:46.000000,560963
sigs/SRR396868.sig,a4f500a35fbfafebf06c893755830777,a4f500a3,21,DNA,0,1000,18690,1,SRR396868,-,6040a5fa7065584baca551bbfee0f45fdaff1fbba41369b080a437baad7173b4,2018-10-08T23:07:36.000000,262431
sigs/SRR12551003.sig,20ecdfa1e9c7971f3042a93bfd4d59b0,20ecdfa1,21,DNA,0,1000,18700,1,SRR12551003,-,9a25354e1ab1354f051f9913849d19cc1dfe4f05782baccb4c3f62f0659e9515,2020-09-01T18:02:38.000000,536461
sigs/SRR23727314.sig,b0098e5350164a7346c1b7d212d3d8af,b0098e53,21,DNA,0,1000,18758,1,SRR23727314,-,6a7caf0faa658d0c634e24d680221e9bd833ca5ff080d3c4647e3bf32709a5b5,2023-08-25T01:34:06.000000,543886
sigs/SRR17323108.sig,e56c5df871216cbfc3263e5b4ebd8e38,e56c5df8,21,DNA,0,1000,18758,1,SRR17323108,-,4e91e3dfeba94af9c4378d85aebfdb09248b100a2380be918928dead0baed76b,2022-08-25T21:23:45.000000,397406
sigs/ERR14800285.sig,2864e6d558e7b05985547d9c0fbe6e9b,2864e6d5,21,DNA,0,1000,18760,1,ERR14800285,,7a111e8e13a08aa3b69252c6afc5d82ccb5db42a13e4766fecdc441c50f89d09,2025-07-08T07:32:29.000000,536420
sigs/SRR24485997.sig,4e765c2d3936922ca26eaa36b792c90d,4e765c2d,21,DNA,0,1000,18765,1,SRR24485997,-,8102152b89583e52e3d32380006fdb66cbf7d372f1fcb01417bd6f23375bacaf,2023-08-24T06:52:20.000000,257534
sigs/SRR10321173.sig,c5badc17bdd3c223662b8ca7a94cb3a3,c5badc17,21,DNA,0,1000,18768,1,SRR10321173,-,29edfe21369fc245aab12f9c93d25385e60ae8f26e1624c2ec4b4b6b29a6d29d,2020-06-19T04:20:02.000000,555095
sigs/SRR22403234.sig,cc7303064affb0c86ec500a06b585db2,cc730306,21,DNA,0,1000,18798,1,SRR22403234,-,49b0c3f0b0ab9b07db3203909fe526a6650de63dc3b1740f3e3ae66e0d26dc8d,2023-02-02T05:45:05.000000,513688
sigs/SRR6982998.sig,03b2996c2a99dc2902e66ac2fb02624e,03b2996c,21,DNA,0,1000,18800,1,SRR6982998,-,6818cfe47baeaa3beb5a5f1c494d133edcfedd47be2f3e906f32f6ba99619596,2018-10-17T19:36:36.000000,622920
sigs/ERR8772395.sig,42c175b43eaed4a3ab526c55051621f4,42c175b4,21,DNA,0,1000,18811,1,ERR8772395,-,c1d51463ea7e3e03a5559d41ab5cc060e03b797fdfd3a4d9dfbb99b4b39da44a,2022-04-12T07:41:08.000000,538518
sigs/SRR29184502.sig,f42a24f42f0522c2348fab162588d028,f42a24f4,21,DNA,0,1000,18838,1,SRR29184502,,57f167982c4dcd5e6807aaaaa8c479964737698f075436fcca0b1da7834ac958,2024-05-28T16:53:15.000000,522346
sigs/ERR7671850.sig,608fb160a41cb8aabd28ec4384c17739,608fb160,21,DNA,0,1000,18849,1,ERR7671850,-,5fc56b746885fa3bc2eda439e59f689e55bd52d1374d1e96a2ba039535eb5c3b,2021-12-19T17:01:40.000000,539234
sigs/ERR2692953.sig,88f8a1935275cd9463fb00853a0603d9,88f8a193,21,DNA,0,1000,18850,1,ERR2692953,-,1a271e79359eb527722cf176842473eff319637798c39cd20e9bb4884c8a4657,2020-06-26T16:03:47.000000,460386
sigs/ERR9527679.sig,3ce1999f5fb6b3f35751ebf252747415,3ce1999f,21,DNA,0,1000,18869,1,ERR9527679,-,1b6a990b7b9804b8365adf73f86231722cb311928ac7ada68391d2568bb87ded,2022-05-09T18:11:36.000000,651542
sigs/DRR634206.sig,074189f403a2dfec6089fafeb4eb9dc5,074189f4,21,DNA,0,1000,18894,1,DRR634206,,052547c5fa33731849a93a760b1866cd58ee4e3c7f288b2cb13b5f1b1586f09d,2025-05-11T21:29:19.000000,517419
sigs/SRR31253905.sig,e1ce4755c9f82b33fa2b4b25aec559f3,e1ce4755,21,DNA,0,1000,18926,1,SRR31253905,,a171c1c5be6a85ebcc81a5cb41d1b4f71afbfc785d84150518bc7cec82c00260,2024-11-07T23:59:54.000000,533187
sigs/SRR8433797.sig,e8de1f1db2a7685fbdf35434bd8fcfba,e8de1f1d,21,DNA,0,1000,18939,1,SRR8433797,-,e671ec5ffd78f1b548e9a5886f39f0421840307eede40faf13f4b4ca7ccf9b21,2020-06-21T13:13:46.000000,535143
sigs/SRR12913250.sig,c57b4f05eaf9741b30d4d43eb8ab8fe0,c57b4f05,21,DNA,0,1000,18948,1,SRR12913250,-,8bc89418749709ebd8b1f3e656e01cd34b73e3ba55e70627fc0edf4c2705c091,2020-12-13T09:43:28.000000,289229
sigs/SRR8437276.sig,855ea0823d2784c92c8c88846e8b9499,855ea082,21,DNA,0,1000,18951,1,SRR8437276,-,e540d8bc011a89bb02ecd684eca27994481256e933e2b503ea2b7e5e892e3715,2020-06-07T01:14:26.000000,493109
sigs/SRR2051128.sig,6562605de7522635c140efe30feaf713,6562605d,21,DNA,0,1000,18973,1,SRR2051128,-,d7157e053ab60e7c7ec9304d9f914041a5aa01c7bea2615e3c6f55f704f0b74f,2018-10-06T00:19:19.000000,677535
sigs/ERR3683828.sig,3a8f6e97301236c6974a2498d8852da3,3a8f6e97,21,DNA,0,1000,18987,1,ERR3683828,-,5b20b51e40659fc493c4f4d4f487aca463954d910a6466b4277612ca8e92b993,2020-06-07T01:46:46.000000,531240
sigs/SRR23266075.sig,fe2be6989619a928795d1f579f40bcf4,fe2be698,21,DNA,0,1000,19009,1,SRR23266075,-,9795bde457551823a5cd34572d110af7c6ee571acae6efeb4ef811803db566ff,2023-02-14T10:51:13.000000,564261
sigs/SRR22909360.sig,3736a81452c4c05cd98ee8c3755518b7,3736a814,21,DNA,0,1000,19012,1,SRR22909360,-,3ef55628b4aaeef3e6e33cfc54003a1729cac95ea0985e3f50b609143204e0a1,2023-01-21T22:07:36.000000,533843
sigs/SRR18965807.sig,9b68a6fab3ec9cb9c14f9865f4a6dc72,9b68a6fa,21,DNA,0,1000,19019,1,SRR18965807,-,f40df4c7731808233b1eefc59f150bd5db7ead739ef5f49bec65b658feb4a43f,2022-04-29T17:11:41.000000,538025
sigs/ERR2747256.sig,82fc5ba31e818595db6ed7c40fbd649a,82fc5ba3,21,DNA,0,1000,19045,1,ERR2747256,-,17fbfb8605a951d67285fcaea8021f2064a5eb597a2a515f79aa6d39f745a5f0,2020-06-22T07:26:33.000000,524833
sigs/ERR10152926.sig,9b445f05cd8a76d78616a47209271c53,9b445f05,21,DNA,0,1000,19114,1,ERR10152926,-,ccba783c039681fd5f0f4d568ba92c7558a5943ebe06228d4419d340d0ff16be,2023-02-05T22:49:35.000000,542463
sigs/SRR29115874.sig,6e48d795ea52cb6c69707af1ed5971b8,6e48d795,21,DNA,0,1000,19119,1,SRR29115874,,963efe6d8b626e17f7e3a2aef7cd523a0bf64cb370468eb796da4f7b67e25bf8,2024-05-26T12:52:15.000000,475339
sigs/SRR13295070.sig,1553b28571d2305831be9bcfa5094af3,1553b285,21,DNA,0,1000,19125,1,SRR13295070,-,26cc05c071fa3e5568fd6309782f2c5938dcdf27f6533bb89911a119cb8a1502,2020-12-24T17:04:49.000000,614301
sigs/SRR6844598.sig,beccbb2850165a761324711f04679126,beccbb28,21,DNA,0,1000,19180,1,SRR6844598,-,1a0f6705298c104f263ff1bc1b4e3dc7f547eb74f85c6e011b652190b3c457e9,2018-10-16T06:33:41.000000,634812
sigs/ERR3811789.sig,88d05400f3a9eaffccd290f9656e5998,88d05400,21,DNA,0,1000,19216,1,ERR3811789,-,476faf9b886adbd9f56822a4131fcabd2401568edaae560b4cfa31f4648de367,2020-05-23T04:42:37.000000,553206
sigs/SRR22446523.sig,23330e3e8887cdbb753cf27eb73fbddd,23330e3e,21,DNA,0,1000,19238,1,SRR22446523,-,58d51ca8f0d3c50596c4b059131b8ffbafb0c3349d2ec80d39bdcb65e4e3e814,2023-12-01T20:58:41.000000,521076
sigs/SRR28409400.sig,f47a13d1bbb294040449862c9d951014,f47a13d1,21,DNA,0,1000,19244,1,SRR28409400,,ec493f2624a4d55aa1998459796ab1c9bde34b6e8c36ce3dbfb53b599cf38976,2024-03-23T23:00:36.000000,553004
sigs/SRR21066321.sig,3ae6d52f41ab45abbaba3fc5f910fd8b,3ae6d52f,21,DNA,0,1000,19277,1,SRR21066321,-,04dde47f8404d4632e587c96b04ed1b975926737909ad50f89a692fbbffe21d1,2022-12-31T01:32:40.000000,568458
sigs/SRR5368015.sig,38b510ed6f34fb7b41c0a1a100a51619,38b510ed,21,DNA,0,1000,19326,1,SRR5368015,-,3291a4ac92fb1a86c645b68a6e8c5b919daa75afe1fbc4156908d29c51a92400,2020-06-08T03:32:12.000000,520559
sigs/ERR3698421.sig,721bbfe925816a4e29d16e3a3ec47608,721bbfe9,21,DNA,0,1000,19330,1,ERR3698421,-,c03a13fb54a3af0357ec24ad24c1c6d25d794838ffaca88aad23c5746cfb2576,2020-06-08T13:31:23.000000,555919
sigs/SRR33888688.sig,0c6a5e2afebfdf87186dce7e2dfbe4a3,0c6a5e2a,21,DNA,0,1000,19390,1,SRR33888688,,24a09bcb2ee511e5b7c4dbb1407b3b9be1d9d2add877d35a10e55c79c86a0b43,2025-07-04T07:43:41.000000,594248
sigs/SRR24508064.sig,2525c29d83541f891671d5ec3ca4f24c,2525c29d,21,DNA,0,1000,19390,1,SRR24508064,,073f658816b2a4d96dcd2bad7e66beecf9be5fc4f3cc47fcda3248363dd7f679,2024-01-29T21:21:52.000000,735023
sigs/SRR23373296.sig,c6b0ee7a73101481b5d04ac7f8fd30c6,c6b0ee7a,21,DNA,0,1000,19391,1,SRR23373296,-,61575a9302ed5be3c36382b691d1ef1035bdfe2aec95d24752ba7e3f3cac1f49,2023-02-11T09:16:25.000000,575519
sigs/ERR1681581.sig,0d9c187c288c244af78a1c041d38e1d2,0d9c187c,21,DNA,0,1000,19484,1,ERR1681581,-,98bf84973ae1c919e7bd1e99c41ed1bd02ba27e504b693443319616f148a2434,2018-10-05T19:25:16.000000,696196
sigs/SRR14736631.sig,9a2596b4dee5501c664da0af7f1d3a09,9a2596b4,21,DNA,0,1000,19503,1,SRR14736631,-,45c35e96d8f15427a6576f09758fa7c2b0fba34f50c6c052291e540db85c5327,2021-06-05T17:55:06.000000,558627
sigs/SRR6106679.sig,54849fb24d3d46d129c1a1b4eada9ecf,54849fb2,21,DNA,0,1000,19504,1,SRR6106679,-,6412bd72a4be592b227a21c71dc354b4fab1b372640696f5a6b26ec935ef2b1a,2022-08-26T12:34:05.000000,497058
sigs/ERR4426094.sig,90f614310f3d9b8bc9ec4f74ff34cd19,90f61431,21,DNA,0,1000,19583,1,ERR4426094,-,89525f5db4b02d979ee620eb16dd25388f9a44bda592b407259885c62b886608,2020-10-16T01:53:13.000000,585906
sigs/ERR3634775.sig,fb2ea0ad45aec4471020f0ba8c7f3fc6,fb2ea0ad,21,DNA,0,1000,19625,1,ERR3634775,-,971ad552603f68c184ab0007a3f99df213c985929ce00b81fb30d354a167d521,2019-12-03T01:13:27.000000,699143
sigs/SRR9719231.sig,393ec1572c74a0d51a5423e29d4808c4,393ec157,21,DNA,0,1000,19668,1,SRR9719231,-,4b2469ba5a8f480798a4e2857aeefa7af69e597f36a3b7188d8d9c11987352e5,2020-06-09T08:04:35.000000,517377
sigs/SRR12769696.sig,0d1985567efec56aba67ba530768124b,0d198556,21,DNA,0,1000,19679,1,SRR12769696,-,8e3ab38fb48f9fe5684fe7cc1b9b4ac5cca044f791e055bfc24bdfc4d2e32374,2020-10-06T17:04:23.000000,518392
sigs/ERR418696.sig,7c6007a502837902b0531992c822aa9d,7c6007a5,21,DNA,0,1000,19680,1,ERR418696,-,1c02e0fac88604ca83029955703f339ed10a148a99485ba0307f1e5deb722e1d,2018-10-05T21:06:16.000000,729878
sigs/SRR14998947.sig,4092d1e6a5f7a904f4516e7fe42150a1,4092d1e6,21,DNA,0,1000,19680,1,SRR14998947,-,7d32329cd8cf075cacc48ff4135e2de9654342a8435e41e5c3b4f273cfd7b2d2,2021-07-02T07:24:00.000000,564914
sigs/ERR4853526.sig,d0b5a80bd42897f0679fe0c1bb95c629,d0b5a80b,21,DNA,0,1000,19694,1,ERR4853526,-,78bd8e5b724dce78b29cea45be537c9aa15778fab23ec0795dbf56e800552e62,2021-01-16T22:26:16.000000,562011
sigs/ERR4797769.sig,1d067a3d0170083a36cdb2ce96908c6d,1d067a3d,21,DNA,0,1000,19696,1,ERR4797769,-,69bb96c3f7625a50951cb3a580ba62efd9f6458b97262afa705336067a9293aa,2021-12-05T07:46:44.000000,656368
sigs/ERR3670049.sig,9e16b3b0a98e207b370cc420e1bbfb40,9e16b3b0,21,DNA,0,1000,19701,1,ERR3670049,-,3cdbe29d3ab032127b87152e0a3cc317a5424d94c825f4bfc02a5cb8d8f879c8,2020-06-09T04:00:14.000000,574388
sigs/SRR24222996.sig,a9c2af3abee445354dd03c60e5f09240,a9c2af3a,21,DNA,0,1000,19799,1,SRR24222996,-,8b41e054888bc5a6b60b55243aceb6c2674aa6dffa2257fcad9c2980203bd406,2023-09-13T19:34:23.000000,520388
sigs/SRR20700847.sig,116d81f09b696c5cd8f19287705efde3,116d81f0,21,DNA,0,1000,19814,1,SRR20700847,-,4f753fda2a5576537aa6b03d583a2ed29bbc79391f955e12d7f1931feec27395,2022-08-25T13:36:45.000000,578130
sigs/SRR21102796.sig,f365f4af1a713357fdcdde23aed2251d,f365f4af,21,DNA,0,1000,19834,1,SRR21102796,-,4010b757ed4582b1516c680b43434be47bdcc20e1b75b2403df43360d6b16e9c,2022-12-30T23:50:31.000000,575412
sigs/ERR11245464.sig,abd4399c84e44ff2bcb424de1ab97bbe,abd4399c,21,DNA,0,1000,19852,1,ERR11245464,-,45770c2e42c4bd1c186e4835ab842ff22ce07e56b15387aef2001be29f59575f,2023-08-24T11:21:01.000000,596235
sigs/SRR15103287.sig,126dba61dadbd784995b535feed9fc4c,126dba61,21,DNA,0,1000,19872,1,SRR15103287,-,e826c269d6328c921832259d8894b744da95609e663ea351fb53721be2e22272,2021-07-13T17:15:50.000000,556163
sigs/SRR13280324.sig,8e4942e720947c51a59466a23acc5e5e,8e4942e7,21,DNA,0,1000,19889,1,SRR13280324,-,c7188edb7cd218933ec3e972cf7634b420b98b67e299e623a8bc00a9967c1cdf,2021-01-18T12:34:30.000000,572472
sigs/SRR33804874.sig,35bade956daae64cd9f334f0f4353527,35bade95,21,DNA,0,1000,19908,1,SRR33804874,,097c863032619fdbb9739856247e93d5d0cfa7f301f06dfd564cf501e1ce89e4,2025-06-04T20:10:57.000000,625140
sigs/SRR13190762.sig,c44990e1628a3901cd65037834293d79,c44990e1,21,DNA,0,1000,19927,1,SRR13190762,-,590016f918d86d181f136ae8ef1bca2c3efe2023dd3995eb1dba0dc38df59fef,2020-12-07T21:22:47.000000,565058
sigs/SRR19756106.sig,29f4bd1c6eeb9df5bef0cc124eba20a4,29f4bd1c,21,DNA,0,1000,19938,1,SRR19756106,,1d645c44425a6680982d13c61d39b3ed5fd9ad1cd97de515656111f31cc8ef86,2024-07-22T03:18:55.000000,568106
sigs/ERR4035680.sig,5fa214d1a52da009fa5df2a1ca4ec4ee,5fa214d1,21,DNA,0,1000,19947,1,ERR4035680,-,6bee55192d155f748c7765a5b34681a3f18412603e8993da97438d5849ba95e3,2020-07-07T20:51:38.000000,542373
sigs/SRR11262541.sig,be94c994b35d68ae4c8634dd4a5499e1,be94c994,21,DNA,0,1000,19953,1,SRR11262541,-,3c7a6c62cc17e936ae22316d42f7b5ab323c31bebfbd848329ce8190b8577fe4,2021-01-06T11:49:05.000000,572032
sigs/SRR30924481.sig,15937634faaf3277141ae0ebca7a90ea,15937634,21,DNA,0,1000,20045,1,SRR30924481,,daa86b3fa53b78f7682e590d7cb247203dd4984299267350487f5a585ce80520,2024-10-10T19:00:06.000000,630753
sigs/SRR12329291.sig,05c1d9eb8366287305d5c36b0eb6fd69,05c1d9eb,21,DNA,0,1000,20050,1,SRR12329291,-,4962431bcf0ae15fa26c97acc11e1b4472e268278f4187cd28d00f2b63925fd2,2020-12-12T04:53:52.000000,569478
sigs/ERR4203970.sig,eace0aef2393c6d3de70015c10dc21fd,eace0aef,21,DNA,0,1000,20083,1,ERR4203970,-,f5f394f016f9f7f0a8e38bd59419c8a275e7e4ef16b56d2bef04d9cd2d2670ac,2020-06-18T07:57:07.000000,587202
sigs/SRR15882633.sig,4ee2222bfd98eff00ce184752d7bbf40,4ee2222b,21,DNA,0,1000,20184,1,SRR15882633,-,93545dc905f2555ed829c92458ea4ab3f347be04c5e6afa7be965b5c0279e058,2022-03-05T11:58:06.000000,470484
sigs/SRR23270794.sig,a856bc0e9ff15bfc0a1b1042509857f5,a856bc0e,21,DNA,0,1000,20187,1,SRR23270794,-,9ba66d335ab37b87be0cb9ef65b2bd9d6b2248781036f5f83ba521119a8f35e0,2023-02-14T23:16:23.000000,575985
sigs/SRR28588303.sig,ac8c3379dd50d5309c0d759ee7938b6e,ac8c3379,21,DNA,0,1000,20200,1,SRR28588303,,33de1223a12694ba76b569e964b331659e1a9407ca51093e599890cbdeeee8c0,2024-04-10T11:26:30.000000,577253
sigs/ERR12863856.sig,02c6d0bc0614b03fc0aa0f74386ffaf9,02c6d0bc,21,DNA,0,1000,20235,1,ERR12863856,,4ec5fc2306ef976f802dda8b9397db22232bf1f4528d160a649cb87d08ee6920,2025-03-04T21:13:24.000000,584263
sigs/SRR18134902.sig,e207dd6756bbd85ba1f49362d8ae739d,e207dd67,21,DNA,0,1000,20249,1,SRR18134902,-,ef63ac030a61b246d4d8dfed4f53bec93b1a0052b742907de6532ae0266fce06,2022-02-25T17:02:57.000000,576442
sigs/SRR7535622.sig,3f8c0bf2530f0f7e412a30a3f4f172a7,3f8c0bf2,21,DNA,0,1000,20257,1,SRR7535622,-,049a398f8b324c51aea3d71d26fcef5b7f4936cec25e9e3f7cd0a5fcf7aec6f9,2018-10-18T00:30:23.000000,685679
sigs/SRR26822997.sig,51d3c6012242813f34cfae7899db511a,51d3c601,21,DNA,0,1000,20288,1,SRR26822997,-,260388b1aa99854e7537821c4e9b86d430889cdcf237115341f2bb0cee5151ac,2023-11-15T17:26:46.000000,580194
sigs/ERR2221111.sig,5fb6aaf38d331bc6eda65883fbd91887,5fb6aaf3,21,DNA,0,1000,20321,1,ERR2221111,-,563cec44f67fd5330cdc3c8cc50fbfb3d85abec4ec381448fcce8c1d8023ebe5,2020-05-28T12:49:12.000000,552601
sigs/SRR10023041.sig,51179c6aaaece18249ceb983f4d82146,51179c6a,21,DNA,0,1000,20333,1,SRR10023041,-,01f194211532ac06d7ee366540d0ab625a274a01da512fab39197e4bfa4e139a,2020-09-04T18:26:31.000000,619672
sigs/ERR13338936.sig,94486f4558b43b0b7adde7789744d03f,94486f45,21,DNA,0,1000,20342,1,ERR13338936,,f230e1fcff3ad439b785c80d2009bb140454d1c9c8be876f8617e778763ad0ca,2025-03-03T10:13:20.000000,597061
sigs/SRR15845678.sig,cf1ba5112b54fe945ec8c696f572ba08,cf1ba511,21,DNA,0,1000,20362,1,SRR15845678,-,ac88242a69c64d441a186f6712d8faa6e060d31e6ffe8eaef1d1a582575baa17,2021-09-14T05:26:22.000000,532504
sigs/SRR16777133.sig,76fe21699ef47698ec6a932cf7403215,76fe2169,21,DNA,0,1000,20366,1,SRR16777133,-,52d1f51a9b7236acdd8d8d2124be4ab41b5f582be4f4898a04459102a552f1c5,2021-11-05T17:03:53.000000,573870
sigs/ERR3217397.sig,a71214bd01e6c9f767ec86eeecea791a,a71214bd,21,DNA,0,1000,20386,1,ERR3217397,-,f3bb86f798cbf8b6cd5b52ccbd0cb51641aad0a063b7e9394086a349ce83faa6,2020-06-08T19:39:47.000000,542617
sigs/ERR3769989.sig,298323ca1aaa0575a3fc4c0b5e24a0fb,298323ca,21,DNA,0,1000,20441,1,ERR3769989,-,8d3993e35e8175e4007e2b194acced9d0cdf93ae920e4816c5eef10088af7819,2020-06-07T21:00:44.000000,564145
sigs/ERR12181936.sig,8a66f20fc09b471ebb42ffbf990d1265,8a66f20f,21,DNA,0,1000,20471,1,ERR12181936,-,8764641c713362f6affe3b615663bcc4004d10d80ad1e0e0769d9b608c170169,2023-12-07T23:11:55.000000,624865
sigs/SRR30947208.sig,3d1c855b95d80fa7dd6f3e4b736df9d2,3d1c855b,21,DNA,0,1000,20486,1,SRR30947208,,72256ef656d65523391a5accd2d80fc73bdfdbdfdbccb5b2059d0d15c9b69d32,2024-10-13T18:06:01.000000,563834
sigs/SRR28980079.sig,263b065f7e4fe7e6bc42d42a3335c6e8,263b065f,21,DNA,0,1000,20501,1,SRR28980079,,2a37b403512acb5a545ebf6da33f8b398b1a0ddfb97121471c3039a1a8049d90,2024-05-11T04:06:59.000000,588335
sigs/ERR3698975.sig,0e2b55432cf3da770eaf35da8bcd29b8,0e2b5543,21,DNA,0,1000,20504,1,ERR3698975,-,58696fb646dfbe8ae1c855193874cba47f074ffe2889ba6a7677a46afaf279db,2020-06-07T00:15:18.000000,590300
sigs/SRR33329175.sig,123c34f741df35fb882be605d9b82287,123c34f7,21,DNA,0,1000,20513,1,SRR33329175,,0326002de3699c868a055ddb54647be98fd68a2b8e5d8e8c7445f6489027e45d,2025-04-29T19:05:04.000000,286616
sigs/SRR29016970.sig,e13039fc3ec339d22be791c506ae1075,e13039fc,21,DNA,0,1000,20539,1,SRR29016970,,42173f83138598bbd9c4a9ce329114d0da05fa751d85d13f8ac40a3023feb148,2024-05-16T00:10:00.000000,612453
sigs/SRR5415387.sig,e48d389bcf653bec24751a2f1847971b,e48d389b,21,DNA,0,1000,20568,1,SRR5415387,-,91e4129deddf49e585037f26e181d3eb4be609738f7ff89b2de0582aeb3d3be1,2018-10-17T01:20:49.000000,687453
sigs/SRR23426414.sig,ee9fcb203eef7e7bb981fc25d48c54ba,ee9fcb20,21,DNA,0,1000,20620,1,SRR23426414,,a97c890d620dd7608148104be1f9f350c49c3925bc303e3b67313a828a19a65a,2024-03-02T20:34:47.000000,619245
sigs/ERR5917492.sig,542690ef661f2279ef260b89f9c1ebeb,542690ef,21,DNA,0,1000,20654,1,ERR5917492,-,03be4eebbefaa6d1ca00ecf4028bb5ded91858f4837ddc9a32e1c64e5f444b59,2021-10-08T19:47:43.000000,615865
sigs/ERR4338675.sig,ccb75a401ae3d3ec5669e91d08e678a3,ccb75a40,21,DNA,0,1000,20671,1,ERR4338675,-,774b1bd3525ad7bce0c04e7794e15438879c179b83e625916f311039ec1d257e,2020-07-31T21:26:26.000000,579248
sigs/SRR30203459.sig,7753a015fcaba0a4c389c6c9de1767d6,7753a015,21,DNA,0,1000,20675,1,SRR30203459,,401b9a4ce939527a8ec05c608eb0c07f38bb1048b596a83fc98c4dc37144d824,2024-08-12T17:28:49.000000,615757
sigs/SRR2994373.sig,d3c3a5248cda3a0e8ef8a8c884eca7ee,d3c3a524,21,DNA,0,1000,20687,1,SRR2994373,-,fe1cb13bedf565d797999a912ca209c8973325d9d9ba18d687a1a78d04c2bcb0,2018-10-08T21:57:40.000000,720944
sigs/ERR13620999.sig,2ae85a75d37b138b014db6aca6ea8bac,2ae85a75,21,DNA,0,1000,20699,1,ERR13620999,,b1efeb08f23550ea1ac6a1bfe15b8f3c41dbb558cadd12c79f5d78094ba649ad,2025-07-04T06:18:35.000000,518827
sigs/ERR3047199.sig,2af83e03c1a9a237ee296d82dcdf3ab7,2af83e03,21,DNA,0,1000,20702,1,ERR3047199,-,754b3d751b2ba59f24c5c6cb88aec22cde495654d9b0d3b81e8c7f9833943bc9,2019-09-25T11:39:55.000000,633403
sigs/SRR33087862.sig,770e6a2c901d6dbc7f739a72cf80543d,770e6a2c,21,DNA,0,1000,20707,1,SRR33087862,,6e5769e47b4af95836f7b2589d0144f8873f2da6b4cb71fa38c63fc322935687,2025-08-16T18:31:40.000000,747611
sigs/SRR33097834.sig,b58eed673df785b20efe27567cb31b87,b58eed67,21,DNA,0,1000,20726,1,SRR33097834,,32a5c61d138b09d793774eab77d1adce04954c38e3778fba3cba18514c7d481a,2025-04-13T19:45:12.000000,562993
sigs/SRR17868892.sig,8cfc8abf032c2623c7e10fa43b4e1cf1,8cfc8abf,21,DNA,0,1000,20733,1,SRR17868892,-,42a32249bcca0e5f2e524c1d3c667db5fe0b7832aa21ba96510dc7d5a283b48e,2022-02-04T17:11:56.000000,638520
sigs/SRR12912982.sig,75cd919b56c589b242791a572d82804c,75cd919b,21,DNA,0,1000,20738,1,SRR12912982,-,2cec8f95714ab809f5a4eeae37de859d4f612e566c768896808454f8db92e2ae,2020-12-13T03:42:37.000000,319334
sigs/SRR27438018.sig,8f24a06c054e1e0c89c3b3fb887db1ab,8f24a06c,21,DNA,0,1000,20814,1,SRR27438018,,c72edcbeafa6710e61b7fe7231bd1364f2b5b069d4b7f25c2691dbee2b0bd08b,2024-01-09T04:12:26.000000,587526
sigs/ERR4782327.sig,ee1207edad666b2afd2aa86c1475c1b1,ee1207ed,21,DNA,0,1000,20816,1,ERR4782327,-,f4906bad7a8f9a6da21d514f434d6c35bc6c647fa3e54e6a89ab0e496516f76f,2020-12-13T03:50:30.000000,587985
sigs/SRR22188653.sig,a71976741c82a723a48badc3f65e7783,a7197674,21,DNA,0,1000,20831,1,SRR22188653,-,bec4f35efe266afc7537db7a1f74458f7c0ee42a3a7f21872be2afa510a43396,2023-02-03T21:33:49.000000,608475
sigs/SRR28524543.sig,cbbb5bed006c360b17475aef26227190,cbbb5bed,21,DNA,0,1000,20849,1,SRR28524543,,2413796bc126c3b12ba4e5919a94dc5b2f196c38538c78527aad5d5cdfce3c7e,2024-04-05T12:48:50.000000,585071
sigs/SRR13791406.sig,1cd1b6f5a18cdfcdf0d22b7a9d299f3a,1cd1b6f5,21,DNA,0,1000,20957,1,SRR13791406,-,3e33b1ef3f540e17546214a03be1c3911e10c9d9e52d1b866eee6c5c31816091,2021-03-27T21:00:39.000000,606422
sigs/ERR119866.sig,9c8ca31cc0bbc4507df171edba07c70c,9c8ca31c,21,DNA,0,1000,20993,1,ERR119866,-,a53d8f38ff5d6cd144c34c3d761ce0bbcb021df97bbcd450359333a3ba422946,2018-10-05T18:34:56.000000,793077
sigs/ERR10227581.sig,1a8a3929a68606d3071c6570e8cf783c,1a8a3929,21,DNA,0,1000,20993,1,ERR10227581,,f31b577a7b02dbcf517c7f6b0bbd7e1e07e3e6995e85fbd28612a56803cc7ab3,2025-02-11T12:06:40.000000,609196
sigs/SRR14760110.sig,075ee95b5499f92de05eb9c833b306b6,075ee95b,21,DNA,0,1000,21000,1,SRR14760110,-,cbd788066f12619f4ac171e3a147dffaff2655ec4c37e30b5831fcfcec92b40f,2021-06-09T18:33:28.000000,585884
sigs/SRR25207048.sig,8b4344fc7f53c59525a387a026e5fbdb,8b4344fc,21,DNA,0,1000,21050,1,SRR25207048,-,dbc7b54490a34ca8ac9ecf70cf576277540967586a44a208c4eacf14dd24ac01,2023-08-24T04:13:26.000000,649488
sigs/SRR19916822.sig,898880569e87979f9497b83ad5ce4db7,89888056,21,DNA,0,1000,21070,1,SRR19916822,-,66efda02067deadbcbeb0ecdf7f6aa8e3b66e5228002a5ababab6ee1ffacd8bc,2022-08-25T12:43:43.000000,631681
sigs/SRR16156247.sig,b94c3bf3092bcb6b6f26c2893db39504,b94c3bf3,21,DNA,0,1000,21143,1,SRR16156247,-,4cf3cbe8afbbd93a1b1590ed2d143954fab8959a557c90ae7b83ae8addd38bc3,2021-10-05T08:32:05.000000,638450
sigs/SRR30165911.sig,c153d8c5e61339efd44ea06589b2637a,c153d8c5,21,DNA,0,1000,21153,1,SRR30165911,,8458c978178d75f54edcb3e39d1a58a7f07e1b5feeb6a3e448d7a26225f09536,2024-08-08T22:26:11.000000,593045
sigs/SRR16847975.sig,22bd4b0aefc07c4aae94514a10b729f6,22bd4b0a,21,DNA,0,1000,21163,1,SRR16847975,-,699893351da557437c499f5bd75f7aa35879ff688e2145a36bfd77527572188d,2021-11-09T21:08:10.000000,657418
sigs/ERR3192930.sig,10eb979a10d82f5fee32df6d4704171a,10eb979a,21,DNA,0,1000,21225,1,ERR3192930,-,489aa7728f6dfc041614646985ac86b67ef6b884afa309b1c322f1843bf5bac2,2020-06-21T06:13:11.000000,596930
sigs/SRR25489763.sig,3ec1dbb372a4bf7ce6ac20057c59035e,3ec1dbb3,21,DNA,0,1000,21234,1,SRR25489763,-,d515612ad2878e76a672b30ccf807eaac4dde3547a84884472d2880c69942e05,2023-08-24T01:13:24.000000,664062
sigs/SRR34326036.sig,beb6ac48408fee9a73f20a4e3fe4f68b,beb6ac48,21,DNA,0,1000,21350,1,SRR34326036,,83b1f2719d890fbecd1a182ee50de4c997ea684b2e071e3eb574002c0e46e0d8,2025-07-03T07:34:49.000000,648074
sigs/SRR34075928.sig,a06c20b994647cc9f679ac959de16861,a06c20b9,21,DNA,0,1000,21375,1,SRR34075928,,a4a80187b329f083b62c6c71bf7d5561fe8a8851d0e6dfc135ebd2488b44e9ea,2025-07-04T11:03:41.000000,604173
sigs/SRR15845659.sig,b197cfd04ecc11a4963070b20e3b52c7,b197cfd0,21,DNA,0,1000,21382,1,SRR15845659,-,0023e14a3417f1cfe05e18c328fcc2555378e3eabcbce9b82d48ad2a34e90030,2021-09-14T05:32:27.000000,597559
sigs/SRR33153029.sig,ac2cb6f1387bcb0232f539d2931239f9,ac2cb6f1,21,DNA,0,1000,21432,1,SRR33153029,,8b2ab2bfe570b61c2ec2ec9723bed84fd3bc47b390da99411e92c36895c30e19,2025-07-01T22:19:50.000000,572301
sigs/SRR16506230.sig,2a803b228d9a806661dbee22265dbd6e,2a803b22,21,DNA,0,1000,21446,1,SRR16506230,-,6383e0acabf1a6a27d130d533908bb826a8f9a5a5446b76c78dd4cdb5a3b2c28,2021-10-21T17:02:03.000000,566108
sigs/SRR29230010.sig,8bd511d5bdcfb3341fc3d8d6fe5eeb30,8bd511d5,21,DNA,0,1000,21454,1,SRR29230010,,a49aa0eb61457a886e1d22f04a46864803a87ba4aee2a13226b8bea897b01c81,2024-06-03T18:31:35.000000,610414
sigs/SRR26422377.sig,07bb9816772704c7c64081a48746e548,07bb9816,21,DNA,0,1000,21493,1,SRR26422377,-,27237fc5bc54f66561b533eaa42cc56c3b0334b7ab430cc8f080207c3d6a9a13,2023-10-19T19:06:08.000000,605552
sigs/SRR22054558.sig,285f172e8cb0971d5b1d2f65a1cce6f9,285f172e,21,DNA,0,1000,21507,1,SRR22054558,-,48fcfa08ac8fa768ddaf98850581d4159c0da1a8a1c697053e29218ec8a11d6b,2023-02-05T07:34:23.000000,595979
sigs/SRR25616834.sig,cb83bab4bbb67bd57b4681e9a51e9c97,cb83bab4,21,DNA,0,1000,21509,1,SRR25616834,-,aea5da943461f5baf0a03069d47ace57ad8a8ce5cdc7d2967be17c218c555396,2023-08-23T23:58:23.000000,605873
sigs/SRR8428793.sig,7a1da4133f1d8014463b6001a3721851,7a1da413,21,DNA,0,1000,21509,1,SRR8428793,-,e6a9fb207d32966376b049121302a0ed8ed12c3bbf44757712f4b370515c8071,2020-06-07T00:26:51.000000,617130
sigs/SRR6184452.sig,46c19d6ef9a5e6097abbbfefcee02404,46c19d6e,21,DNA,0,1000,21561,1,SRR6184452,-,f446bdc7d2521ff1914853e0b5d2dd50eac1a973a324af9607a0a1971f9a9dd1,2020-06-20T22:46:04.000000,361104
sigs/SRR30728496.sig,cfd68875f7404573e6374d6177755d17,cfd68875,21,DNA,0,1000,21642,1,SRR30728496,,d45f5017a25b50d99a162f0a52b859d48a406d53fbf0f5d1da6e6c668bc0dc81,2024-09-20T23:30:43.000000,640246
sigs/SRR34824686.sig,e8f1a8563ff34f43ecb0a6f65335aabe,e8f1a856,21,DNA,0,1000,21662,1,SRR34824686,,a11d24de52f0942ea86052c2af8df0b957a6b544f55886928905d5ff0d56ea74,2025-08-02T20:48:24.000000,660718
sigs/SRR17722502.sig,2c7e1fd90bb49f7e85c7c3e3737c4bf2,2c7e1fd9,21,DNA,0,1000,21676,1,SRR17722502,-,3c076f0efe96f8d4f7e21647f2c30f25c2072e43b9534194bc5e5e8457423451,2023-08-21T20:01:19.000000,670309
sigs/ERR9629805.sig,3703f4cf77093f39f2699fa5371f6489,3703f4cf,21,DNA,0,1000,21687,1,ERR9629805,-,e7f03c647bee985a212c0e5dd77f384c3b4f94f3bd3fdb37631ea0124a202d94,2023-08-25T10:13:39.000000,600846
sigs/SRR20447624.sig,b342a2736cdf864c7e158e4f74bb0c57,b342a273,21,DNA,0,1000,21714,1,SRR20447624,-,6948da4ba6faf309fff5abb1fefe5e6e2a4b483f700cac544d989d8644853664,2023-02-06T19:18:29.000000,630633
sigs/DRR388112.sig,bc57ae789d19a7c0a105aa6e981e8be8,bc57ae78,21,DNA,0,1000,21750,1,DRR388112,-,1cfd59dff9f9b77c2d79e29aaeae548da720b01e99829f1557e034efac9c0930,2023-08-24T10:45:09.000000,640562
sigs/ERR10376282.sig,7193b1a589bc9a6506656f21b50a2667,7193b1a5,21,DNA,0,1000,21833,1,ERR10376282,-,0fc326b5f831b5cfb94056b2541695849127581d9a269a3be57f3540c8b60a2a,2023-02-05T21:08:29.000000,616808
sigs/ERR13139971.sig,418a7347e2af0a626fd5a1959d6f4f43,418a7347,21,DNA,0,1000,21869,1,ERR13139971,,a2337ffab3272260e6d71e99c1082f7089efdb5bffe80e6c95bf6cff8394be67,2025-03-02T05:25:19.000000,639466
sigs/SRR21063336.sig,26566a224b207d4a418e938805b5633f,26566a22,21,DNA,0,1000,21872,1,SRR21063336,-,c9b6347e30df8f1dab33e39fa2218dbcab1d3aea4e79418cc628e145ac7895c2,2022-12-31T01:46:34.000000,654468
sigs/SRR27408778.sig,1d6649b8b2b172980a425020114813e8,1d6649b8,21,DNA,0,1000,21883,1,SRR27408778,,86a34a0df65845e42f7f391df72ceccf19e0ba01a8c53b5c59d9699eb95a9223,2024-01-08T23:24:38.000000,617308
sigs/SRR7175752.sig,97204b25f6ba37ec12ea7ef8d702ca15,97204b25,21,DNA,0,1000,21895,1,SRR7175752,-,468a0cc3ad558392a0b27ae609523c6b1efa2ec19be1391941e2bfb9acdb877d,2018-10-17T22:37:14.000000,751371
sigs/ERR12057060.sig,2672df8735faa258ddf1cc65c4d815a5,2672df87,21,DNA,0,1000,21908,1,ERR12057060,-,337c154b68819dd2f66c12fb4d5f4150531ff5501616e626aa7d032deda36482,2023-11-11T20:09:57.000000,639965
sigs/SRR3545392.sig,7c476f81cb1cd7b1ebfa3e5f6a4d3dc5,7c476f81,21,DNA,0,1000,21908,1,SRR3545392,-,ced7f7ecfc62a326330e0470f0a5ac1b888ede916a300dde4f81db2157d83abf,2018-10-15T19:42:57.000000,702382
sigs/SRR33717936.sig,f904b00fb573e254f833863869ec8937,f904b00f,21,DNA,0,1000,21920,1,SRR33717936,,cb2c02010451b27ed2f1fb88b8789977b55b452bfd7f8eaa4dfd0bb6a5aa8f9f,2025-05-28T18:40:55.000000,620842
sigs/SRR10286092.sig,4ac8820290b51b3dff8bf3d0ae0b5494,4ac88202,21,DNA,0,1000,21992,1,SRR10286092,-,8a97442fffc3c4319489a8b88ebaebc00ae0b9a5f373b4ef120a88331980854d,2020-06-09T08:27:02.000000,612237
sigs/SRR29061479.sig,3d9643f052e7bd71b666adad6c638bb2,3d9643f0,21,DNA,0,1000,22002,1,SRR29061479,,6f3ff8803e1730c322d038e0bddd6c906e8919a5d0b4544710cb05862e7d0c66,2024-05-20T13:21:54.000000,617430
sigs/SRR34313788.sig,2c923c27eed0c6cdab2cca81d48704d7,2c923c27,21,DNA,0,1000,22015,1,SRR34313788,,1797294574820c814f8f10669bbc9965f7b5bc5ff407b2372bdb0979226bf54d,2025-07-03T06:30:31.000000,600290
sigs/SRR1068329.sig,1cf50ea7e3b0f233c535e248858187c5,1cf50ea7,21,DNA,0,1000,22023,1,SRR1068329,-,0360210cc55e086e411c0785206f2ed0febec6d57e0836553e148770713b1786,2018-10-05T22:55:02.000000,716866
sigs/SRR32887352.sig,64546c7d96fb33d97746eb06bf8e1a09,64546c7d,21,DNA,0,1000,22071,1,SRR32887352,,3e5e84bb4ebeedb3b7606c6b9822ce4e4625654ff950820d42f036db9234c633,2025-03-28T19:04:51.000000,622718
sigs/SRR34361648.sig,04be7864430c6688a480bb58d6865cf2,04be7864,21,DNA,0,1000,22090,1,SRR34361648,,c76d9b772ed85760bd3a25a0ccab7117b94dbd35048f39fb0065e462d9a2bb3e,2025-07-08T07:12:34.000000,653269
sigs/SRR17140485.sig,3ed27c023ad6a5e405e045e09c651f00,3ed27c02,21,DNA,0,1000,22104,1,SRR17140485,-,7210bf454f281d552b44755bad65c954053efb396ea6e06eb3d47105c2771a60,2022-05-05T20:15:35.000000,514914
sigs/SRR27732790.sig,53087df24ab636e624e7d51d594dbbca,53087df2,21,DNA,0,1000,22127,1,SRR27732790,,f638b02188b351fcb3738d737ebcc8d174d0cd67b225541ea219234c930825c4,2024-01-28T21:09:37.000000,594148
sigs/ERR10177348.sig,bbb91347e47c11f0aa8ca21c1f5b8bc4,bbb91347,21,DNA,0,1000,22149,1,ERR10177348,-,3588247c020ee1daed4dfe45e6df5047a4854b58a52d2201b75bc1986176dd1a,2023-01-28T04:27:01.000000,627113
sigs/SRR16324878.sig,79b96e0b571d4a10a86811d93809e5d1,79b96e0b,21,DNA,0,1000,22193,1,SRR16324878,-,898fb01166a805fe306976ec87b40cb702322878b0852ea088d5843b5e553fd7,2022-05-19T17:13:49.000000,665476
sigs/SRR21022797.sig,2907a068477b0fee6e94390742e9590c,2907a068,21,DNA,0,1000,22203,1,SRR21022797,-,dbf07107f861f82e7b806a78c13b5228e97c7e92065219d3537907d417c64082,2022-08-15T01:50:25.000000,539884
sigs/SRR16124141.sig,f603702104d45c92f809df45fcad8f7c,f6037021,21,DNA,0,1000,22237,1,SRR16124141,-,e59d072aa05d013e7ae3848a2f49a3f16967af6dd5e07ac29f20b5b6632de3a7,2023-02-06T22:19:10.000000,667746
sigs/ERR10310552.sig,039f9ce215737ed42ce872d21eb8d114,039f9ce2,21,DNA,0,1000,22272,1,ERR10310552,-,1049e0e2053dbc7f1ceae03309d37735938fe3ebffe67862ab7c8d88c58940f2,2023-02-06T04:35:26.000000,633199
sigs/SRR27695479.sig,cdd43fddb877d1485dc9ffd5bb280f13,cdd43fdd,21,DNA,0,1000,22297,1,SRR27695479,,2e7e7acd9afeb5c67af1b031f98c9dc0564aee3648f19aca34996062adf6b166,2025-02-11T22:12:00.000000,524923
sigs/DRR390790.sig,53ba9153a5ceef7382068ea481852b86,53ba9153,21,DNA,0,1000,22337,1,DRR390790,-,49a78ee9676baba74459c52661c23fb761a45d2ba7b765ab700a0e4a6b0bcb19,2023-08-24T10:38:29.000000,630413
sigs/SRR11234759.sig,a704b2e35487adce32bc71b3ddfa4fbd,a704b2e3,21,DNA,0,1000,22391,1,SRR11234759,-,6b71f4cd29df49d875b750ccce5069b64e0a7663652f6a0d21048dc31ce8c34c,2020-09-22T20:17:32.000000,714809
sigs/ERR11586569.sig,06885e83ca2d6a63184f2b203ef79815,06885e83,21,DNA,0,1000,22402,1,ERR11586569,-,f49009debc808c02b79b61b61d46fb63c157eb8785740d6bcecc91fdb14a8290,2023-11-11T20:31:15.000000,667411
sigs/ERR2446194.sig,e63b63f60ba85c619cf4d008de95896d,e63b63f6,21,DNA,0,1000,22429,1,ERR2446194,-,c9636699f2c79cbec1569a34e78957d3f00197d6cefeaa8e54d8d1e09337fde4,2020-06-10T06:43:38.000000,649969
sigs/SRR19976840.sig,d950fb167a266d4b36f7e531780bf621,d950fb16,21,DNA,0,1000,22449,1,SRR19976840,-,a394e7830f549d8fe1383342a840ed830e349b4bfafc50b212c8bc170455c1d6,2023-08-25T17:02:49.000000,439963
sigs/DRR362502.sig,1714e1698cfeb91c475f2bac5951ad27,1714e169,21,DNA,0,1000,22463,1,DRR362502,-,0d06471514f2030b417630c688fb22c19703a200902f29e99d66bae752cef6a5,2023-08-22T22:41:13.000000,619661
sigs/SRR30418155.sig,09b773319dc8997a4146a7fb4eb3e6bb,09b77331,21,DNA,0,1000,22491,1,SRR30418155,,0e8d7848f96ae1911d46e993e2856f24b48cb7b98277d9ad9b6ba464358069a2,2025-07-08T18:32:03.000000,895257
sigs/ERR10177025.sig,46e0977f1f2b7a0270dca65eb587644f,46e0977f,21,DNA,0,1000,22516,1,ERR10177025,-,8907ebae3a2435ebc8728e78d33e84a8ef7da1ac044934a8da047f476a962da2,2023-01-28T04:53:21.000000,638889
sigs/SRR1522530.sig,b9203a58e600d12e481454c152a7e4dc,b9203a58,21,DNA,0,1000,22578,1,SRR1522530,-,a6677f8cd55b00778209e375051ea19f30c5737e9c63928c5d1e5ae03ba7acb0,2018-10-05T23:25:19.000000,500627
sigs/SRR12707283.sig,43afd1cebef56114bb59efb8ebdc5c99,43afd1ce,21,DNA,0,1000,22598,1,SRR12707283,-,f6f0ea9f0411fa3628480b38fa3696919a8ab035e57e249f17e65f5523d37475,2020-12-13T06:19:28.000000,647436
sigs/SRR34940280.sig,276bf80d2881e26b94aa4959f73ed360,276bf80d,21,DNA,0,1000,22617,1,SRR34940280,,53b90f4cfd8d49fd85377aa9bea0c8a17406470a5f74b9381eaab45c5208680b,2025-08-12T18:42:08.000000,603462
sigs/SRR17845234.sig,493e9024be5df0ad0af69e9214eaff05,493e9024,21,DNA,0,1000,22721,1,SRR17845234,-,c70b755dac26dfd4de2c89619d795e1e50283cec7e42f06758d35905718cb6af,2022-02-09T17:18:51.000000,457990
sigs/SRR8725560.sig,202aa77030f2adfea64ab1ee546a4791,202aa770,21,DNA,0,1000,22765,1,SRR8725560,-,dd6fbb234d9a9de2192f1964c20fe823bdedfc23013f6bb577cacfbb03c27673,2020-04-09T01:13:16.000000,773407
sigs/SRR1723828.sig,39ac8644d34fd91981236e741c60b706,39ac8644,21,DNA,0,1000,22771,1,SRR1723828,-,2f20a1d7d53d63a05a006fc92aaaed14a230515c434d172583792f658ce26422,2018-10-05T23:39:08.000000,562812
sigs/SRR29263857.sig,a07d1f4334f6a667014a4b6b2eda6140,a07d1f43,21,DNA,0,1000,22785,1,SRR29263857,,eb2b0638e6f0c6e98c5f2513c95010efc69b58a3cc3bf5b46f4fdc1e8b52543c,2024-06-05T06:26:55.000000,632104
sigs/SRR22484421.sig,0910ae32ccf76aea8a692a966d47fa0d,0910ae32,21,DNA,0,1000,22825,1,SRR22484421,-,5770e486e8cf1daa7201f56d5bd9bc95e55fa442204adbdd51f83c1dc8ca329f,2023-02-01T21:15:17.000000,670219
sigs/ERR5976626.sig,8722e58bbe6c842dfe72d009b0cfaee9,8722e58b,21,DNA,0,1000,22933,1,ERR5976626,-,2c4930777ade0409159ecc5db2359489fce25ecac787f50ba82375490524cf76,2021-10-08T19:18:31.000000,674439
sigs/SRR29682023.sig,f962867ddd745c1c36248ca23a7e569a,f962867d,21,DNA,0,1000,22976,1,SRR29682023,,42959a7d408d370d297d7ed30da20c16d356ea69bae8f8890acf007918ef0716,2024-07-03T20:38:07.000000,662978
sigs/SRR29874816.sig,e912df9167606dfed122ce653a071820,e912df91,21,DNA,0,1000,22979,1,SRR29874816,,ad625670fdcbec333e465abd5f65fbdac8edb6d805df4fc341937dc2d80f5270,2024-07-22T04:08:43.000000,624698
sigs/SRR21542021.sig,b3a21bef8f10f2cb11ec456a68034cd9,b3a21bef,21,DNA,0,1000,23000,1,SRR21542021,-,920ca43a5d1b201b0df54cf9de0b5e489ddf10bebfa49e4f8fedfcba06268f0c,2023-02-06T13:16:40.000000,640292
sigs/SRR7159862.sig,c0d15aeb3e8b22ac1ccdf4b1b0123992,c0d15aeb,21,DNA,0,1000,23036,1,SRR7159862,-,18a632199b753759e171d1aa9c7a0458b1b0326ff2582f9dec6884660c71058f,2018-10-18T15:36:03.000000,835878
sigs/SRR29078036.sig,53ef6df2878eb5178b7da2c9244ab856,53ef6df2,21,DNA,0,1000,23038,1,SRR29078036,,e29d215fd6916bad76c46d6be480708ca630789ef88678876f51fa8f1504d311,2024-05-21T00:56:26.000000,633316
sigs/SRR23592771.sig,5923e01a09547f35c9e867600c78bf2c,5923e01a,21,DNA,0,1000,23052,1,SRR23592771,-,e07b929f2ae845b38982fb8d9cbedad3de87fe8ce080b3fcc77f5854c7a59e38,2023-08-25T02:26:33.000000,706828
sigs/SRR29763441.sig,f269d9711bf502bd764b6ba57cb01ed2,f269d971,21,DNA,0,1000,23130,1,SRR29763441,,a1683c42b860d4db7cefa3edafae7b59caeb38eba5c63350d8db43c0026f2e74,2024-07-11T20:55:15.000000,595977
sigs/SRR10991950.sig,bf6e458ce477383b72b5a3ff833ad0db,bf6e458c,21,DNA,0,1000,23157,1,SRR10991950,-,3be9383bde3736f3ece66a4549099a0ef19fe28a29c5997eba9634e60e971b79,2020-06-07T02:00:53.000000,637349
sigs/DRR235817.sig,63238ef8f9336580cccad05c7e1f497c,63238ef8,21,DNA,0,1000,23164,1,DRR235817,-,fbeaf1bc34716b3bd19f7e1f1df4ddc06f2bf9b690efb2d2b8c0248a911286d7,2020-12-12T12:16:34.000000,865587
sigs/SRR26897711.sig,2ae87752092ffda9f08398575c25ac09,2ae87752,21,DNA,0,1000,23209,1,SRR26897711,-,8ba9192083bfc1905520de8d454dd9573f5c7c90c033512d620faee940720557,2023-11-22T20:15:36.000000,687710
sigs/SRR22957423.sig,cb1a5fb652ee8d49d019d146d81ae0a7,cb1a5fb6,21,DNA,0,1000,23352,1,SRR22957423,-,94f96b0215deb542e8e1041fdf739b671b75e9975fb02dc0c92690872c470937,2023-01-19T22:45:53.000000,656682
sigs/SRR7145681.sig,fe33f0a86f1e72ad0c956750c0665ad8,fe33f0a8,21,DNA,0,1000,23375,1,SRR7145681,-,4e1084857a7298dfa275e53ca5918ab6b4fa697784fcddd9603fa69017b7b4bc,2018-10-18T09:33:53.000000,778920
sigs/SRR29657902.sig,00812bf88b6edc95ca1fdca15e23d4ad,00812bf8,21,DNA,0,1000,23396,1,SRR29657902,,d4038df6353756f25d1d73f129fe5a9201c9a317b36689b6d45d9cbfee2424c3,2024-11-01T21:09:29.000000,676542
sigs/SRR23232038.sig,e67f26866b0feebd2a873460214b46b3,e67f2686,21,DNA,0,1000,23411,1,SRR23232038,-,107faebde3f4285b75f7220ed757b83cb68eaaae6717033108e42662e9a43f17,2023-02-15T03:39:00.000000,607244
sigs/SRR25115937.sig,8a5c45bf139d49ceed2252744a1f191a,8a5c45bf,21,DNA,0,1000,23414,1,SRR25115937,-,f0d6e9248f48524f6ff6a3b3e47dc7dedbc80ed02bb3428fa162251c368b6afe,2023-08-24T04:39:15.000000,635942
sigs/ERR3053971.sig,7170397a89bcd7e533a05435d5b97778,7170397a,21,DNA,0,1000,23480,1,ERR3053971,-,79f5c07dfc981bdd7ffb86e7ec9343509ca5ea2525a89e11912f8c845d1bb79f,2019-09-25T09:06:36.000000,717959
sigs/ERR1389318.sig,14b33cf87370cb9e42996364db65a796,14b33cf8,21,DNA,0,1000,23496,1,ERR1389318,-,6ee7157372e02eb95eaf89b9f0fd89d4dc3843eaf2a94098cee6d48dd22bc04e,2018-10-05T18:54:35.000000,916813
sigs/SRR25763811.sig,0c29458fc493fd5bd7aeca7e065193b8,0c29458f,21,DNA,0,1000,23541,1,SRR25763811,-,5f0588ad07da63829daae3ebb207cdbd16cad995bd29a49f982f60dc9ac572a3,2023-08-29T19:12:43.000000,645494
sigs/SRR8722789.sig,478685b32e1bfe9dfa292eb625764ad1,478685b3,21,DNA,0,1000,23689,1,SRR8722789,-,5cc937c0ac18c54775e7234ceefd7fdeebba6efe1b618306bd42327231bf75c5,2020-04-09T01:47:25.000000,773264
sigs/SRR24324178.sig,3d4e9190570db707f4381436ad291b33,3d4e9190,21,DNA,0,1000,23692,1,SRR24324178,-,21fd7e9630c8781ec050d9fbfacca974c4b6b1c913f8b8391cc06abca21ecb35,2023-08-24T07:40:17.000000,664084
sigs/DRR303278.sig,d886e03ff671c1b9bbe7fbebea8f41cd,d886e03f,21,DNA,0,1000,23714,1,DRR303278,,0caea46668946de80be675c9d96a5d233936e2e5e9d2b75375106c7764b5679e,2025-07-04T10:35:56.000000,665493
sigs/SRR19758317.sig,847b7c717fd9113ca66fc56e2a5b77d0,847b7c71,21,DNA,0,1000,23716,1,SRR19758317,,ae5cbad23be2ec9a7d353a0b749c95fc6fe1ac38fff3be4b0aaa6882045ee51d,2024-07-22T03:29:11.000000,692757
sigs/ERR4289589.sig,000469b344befa019d12a8f14ebe785c,000469b3,21,DNA,0,1000,23754,1,ERR4289589,-,fd37ca62539cdcef3ac4ab3ec969d7b00e16bfcf36f8619cf223726726ab62c3,2020-12-09T07:35:50.000000,667908
sigs/ERR6998063.sig,8147d859ec5a5bbcb385a95b7e3bcd47,8147d859,21,DNA,0,1000,23800,1,ERR6998063,-,3f5979017b341949fb88b4608a4343b5cdd89e4ed8868608613b02cf9767164c,2022-05-11T18:53:28.000000,550558
sigs/ERR3724623.sig,03ee3767b60871273b1d4a5db092d118,03ee3767,21,DNA,0,1000,23811,1,ERR3724623,-,0f8c3727d77260686b75ac48ee7aa1ecd212d2a4a5d1320b40f44c983e024463,2020-06-07T05:42:53.000000,676515
sigs/SRR26394208.sig,586e614d6c1d114b667ac4d94a5cd6d7,586e614d,21,DNA,0,1000,23819,1,SRR26394208,-,c5c432e0def913601919a36ef06320b4a91a63ce13f34aee7e613c7220034ed3,2023-10-17T19:33:11.000000,678514
sigs/ERR2368381.sig,cb5ffdc3d771bacdde3faff70e17c9be,cb5ffdc3,21,DNA,0,1000,23846,1,ERR2368381,-,c5a10a3f7f9703b06ad4c5342cd435e08b0983d593f06a60ba5fd827b7990a9b,2020-06-18T15:46:44.000000,575807
sigs/SRR29055967.sig,785e479cbcbc5cdeadcd0678a1d357a3,785e479c,21,DNA,0,1000,23884,1,SRR29055967,,70ab563d039f9e1d35b9002fb2b910f0377a1ba95efedb53cc310963d36107ff,2024-05-20T10:34:42.000000,654541
sigs/SRR32113895.sig,97916a6401f0ced1938b28d1c7116527,97916a64,21,DNA,0,1000,23885,1,SRR32113895,,d1564e518088627dab37c7eb29b92672297f07432951678c272bc34812d9e811,2025-04-18T18:26:59.000000,693575
sigs/ERR4362473.sig,75d11f695414bd0828e8df8bf2ad808c,75d11f69,21,DNA,0,1000,23886,1,ERR4362473,-,49577300b8fd98e22c8c7501645fa536cf1bb41ca88d3d63dad18c7ec35fbf56,2020-12-11T15:47:31.000000,650250
sigs/ERR10436071.sig,cd26a9aa5f9159fb0f260217a9e2a7b1,cd26a9aa,21,DNA,0,1000,23919,1,ERR10436071,-,08317ee9d41518c7c9b71054c102c69d4e9afc45fcf6e42e8e94d291aaddec94,2023-02-04T17:41:43.000000,660893
sigs/SRR22307761.sig,7a94a0cb2bee6216326971655657db9d,7a94a0cb,21,DNA,0,1000,23940,1,SRR22307761,-,fb16f70e5ca194fc1f97290cd6bdb8230fe45885ea0d7c50791955c1daff54e6,2023-02-06T23:27:41.000000,703464
sigs/SRR1661223.sig,22cc3e03c5f0aa39854f99e8261fd079,22cc3e03,21,DNA,0,1000,23948,1,SRR1661223,-,82652fe3f73541b29b36f7c9f2292fc51c81dc354dee89b345a7eb6488481791,2018-10-05T23:37:18.000000,733869
sigs/SRR28393962.sig,88ed9c4dacd77f5b7042a0f30143a35d,88ed9c4d,21,DNA,0,1000,23957,1,SRR28393962,,f71013456cb300056b850487cb4cb4a96724fada8b5c3743f768db3841e6a52f,2024-03-23T20:07:56.000000,666947
sigs/ERR13621181.sig,37b343ef42b1ede8e9134f4c34c3c95e,37b343ef,21,DNA,0,1000,23971,1,ERR13621181,,7837127876b26929a1f85464352e266e7e499c1d4698b8536cba12aa728b309f,2025-07-04T00:52:48.000000,599709
sigs/SRR20038338.sig,a7051e7462511fa23ab9a3e277a01cf0,a7051e74,21,DNA,0,1000,23971,1,SRR20038338,-,f131c65dabe2f9d4cacdcee4ec64a0a8fc8f108428e90df6effd261c795bd349,2022-08-26T03:44:13.000000,1085929
sigs/ERR028966.sig,6147f5bb236ceed0820723a284341292,6147f5bb,21,DNA,0,1000,23991,1,ERR028966,-,d2905e70f13ee806356fd6369ed7aa98b266e8a45c3dc3e0fee25049fa86d80e,2018-10-15T15:36:12.000000,788014
sigs/SRR13900309.sig,ba4e0aa5f4238a387409ea2e53df4e1e,ba4e0aa5,21,DNA,0,1000,24007,1,SRR13900309,,2750463b8d36a5edce853e5744b5e284e36ddd90f07847090a2c190f96bdeb53,2024-08-27T17:36:22.000000,675689
sigs/ERR3322882.sig,530dbac761c35e2f9e4ee534242bceb3,530dbac7,21,DNA,0,1000,24007,1,ERR3322882,-,281bab968cec7fe8d71d5c5eacdf1af3829295af9398e57c96dcbcaa2ca67a32,2020-12-12T08:58:47.000000,737047
sigs/ERR13258514.sig,764858b24c7fc92ebdf162abd80da8ab,764858b2,21,DNA,0,1000,24066,1,ERR13258514,,e017b7283fcaa3928b79da3bbf22997ebcc4d4513f8a710e54abc3b74ff1fa5c,2025-02-09T03:30:25.000000,665603
sigs/SRR35097604.sig,b6fcb5bf49567fb2d1344ee47f7a1bcf,b6fcb5bf,21,DNA,0,1000,24074,1,SRR35097604,,af926b1e5a977dc53adee77a9fdff0949b44ae6beeafb3b680acdd16bd5a72fa,2025-08-23T20:27:39.000000,729827
sigs/SRR5061055.sig,a3150793faa9389e015d661083d07685,a3150793,21,DNA,0,1000,24085,1,SRR5061055,-,51e01b3fda27d244aa04d5d8dec2c1bb35fd88892ce8da57b333f84ba3eba54d,2018-10-09T00:02:49.000000,815652
sigs/SRR14477403.sig,8a392e37782e9e589eeb0972221a5561,8a392e37,21,DNA,0,1000,24097,1,SRR14477403,-,40d6add64d45b04883543718941cffa1d79d7749a9cf9fef2e00992acb5f2206,2021-10-07T17:30:55.000000,698583
sigs/ERR1197492.sig,8cf9dc604606b39c38b633f2a2ca7a97,8cf9dc60,21,DNA,0,1000,24151,1,ERR1197492,-,ef7b85c9441e29bf645a82f7a460c9f2e3eb8ad55f2afba73afecd67f2203e5e,2018-10-15T03:34:36.000000,854128
sigs/SRR5414441.sig,293cdcf52a26fde0cca9ea3f6d5f7448,293cdcf5,21,DNA,0,1000,24164,1,SRR5414441,-,cabac1559f2c9593c7ea3a79f72b940e7455cac7599117090d4099b29f3593e9,2018-10-09T00:50:40.000000,786383
sigs/SRR25710923.sig,4e3500fe90c12f10a80439d0d80c8d4e,4e3500fe,21,DNA,0,1000,24218,1,SRR25710923,,6c8650e66ba9ac3c3d0dc12ed728d4b66cbde4f2e77ebb2cf3a19425601a6a78,2024-08-08T07:32:29.000000,690806
sigs/SRR9597898.sig,c219adeea238a5532ef714295a0ce648,c219adee,21,DNA,0,1000,24237,1,SRR9597898,-,d77ce65208813286591b6fe040080fc3265bf77dee4e8a73f65057ff721794fe,2019-09-26T08:45:22.000000,826684
sigs/DRR667489.sig,69f5f73e43b24ea5e065fe13011fbe7b,69f5f73e,21,DNA,0,1000,24262,1,DRR667489,,1de672cee489943009eb93244e0cab1ca8a4c9a5deb81bece238f2376153ce17,2025-06-03T18:21:26.000000,699420
sigs/ERR2205903.sig,aa1332793d344c4270915c464d5a21a0,aa133279,21,DNA,0,1000,24312,1,ERR2205903,-,1f2f94a700f767510b7c086670f8f0806a16abda525cb4205216e3323df76436,2018-10-17T15:29:21.000000,775935
sigs/SRR5714697.sig,3a11b44cf4e006f8b67fe9fe1f9ed0b4,3a11b44c,21,DNA,0,1000,24359,1,SRR5714697,-,75976eb28872542877239ddbc5df20e76b7d9525f2910f6b8b62d6be3adfe6ae,2018-10-17T01:39:51.000000,751381
sigs/SRR19488857.sig,8fbffd992cbe16caec65617dbfe534b1,8fbffd99,21,DNA,0,1000,24385,1,SRR19488857,-,7ad56f7bab8dfbaa7f8519ab40e3a523b1074ff174c6cce697e7d5c03476dc17,2022-08-26T11:20:59.000000,685029
sigs/ERR2653021.sig,109f57c7f63d9bbedc3e61e72cc622dc,109f57c7,21,DNA,0,1000,24407,1,ERR2653021,-,186882ea0f0554e2ef3f62655b22ced681d1df6440f9eee8d9d54f1d395196dd,2018-10-18T11:55:51.000000,878831
sigs/SRR4252552.sig,ed2bcecd626ce913a604d7fb185f79ca,ed2bcecd,21,DNA,0,1000,24449,1,SRR4252552,-,c9e210b6b0d72f280ea1e213576b8c72834653d8cbe7a03165613553bf41bacc,2018-10-09T04:15:21.000000,841737
sigs/SRR29295275.sig,2a7b5048358e29c6b5de34eb85f69033,2a7b5048,21,DNA,0,1000,24459,1,SRR29295275,,b1ffbab0a436b10ed49d2a74e528580bd4e18c99c437a17b15fc7d2336148372,2025-05-28T18:51:08.000000,796405
sigs/SRR12105144.sig,e067593979bda914cb8a2775fd4baac1,e0675939,21,DNA,0,1000,24464,1,SRR12105144,-,4c8f28e555ac5363373aec4c3b94c2d9939545b5a06672951b42de29681c62c2,2020-12-10T19:11:46.000000,695088
sigs/SRR7503666.sig,73d4b156df41daf736c1c42940b9ddca,73d4b156,21,DNA,0,1000,24554,1,SRR7503666,-,1b394cfca5e78bbe9da826509480ed4bf0c71070a32e37436f57303f9b6f79bf,2018-10-16T10:16:01.000000,818434
sigs/SRR33532256.sig,6b5b728ff819a589f3ced56c0adb7a77,6b5b728f,21,DNA,0,1000,24603,1,SRR33532256,,4ff9619f45e75584fc88c19759711fa97d48897b95ba6e17dfbb7351a4e6f285,2025-05-15T03:05:18.000000,693499
sigs/SRR12013558.sig,5569bd6cc59c5b0dfeb7b9107dc31c3b,5569bd6c,21,DNA,0,1000,24644,1,SRR12013558,-,320a4315cc16bc502e0aac1510de46a730864cd4c88f592e755e2bb24c7e656f,2021-09-03T17:22:52.000000,733182
sigs/ERR845564.sig,a9bf582e3306bae0e428407e090fe0bc,a9bf582e,21,DNA,0,1000,24656,1,ERR845564,-,a3b13a74a57135513963d0ce946daf8897707a9dec6e9921977d8b807e778958,2020-06-21T00:06:30.000000,696824
sigs/SRR26795390.sig,e251a4b16b0fdabdeb71380c0fa21098,e251a4b1,21,DNA,0,1000,24666,1,SRR26795390,,b1e3dcbfb8f5abc56044fb558cab6e73e9a91e9b35198216ed9be8a1fdaec768,2024-03-21T12:48:00.000000,648078
sigs/SRR23750124.sig,8ed727223f95be917ef5c4a1b0acc27d,8ed72722,21,DNA,0,1000,24695,1,SRR23750124,-,3a68cffe4705adb68a893324041a275a4d1b0641acf6247ddf1312c735465939,2023-08-25T00:38:00.000000,659199
sigs/SRR21742907.sig,56e55f07da2fec2d921a70c374072822,56e55f07,21,DNA,0,1000,24707,1,SRR21742907,-,510be96aa89c48680aa5a3e2c0fe5e98654de5c8dbb619ea8dbbb74853bb9b63,2023-02-06T06:30:55.000000,683624
sigs/SRR22251087.sig,8fca5435533e2757a4d27966c8ff79c7,8fca5435,21,DNA,0,1000,24757,1,SRR22251087,-,d3e17c8fb8786c09e4c2e334e728e447b77a19633d99c18682f298fbc868a038,2023-09-21T19:36:55.000000,757326
sigs/SRR27225905.sig,efcc8176f46bb06086d94c816bbf611c,efcc8176,21,DNA,0,1000,24783,1,SRR27225905,,18e94ac733150e3ec8226622161004cd345b551e887f92389d2f430812517a24,2023-12-18T02:31:12.000000,739550
sigs/ERR4783306.sig,4ff56e2db913d5758b3216a1d84bb7ef,4ff56e2d,21,DNA,0,1000,24792,1,ERR4783306,-,ffddf00c4122e06c42f1bcf13c05eeb89ddfab38d6d0549033dda55da374a2fb,2020-12-12T22:46:12.000000,716512
sigs/SRR24788106.sig,91a2280ac9f25e7b1340976421ad137e,91a2280a,21,DNA,0,1000,24889,1,SRR24788106,-,9a466803d926474feb90ef70d7937ee88f924c3f455b0e42284e063340177c88,2023-08-24T05:58:15.000000,725443
sigs/SRR18344882.sig,769f5c41172325d086a59ebe84cac025,769f5c41,21,DNA,0,1000,24898,1,SRR18344882,-,e9ac38de8102090b92af5fa4bb0220db80a38fb4f6f4d3d34a1ccf30f60df0b3,2023-08-25T11:50:21.000000,723649
sigs/SRR11515073.sig,24800b5bc0524278e1878b1bd5336f88,24800b5b,21,DNA,0,1000,24948,1,SRR11515073,-,7eef2114e71359b35ad2148ad0841f02af992d6d0b448ef5a7e7c6c01543b3ee,2021-01-06T00:12:10.000000,687538
sigs/ERR4332893.sig,e06f92b9935bcfb0157a99983bfb4ad0,e06f92b9,21,DNA,0,1000,24981,1,ERR4332893,-,d4775349ee4e158404a804035824ff10cea767bc348cff95bf0a8f917bad0aa6,2020-07-31T20:35:57.000000,731823
sigs/ERR9629827.sig,3e20e148f9607c8c515220795ec1f715,3e20e148,21,DNA,0,1000,25003,1,ERR9629827,-,e3c39da256f1b4d27d5068d151e24524bca259ab109aeb5c06249df01eff853a,2023-08-25T10:13:59.000000,695033
sigs/ERR3636996.sig,57c22a7b58430c55964089d605692e27,57c22a7b,21,DNA,0,1000,25050,1,ERR3636996,-,2b5f1c1c148756629686e7ac2e79a16444e9ff56022950279011bfee1cb874b5,2019-11-07T02:22:17.000000,895692
sigs/SRR29657982.sig,bb55f3fdaf6093f91c26c6fa496cc5c7,bb55f3fd,21,DNA,0,1000,25077,1,SRR29657982,,1c6a90f0e7c4c0750972840b338287c2e7d54fe626b54859ef8731b0bf27541d,2024-11-02T02:45:26.000000,704117
sigs/SRR7617850.sig,bbf547e9ae208c4ba361bd6985527dc9,bbf547e9,21,DNA,0,1000,25080,1,SRR7617850,-,2ba70a54f1cc76cfdd8198abd8401557562d9d61bf948d16231ef5670b73dfcd,2020-06-07T04:44:02.000000,689403
sigs/SRR17214478.sig,46358610597cee6d40efe2425dd7f8cf,46358610,21,DNA,0,1000,25097,1,SRR17214478,-,5a4fda2a665c684c8c79dd8d47731a833a16a6c17538bc83c76d1f6ddbda631a,2021-12-14T17:10:52.000000,1000494
sigs/SRR13738915.sig,3b51c7fdabf7b974ef0e9f5efad2fd63,3b51c7fd,21,DNA,0,1000,25162,1,SRR13738915,-,233fe1de5c1d0d48d664859b0460259457a229903e0a288c57a3d0662a2510bb,2021-03-27T21:12:38.000000,728872
sigs/SRR28554898.sig,376e599688f12534b1b3d66381bbc46e,376e5996,21,DNA,0,1000,25220,1,SRR28554898,,239dd4e41768eb2f64ee7ba4287454f5280e4329242a2b2ffb2c7878fcfdeb2f,2024-07-01T12:01:14.000000,711926
sigs/SRR12462889.sig,2b447292e209681b9693fa0d32b4cadd,2b447292,21,DNA,0,1000,25355,1,SRR12462889,-,0455ae3f013d6cc6697255d406226e0e0a77d30e10955bcb499a705c32993066,2020-12-11T09:51:50.000000,710941
sigs/SRR23309698.sig,70660426a2bde185831de288ca09cae4,70660426,21,DNA,0,1000,25372,1,SRR23309698,-,7ae5f89edf6ea70dedc48bbb7b1f85a883a74569bfc39ef9a7cac1f94883f5f5,2023-02-14T14:02:45.000000,1131114
sigs/SRR9274865.sig,1db908355b01850daa8f4471c5d73631,1db90835,21,DNA,0,1000,25406,1,SRR9274865,-,ac128f83860312a7694a6ee8a138a3730b9628602c02c4c94cb45eafbfcfb7e5,2020-06-09T16:45:22.000000,763683
sigs/SRR16216622.sig,6cdf58df03a4d858ff6853b767642b24,6cdf58df,21,DNA,0,1000,25427,1,SRR16216622,-,59eaaf7ac2ff81ea759f3c96400af309517e68f9888c9f0bdca60035b8aab24d,2021-10-07T17:20:11.000000,719864
sigs/SRR14328853.sig,473cba68d4ffb5ae9cddf5d0dd0a1f5b,473cba68,21,DNA,0,1000,25433,1,SRR14328853,-,dda72c680bf993fa1f11ab775ed5061b9b9d6bac7fd6febf0c9ec5ad36cf01fa,2021-07-09T03:30:40.000000,722780
sigs/SRR30863591.sig,119394690a43ae47d0ce13c088b7d5bc,11939469,21,DNA,0,1000,25544,1,SRR30863591,,09298dd8bf8e0a2bbf03baf805859e6fa1981c420f0cbda14ff451bc2f933a6a,2024-10-03T23:50:48.000000,772656
sigs/SRR6467846.sig,fa352d24ec5ef9dbfc64b782b352ec95,fa352d24,21,DNA,0,1000,25575,1,SRR6467846,-,6ea8599c06b037c3036d8a6a4cc9a78c9cbe80015d40e111d6bd9517f8efbabc,2020-06-29T08:42:13.000000,617897
sigs/SRR15941054.sig,a692818391047ddafa43e0f06a2bfeb0,a6928183,21,DNA,0,1000,25586,1,SRR15941054,-,84065e584a7fc0f2d8360cbe98c2f6fb054bc2b400a1c71f61c97a3398e36731,2021-09-18T17:08:44.000000,711505
sigs/SRR26190364.sig,b7b0c3f9166d24b0357067e8a9fc9cd4,b7b0c3f9,21,DNA,0,1000,25604,1,SRR26190364,-,e448bb0d4590f20c0b0a1d22ab2db11c826c7836ac832af463fc2dbdb931e74f,2023-09-28T19:54:57.000000,722400
sigs/SRR1569406.sig,4a5741d833b25ff83272c5baa54e7332,4a5741d8,21,DNA,0,1000,25644,1,SRR1569406,-,f07fe9c7bee3f5f5553ad8220a6fc6fdee89192610bd05de8ac0804e7191c326,2020-07-09T11:20:27.000000,598288
sigs/SRR32821317.sig,2387e50cafef8cdd7606345cd40b96d5,2387e50c,21,DNA,0,1000,25672,1,SRR32821317,,3e42dd136deb4bca04f71adb26484a28e1b6fb6e2c53a2394ae65884cfc86ada,2025-05-06T04:22:36.000000,397967
sigs/SRR28372393.sig,4abdbb85bcd9d784ee56f812c8afbce6,4abdbb85,21,DNA,0,1000,25703,1,SRR28372393,,89f3afa2d0660d2b1ab30fccaaba9f9c1885badcbe0ac7dfc55d139c99cc9b8e,2024-03-19T20:11:10.000000,741913
sigs/ERR3396658.sig,1c456c77dd501471649fa8f290869f2c,1c456c77,21,DNA,0,1000,25719,1,ERR3396658,-,0a4a30af381f1173af9618f720daca40df64d028ba7187c8bfd5f6152587d8fa,2019-12-03T17:17:53.000000,808357
sigs/SRR31113603.sig,675a67c5debac4c5873e83320b23ef57,675a67c5,21,DNA,0,1000,25739,1,SRR31113603,,f231d6e97ede03d326347128acee55190756235e43b3742fc42d6e1eec80fbd5,2024-10-26T22:17:27.000000,759860
sigs/SRR9968989.sig,dc96f691f5de2ff1d34921368949cde7,dc96f691,21,DNA,0,1000,25752,1,SRR9968989,-,2249dd644d803f3ece6168d38e0f53d592c1ee26c89c5f87c9b409c7c8530a04,2019-09-26T16:12:13.000000,981948
sigs/SRR6726267.sig,1c8d700adc216a2ed7c6c491fe859b13,1c8d700a,21,DNA,0,1000,25828,1,SRR6726267,-,69750e365dba6c7e05db2a89dee09061fb8e360264b8c71a20e4b41e6f95826f,2018-10-09T02:51:03.000000,870653
sigs/ERR9768311.sig,e0448d6fb3f26f09c6b30c2a66bf432e,e0448d6f,21,DNA,0,1000,25892,1,ERR9768311,-,60e827218f2f0e72b151239acc07b16e1260146cf1de63794ee44a984468003d,2023-02-22T14:06:41.000000,753796
sigs/ERR4783226.sig,a7c50b569e3f6a7cbb0a931423ac2af4,a7c50b56,21,DNA,0,1000,25908,1,ERR4783226,-,bfca780ea6c498206d50f0ef280392fd1e7a813c03a15b532287664d51094736,2020-12-13T13:26:34.000000,746532
sigs/ERR3260471.sig,e7fe38b359ff502b22bbd7335139bb05,e7fe38b3,21,DNA,0,1000,25911,1,ERR3260471,-,9c111840387535a141da20dcf993286934e5902a20faf55b98828d1e05d8a8db,2020-06-22T11:10:19.000000,805669
sigs/SRR33416468.sig,7141d961bfb2368ae456075eee664de8,7141d961,21,DNA,0,1000,25936,1,SRR33416468,,a2cb5ce5e2063dbd78f9f440f45e4d62663372619376ea362a6b1a0b2e269628,2025-05-06T10:13:12.000000,755260
sigs/SRR18209076.sig,d18f0ee055d1088c4807ccbc532336d4,d18f0ee0,21,DNA,0,1000,25938,1,SRR18209076,-,09324769f9dc40478533318315d9a37f3ab957ff38519976d27d6bf4a37e3f60,2022-03-03T17:12:00.000000,734012
sigs/SRR33888988.sig,6d8e8dc3803faac133eaa482a808ac42,6d8e8dc3,21,DNA,0,1000,25984,1,SRR33888988,,825ba2680639c072cb258ad13220ad59bf9ad80c7653230fce64940a4b3e5894,2025-07-04T08:10:11.000000,812559
sigs/SRR11147012.sig,69e4ecc348a07e93b1acc2c0f80f5c02,69e4ecc3,21,DNA,0,1000,26017,1,SRR11147012,-,e377d7c7b10a36b6aba8300d00cca122d8aecfb51686020f3283220b86dcb60f,2020-06-07T12:32:32.000000,735611
sigs/SRR29017531.sig,9a6fc54755b3bd644d8f3e99e456eba9,9a6fc547,21,DNA,0,1000,26029,1,SRR29017531,,d8cea0eed750fc573de979561dfde246fbbf5243d51e281065ac7eb14da24194,2024-05-15T23:51:38.000000,774808
sigs/SRR20591888.sig,ab93729b5d68a1bb5c9bdf1df14cf387,ab93729b,21,DNA,0,1000,26132,1,SRR20591888,-,fd12331c30794f3fdf85bd05fa8d313d7c1c7f26e7a9ae3003107eb093dde61d,2023-08-25T07:29:44.000000,692649
sigs/ERR066545.sig,74b4e8c0527044e83c811888d84ecc7f,74b4e8c0,21,DNA,0,1000,26202,1,ERR066545,-,b2397c8a3b1e0e736f475448979c023fea50251ba592e71edcb4d3bc47b324da,2018-10-05T18:07:18.000000,995023
sigs/SRR12835936.sig,0f35fdaa9d24b05c6beeac36c6bfc476,0f35fdaa,21,DNA,0,1000,26264,1,SRR12835936,-,00d8c2602435fd8ef1be2e2065fed3ebefc4565862ea1f9e113122bbf2fdc95b,2020-12-13T07:24:31.000000,748060
sigs/SRR34376324.sig,074088ca78229e7f3c134900e58b182d,074088ca,21,DNA,0,1000,26282,1,SRR34376324,,ab0d04f4a9131f6afd961f7c6e8637d6948c856efaeb9a703e9d4338cde68d15,2025-07-08T08:01:28.000000,709295
sigs/SRR10905791.sig,2cee2389e5c14a4df7f753bbe215d23a,2cee2389,21,DNA,0,1000,26285,1,SRR10905791,-,bdff25826cb6fe494710ecf510ab3067c1e8c51d4736ce008ff7fd2d86ff261a,2020-06-19T06:36:42.000000,758156
sigs/SRR33532925.sig,d96717627e67bb965199971cab50ef7b,d9671762,21,DNA,0,1000,26292,1,SRR33532925,,bce13aefa66b869a12b1d64abe1e8874fdfc15992b46a7b1cdc3efbd51003aa4,2025-05-15T02:10:51.000000,728086
sigs/ERR3272293.sig,de8df47b3aee3e48b523ad7a3671738d,de8df47b,21,DNA,0,1000,26335,1,ERR3272293,-,d0642467666df4d0bb87d921d2ada06d208a33ede3f5aeac7b9fced1fdab361c,2020-06-24T14:12:50.000000,764632
sigs/SRR6470375.sig,208f6488782ec877329b6f18de281ad7,208f6488,21,DNA,0,1000,26369,1,SRR6470375,-,4ec733cc07ad47b01005bc961a3ca9734fa3ebe682b11ee05f2c4342efecb8d6,2020-06-20T13:45:50.000000,433850
sigs/SRR29422154.sig,d5149edb8e15fe06be96ef0d920efbd5,d5149edb,21,DNA,0,1000,26431,1,SRR29422154,,e1c9a67e33e6772fb9e3b2f728a0b28ae536929f0f5564f47ed8daa1613dda3a,2024-06-17T11:13:21.000000,733618
sigs/SRR30165758.sig,0d4563b42c3e1bdd5b09a97a73279326,0d4563b4,21,DNA,0,1000,26435,1,SRR30165758,,fb6499bf65358fb24dfe24afb154c22914c0937e425fdbc68c1078c3f41420e7,2024-08-08T21:58:30.000000,747767
sigs/SRR11791360.sig,9aa0ab78ba1e02c75ec8524996114f0f,9aa0ab78,21,DNA,0,1000,26459,1,SRR11791360,-,618e274a980e33de39618955aca53bcf8efdc206de93b36bd195f524b07c493a,2020-06-09T11:02:06.000000,748724
sigs/ERR1107590.sig,0d0f1170d568d22ce7d8631b36c88ef6,0d0f1170,21,DNA,0,1000,26472,1,ERR1107590,-,d696e0067ba126f463728c353a422eb4b2f86604d06a355fe762e5ac2285d81f,2020-06-20T18:09:43.000000,748527
sigs/SRR7963126.sig,2321d592943d87a426469a7f5353bf46,2321d592,21,DNA,0,1000,26485,1,SRR7963126,-,73f432cadb66d0f742509278c540c7073666758dfecef4257750de87d8fc2126,2020-06-18T12:14:13.000000,587896
sigs/SRR18453767.sig,d4d06a264fac64250576738922a8b748,d4d06a26,21,DNA,0,1000,26518,1,SRR18453767,-,8938a11023fa141e94c0bb512b41cbd15243635bb4666f67d31384f297e14bef,2022-04-12T09:53:21.000000,666810
sigs/SRR5322933.sig,4352a6087a84f77e6e62153d7566ce5c,4352a608,21,DNA,0,1000,26580,1,SRR5322933,-,0fe4500371292d63612a945c7ff2e96a66a11f0175829b59adbfa8ca505c1cc7,2020-07-10T12:49:42.000000,822958
sigs/ERR4596775.sig,3c2c597a08dbac0ce7eb1ef741b5a892,3c2c597a,21,DNA,0,1000,26611,1,ERR4596775,-,ad575455368785989e000066146b87e75d0ced899e3e9a7d49dc447ef5566d11,2020-09-19T18:32:04.000000,718694
sigs/ERR10917312.sig,2e7eac82201848376152e3aac130a51a,2e7eac82,21,DNA,0,1000,26646,1,ERR10917312,-,e16646874f028b034319977ee38255181d6515d9d9fefa20dd8e036d54df0299,2023-11-12T00:32:40.000000,779711
sigs/SRR34812991.sig,201c20362847ab51b5b464630c1a8682,201c2036,21,DNA,0,1000,26658,1,SRR34812991,,e9f3736894518b676a7bbcabbcf4a087cbd29273efbb5048ec515949ded0a7c2,2025-08-01T19:14:51.000000,811493
sigs/ERR9651292.sig,89cb2b3604b0048e37b099b174f747d2,89cb2b36,21,DNA,0,1000,26675,1,ERR9651292,-,4a1e520c1b2d16c9d78c6beecb6a42c19192ce911cd18caf3f3b15a9809c99ad,2023-08-30T18:57:14.000000,822957
sigs/SRR13305494.sig,ab682001c3de3a6da9dd426f729f932a,ab682001,21,DNA,0,1000,26682,1,SRR13305494,-,ac867202291ab19a5b85a4433eccafdf437d4676451e346164145a0fe9a0c866,2021-01-06T09:07:04.000000,718158
sigs/SRR24333888.sig,fefbef421e279e07d85e621fd7a9124a,fefbef42,21,DNA,0,1000,26688,1,SRR24333888,-,7b831d1f4cfbd3ce7c98e356843e9b1351c3cb9e83cc0254e0a96a2b7b24a622,2023-08-24T07:37:44.000000,750170
sigs/SRR18997370.sig,a810c7b01be99aac93f9229919e34fc6,a810c7b0,21,DNA,0,1000,26750,1,SRR18997370,-,4af00c4528d9eebe203341b909c6fe22afe1497dd6c1c15924ee19841379bad6,2022-04-30T17:04:53.000000,797963
sigs/SRR26583907.sig,c05e6e09547d7aeed6ca594dc89e87ab,c05e6e09,21,DNA,0,1000,26781,1,SRR26583907,-,4b4ef459f86f14d6b8af3f82f0eb9a5b2257523540717c2f41b3affa69e626eb,2023-10-31T19:40:16.000000,748900
sigs/ERR1515687.sig,8048db8a6def97bdfa8ac47fda51dcdb,8048db8a,21,DNA,0,1000,26798,1,ERR1515687,-,236af280cd0b18683a51e3a30874ee4fdbcddd9f4efcdca6a2e21e0f2047f3e0,2018-10-05T19:06:06.000000,1021274
sigs/SRR12956357.sig,15380daec25cc8b31bcfc920e539a72c,15380dae,21,DNA,0,1000,26805,1,SRR12956357,-,f5d60066233b364af7152f2600c937296368730a5f243ddfe63ab22cf1a3c288,2020-12-12T17:35:31.000000,751894
sigs/ERR4175271.sig,80e04ac3d1d52e2073e6654db8c26c22,80e04ac3,21,DNA,0,1000,26817,1,ERR4175271,-,ca765df71754be49f15a0649528a09331140b5565a90f7cb1f93d86ad6d55a04,2020-07-09T12:16:20.000000,289080
sigs/SRR33520187.sig,81cb2c6ad9c0bf26f24227d2edbaed66,81cb2c6a,21,DNA,0,1000,26855,1,SRR33520187,,6ca31fdae7e1bb2aefb39345a4983e91f318a1919f43d1e4adaca2655a4fea53,2025-05-15T04:39:31.000000,765021
sigs/SRR16764601.sig,b0b186bfadadb5cfa42f0faf6bd7b7f1,b0b186bf,21,DNA,0,1000,26880,1,SRR16764601,-,59b884c0b3961463461cdcc757704d99cff56c375bd3f77cf22ebd53557929e5,2021-11-05T17:37:02.000000,749944
sigs/SRR8215640.sig,3eaeceee35730cf586ca000a99ab45c1,3eaeceee,21,DNA,0,1000,26886,1,SRR8215640,-,2c68d23cbca7fd67ee07c11dee560d6e84983c0b36969dc5a877154c6130137c,2020-12-12T22:11:13.000000,430194
sigs/SRR23081525.sig,66608c673a6def62e75a793ccc40cdf9,66608c67,21,DNA,0,1000,26917,1,SRR23081525,-,1aa308191d7c0ad8600afe8e3813f36e0519ab3f548bfeda12c3c7a9bbdb0dcf,2023-08-23T13:37:06.000000,783414
sigs/SRR9892965.sig,e466fdef0f33ef41395fc4d1ac8d38a5,e466fdef,21,DNA,0,1000,26918,1,SRR9892965,-,64a735fe1880cbf549d4517e2b23ef519b734b5a916b56f30aeebaccf8a7805c,2019-09-27T21:04:00.000000,928306
sigs/ERR193653.sig,b555783633c0b74d12ccb99b30c25361,b5557836,21,DNA,0,1000,26921,1,ERR193653,-,fd53b19deadeedf174c36fff97e544f31b465d3c2a9295407b9b77bdda6674c6,2018-10-15T00:08:37.000000,809081
sigs/SRR15986674.sig,4568d6bfd440c841a147b4c49858170d,4568d6bf,21,DNA,0,1000,26945,1,SRR15986674,-,b715a5825eaef1633d56af9be8e31715304f5def4d3f55d7babe2ec7d1414534,2021-09-21T17:10:11.000000,766440
sigs/ERR1583684.sig,58d8ccc3ea6dbca793af267ceb2b0bc6,58d8ccc3,21,DNA,0,1000,26969,1,ERR1583684,-,d94a2201f361b0a148c1471258a08239ae8f40aba45ffe669c2402d6b6a1ccc6,2018-10-05T19:12:41.000000,910840
sigs/SRR26399492.sig,779b69a13b0977d2a91e06e18d562956,779b69a1,21,DNA,0,1000,27034,1,SRR26399492,-,04e707064c0bf0df4d4a8806fcef0b763105f5f60b7bfd906e0fa2d5ffa658ac,2023-10-26T01:50:14.000000,777004
sigs/ERR13199417.sig,b607006797c4421cc74e9903a0425703,b6070067,21,DNA,0,1000,27127,1,ERR13199417,,5f7858d7d4962807887c17e2db741cff4dd12bcb437039781962e68272065989,2025-03-03T09:09:05.000000,794526
sigs/ERR12100940.sig,7e058d420f7e661478f6b1447c55ed90,7e058d42,21,DNA,0,1000,27127,1,ERR12100940,-,df27ef1f1ec8d891b5d47018402b282ce110a0adbf134efa508c0c195631b140,2023-11-11T23:05:11.000000,752330
sigs/SRR30330799.sig,74cf2bac2bca655c70adbbd8a767f900,74cf2bac,21,DNA,0,1000,27129,1,SRR30330799,,ad25515366a1c3531a99955d45f25f7205fdbf121a4481522d0b64cb129bcaff,2024-08-26T17:25:18.000000,637388
sigs/SRR5195304.sig,9449ed1d1aa58bc43d27333b347d074c,9449ed1d,21,DNA,0,1000,27130,1,SRR5195304,-,24b862ded244cf6bab7f1bdcd58afdaa7bc9c13105f2caa44377e41b43e55606,2018-10-17T14:23:05.000000,865720
sigs/SRR13995394.sig,46eece7a4080b78b51ee560a3e54cb1a,46eece7a,21,DNA,0,1000,27168,1,SRR13995394,-,62240c776eca17a671c8426b085600247589060c2cc55c3c836a781c20ef8243,2021-03-24T20:39:46.000000,1003657
sigs/SRR19662759.sig,fa2acbca4cb4e7a8a0ead32b349739e9,fa2acbca,21,DNA,0,1000,27180,1,SRR19662759,-,3128fc8f68be5d7457b290feadc58c2290ad5518cb9f068e2e433715f74b3b8c,2022-06-16T17:54:06.000000,421314
sigs/SRR34530246.sig,ca0fd394670ea33acd2d65d4067a3d4b,ca0fd394,21,DNA,0,1000,27186,1,SRR34530246,,300f1123cd7f47f065188a082efb0928ec611d8de6c03039539adf2db11d0d9b,2025-07-22T20:43:49.000000,757543
sigs/ERR040032.sig,7cb4c7abdd91884202b833f1ebe23205,7cb4c7ab,21,DNA,0,1000,27204,1,ERR040032,-,ad69c7937ba61107173c75d3dacf7b6730c2f954b2ac2a55600ec8a70772f732,2020-06-20T22:01:33.000000,691882
sigs/SRR25233458.sig,b2f4e728c90932683159e573791e3dbb,b2f4e728,21,DNA,0,1000,27211,1,SRR25233458,-,4d2d02a853ad2b253c42c854c79fc5e84b3388ee34cb16326563455e86a3fdfc,2023-08-22T10:42:21.000000,814279
sigs/ERR10460747.sig,a7dcd3c14f212733a72bd43758123165,a7dcd3c1,21,DNA,0,1000,27223,1,ERR10460747,-,cec9e1d016a9e854c547dc37503a0bc511a186e1e8e21b254479b9e7675fc36b,2023-02-03T02:41:30.000000,824874
sigs/SRR27129753.sig,8cb6d2903b56a9a3363bb67a220290ff,8cb6d290,21,DNA,0,1000,27322,1,SRR27129753,-,585fa0bb64958c8a889560adfeec859f46acab2e2fb7b48e2a2fa4d61dc425af,2023-12-08T18:28:06.000000,710576
sigs/SRR2059501.sig,57652947fc522404ba5edf7b58666f83,57652947,21,DNA,0,1000,27326,1,SRR2059501,-,93b76acaafd156c06b2141b8b6b166a95e93b68018ee41c7a130362e40936290,2018-10-06T00:21:23.000000,1074631
sigs/ERR2367361.sig,50c1f0913724d5cb1b9264512998fe9d,50c1f091,21,DNA,0,1000,27340,1,ERR2367361,-,44d26e4cbfb46c81d64808f9f63ea95870c9fb4976882cf24907dd6159612ab3,2020-06-18T18:06:19.000000,624183
sigs/SRR21871863.sig,a53e8f5b86bed5394cfc07b07213c519,a53e8f5b,21,DNA,0,1000,27348,1,SRR21871863,-,c825481bd524dfdf073baf9552cfeb9952dd4d3d10ab589ce2ab985bd802e6a2,2023-11-01T20:52:37.000000,857193
sigs/SRR9965657.sig,a8a9aecf4587a1c6e258c3b55d07ae35,a8a9aecf,21,DNA,0,1000,27354,1,SRR9965657,-,13093141442d41c665d1ad4c7c4a860491185b0f379aa76d10336baad778d3c9,2020-09-07T18:13:56.000000,750272
sigs/SRR7284424.sig,309afa749e649a4965454102b440a0d3,309afa74,21,DNA,0,1000,27461,1,SRR7284424,-,1143be2001c3ac2ad060746f12752d9d75d1e8c093881f1cd80af731657eea17,2018-11-09T09:27:53.000000,958704
sigs/SRR11473274.sig,088d4129da5438100655dc01a04bf3fa,088d4129,21,DNA,0,1000,27511,1,SRR11473274,-,bc8b63cae60285bbc25ba82a0b5b520fdf76d7a7e076fdba491c59d28dbc3c04,2020-06-07T06:34:21.000000,756582
sigs/SRR9934151.sig,ecee18e3f03466631dd72558f131b60c,ecee18e3,21,DNA,0,1000,27575,1,SRR9934151,-,c42294db29d3af29ee9fa5940057e8a8559369dfd5c94b24034792db465d5e25,2019-09-27T20:58:08.000000,984243
sigs/ERR9634260.sig,c92e5fde84b461eedd032859eb811991,c92e5fde,21,DNA,0,1000,27576,1,ERR9634260,-,183a0544ebac479958439843107b6b518639468c8f32dd51c09fbdb322b63dd7,2023-08-24T16:50:17.000000,763793
sigs/SRR28501835.sig,0f83a8e167b843d03721db634b092615,0f83a8e1,21,DNA,0,1000,27610,1,SRR28501835,,9913e9a45cc47876ea754fd29393598a311208f0e4700b7ea2b81dd64f755b8c,2024-03-31T17:38:00.000000,781605
sigs/ERR1557208.sig,fc83e32aa555a9f93e7d89b250d59224,fc83e32a,21,DNA,0,1000,27641,1,ERR1557208,-,3b7e8271db7f3198ad8e9092a47ea4d94cfb2c59b335a76a4c36ac02137ed4a7,2018-10-15T10:07:58.000000,1026108
sigs/SRR23612071.sig,e2bc19e94020f5d589a99e4ef53bce37,e2bc19e9,21,DNA,0,1000,27641,1,SRR23612071,-,47469bd0068fa9c7b64e0fae1512c5d990b02242543c30d1d650264ff434e475,2023-08-25T05:11:38.000000,756757
sigs/SRR6944260.sig,f7f32aca62d9ed7f8141de67441046bf,f7f32aca,21,DNA,0,1000,27701,1,SRR6944260,-,fd23f7c71a313f25de5149cdaffe4e0b8faeb4cc435d581a7e0c5c64861e23a3,2020-07-08T06:46:01.000000,947716
sigs/SRR2981596.sig,6f90182f00c14e755472fe57592a43f7,6f90182f,21,DNA,0,1000,27787,1,SRR2981596,-,1f2cc4a3abb49a6bb35a231586b208f7d75eb5af9cc5ca9d0efc34d8f0f55633,2018-10-08T21:57:12.000000,986697
sigs/SRR5053705.sig,d0b0169b973e514c70e3b27e9fa8187d,d0b0169b,21,DNA,0,1000,27813,1,SRR5053705,-,8e641ea9ddbd149172a78345283db122d3f607a777645e1453a5d35e231aef3b,2018-10-09T00:00:43.000000,745504
sigs/SRR23194701.sig,639c3331398c45b74c636548806b7fd2,639c3331,21,DNA,0,1000,27860,1,SRR23194701,-,3c6e924226effb6c35437be916fb72fd9dd183156cddddc92c3de594daf24fdf,2023-02-15T04:15:49.000000,790975
sigs/SRR11077988.sig,05dd443cf982a15acb51760f9fa11d39,05dd443c,21,DNA,0,1000,27895,1,SRR11077988,-,e62feda4b4401d90213051dad319ad847831a0fa0ad6ad34953d9306bcfe0772,2020-10-16T13:01:13.000000,762270
sigs/ERR2204205.sig,ef2f0b43377690c48cc56a7651db2552,ef2f0b43,21,DNA,0,1000,27931,1,ERR2204205,-,4f6e70fac4a9f1d66b588c933adbedb4959e0c5dbbf8aad22de9ae6d16181d4a,2018-10-16T22:21:28.000000,1039315
sigs/SRR20097195.sig,c1178216bfe3dcffa431d5b97e21da63,c1178216,21,DNA,0,1000,27967,1,SRR20097195,-,ae447f1c9ea0b3136c75ea3a95d3b278d236b34740d7f0a619a4f8a041ee9710,2022-08-26T02:26:37.000000,749246
sigs/ERR4230054.sig,7a1cad8cabce7581e670fc17e4a24c4f,7a1cad8c,21,DNA,0,1000,28042,1,ERR4230054,-,ef63f50b84334b08f4d7e343bb62d07dbeef6ef9c88f9c2d201fed695539d55d,2022-03-06T00:52:56.000000,915787
sigs/SRR21221863.sig,9dfca0a390552156a380e125346171b5,9dfca0a3,21,DNA,0,1000,28111,1,SRR21221863,-,dd2aa9fc1cba9c44105c0a3081c81ee6d49fda1f224b0f41588902036dad9306,2023-02-06T19:30:02.000000,839982
sigs/SRR19433173.sig,51308028e9e269fc78d4dcf303e84985,51308028,21,DNA,0,1000,28111,1,SRR19433173,-,11d1522fa60942749990a98e16726e35ddde68d97f6c2d8dd067abd7e73131ad,2022-05-28T20:24:43.000000,789219
sigs/SRR32301761.sig,00b0373bf493c4b2209af5f15974d6c8,00b0373b,21,DNA,0,1000,28169,1,SRR32301761,,46a1912858e7ecbd36956a751451b2c98383cfa675c7ddbbf61229cd0db17abe,2025-02-26T01:09:45.000000,787733
sigs/SRR2132194.sig,115a2d91b80a48838390895119b28c66,115a2d91,21,DNA,0,1000,28208,1,SRR2132194,-,c28d2aef0f7e48547839479d3e55aeb00107da3a97d7e3e3dad4ead1e7f59cea,2018-10-08T21:25:32.000000,1066974
sigs/SRR7414794.sig,af09108d67eb7955320b00b99eb3530b,af09108d,21,DNA,0,1000,28212,1,SRR7414794,-,cde4bb6575f43f43463e2157d59195ab99c83bdd3b667d8810795263ab1cb529,2018-11-06T01:32:59.000000,1044082
sigs/ERR13711054.sig,1fe4091665731e374a12bd18da3bbd76,1fe40916,21,DNA,0,1000,28328,1,ERR13711054,,cdd9f2d35f79400d42a63625ece37f07c4011c67e408bd0cfabe82fe9a41e6bd,2025-02-10T03:10:25.000000,814942
sigs/SRR8796660.sig,6f5680388f1527a256f3859fedf4c91f,6f568038,21,DNA,0,1000,28346,1,SRR8796660,-,ee31e4c6208242e87f2f8d5c5d305ec5ec945e87e41b795b4e6dd3bd1fd4fc6d,2019-09-25T13:16:46.000000,883930
sigs/ERR4830387.sig,a0ec8760dd75377a1c4ff453b8ed53fe,a0ec8760,21,DNA,0,1000,28367,1,ERR4830387,-,416ee30326de14d3dd0eccbd30fabb99f916652a7af5abe1bf3b38b4f489b66a,2021-12-04T17:25:39.000000,814294
sigs/ERR12183137.sig,50bda0955968dee5cf1dfaa80f1304cf,50bda095,21,DNA,0,1000,28386,1,ERR12183137,,f9ba319b736df87a8c50d84ddf0b2dad02a5e19b47334806d75a6f19b98ba164,2025-02-12T14:33:50.000000,800792
sigs/SRR16902965.sig,9737c1d0697e4fc57d709f09e58794ec,9737c1d0,21,DNA,0,1000,28401,1,SRR16902965,-,aa40c6a501e8e38715c05cf8c1721471d77af62178fc2b1294f843963c685e0c,2021-11-11T17:14:52.000000,814089
sigs/SRR27300933.sig,37cfe532ac1bd6571ac9dda93d78b65c,37cfe532,21,DNA,0,1000,28436,1,SRR27300933,,d80a77dd17dc0ee453dee14e72f1ca8edf134973c848189fcc57a089c846d046,2024-01-13T12:56:42.000000,806398
sigs/SRR31326154.sig,33cfd9395df54a93031dd8a9b6c2349b,33cfd939,21,DNA,0,1000,28471,1,SRR31326154,,298f591f3b1972bad8d3009e378c98a806b0d050cd0d645c26f934a53d3b4208,2024-11-14T18:09:10.000000,803063
sigs/SRR7300448.sig,13f2d3ad3e8dac48170991bc22b3bc36,13f2d3ad,21,DNA,0,1000,28506,1,SRR7300448,-,aad30c87040a2a55db9764b8dc36ed8a8ee6f5a4fdb34427db471ce8b854da1a,2018-10-16T05:22:40.000000,913609
sigs/SRR27035002.sig,11f0b5ad8b0dc75a29487bf58aff5386,11f0b5ad,21,DNA,0,1000,28511,1,SRR27035002,-,65fb74e5050f49e7ce9a1ab6fceafda386fc9abeb17ccef6c21b93bedc642e60,2023-12-05T20:20:08.000000,812914
sigs/SRR23458437.sig,a87692926fcbde6ef357e8f49160e597,a8769292,21,DNA,0,1000,28556,1,SRR23458437,-,8328ca7cb3989d2d6350ab16ecabfcd254e26377ff896272350c1b04889f7741,2023-08-22T01:13:52.000000,834771
sigs/SRR26301098.sig,b7204790562ad998a098b84fd6522d7d,b7204790,21,DNA,0,1000,28615,1,SRR26301098,-,e4fd02034abe29fc94fbe1980aec0d07cb671d3a23b86fa242c566a6e04718e2,2023-10-10T19:37:47.000000,913067
sigs/SRR8265981.sig,a6bd3de256db2cb58333ed75b52c9498,a6bd3de2,21,DNA,0,1000,28641,1,SRR8265981,-,ef64c6365933789fed7049cb6fc56c636a43d46c3cbfe47cb91c902261f87db0,2018-12-04T05:25:48.000000,913578
sigs/SRR8302299.sig,fdc17e01076a9e0769078ebe6f83fa1f,fdc17e01,21,DNA,0,1000,28665,1,SRR8302299,-,841a805ae238653917050f4a47de04fec152ed6c9de5eeda399542d68958f23d,2018-12-14T04:02:11.000000,927656
sigs/SRR10744072.sig,ac97fbaa1c98f0d972ec910bcf2c1062,ac97fbaa,21,DNA,0,1000,28682,1,SRR10744072,-,a5d2d76bf171a62e6a749083e10815b4b5a6ba0585b0d0127376b4904034af1e,2020-06-07T00:30:21.000000,792417
sigs/ERR2709069.sig,97f23b0f43fe8dbd0e91cc4328f6e8ff,97f23b0f,21,DNA,0,1000,28734,1,ERR2709069,-,e6bb3ac79dcf03bb214e0de82929779f6d9d8d9c702e10418e670e3759eb27c7,2020-07-08T13:44:39.000000,355909
sigs/ERR3261162.sig,e649fb4ee9e4cf36ac4624be2fa0b1e5,e649fb4e,21,DNA,0,1000,28742,1,ERR3261162,-,c443475e7d4cae64560c62ac584951e2945a3c1f9cd637f8d25057bb264f3678,2020-05-22T01:25:03.000000,794161
sigs/ERR6053004.sig,0131452e0e9e58e5bd80569292311a75,0131452e,21,DNA,0,1000,28759,1,ERR6053004,-,111fb8998cfa0529c612172c1b2eda544d283c713144117ec9bdd48181c7a306,2022-05-14T21:40:58.000000,914613
sigs/SRR25462140.sig,726bcfef15006b8b8b181a5e545f87ff,726bcfef,21,DNA,0,1000,28836,1,SRR25462140,-,3b7c44eebca7d2b7b7326b9bff9c3e2fbfd761741b0cd78f6ea7dd10832d3a67,2023-08-24T01:12:47.000000,809932
sigs/ERR3767612.sig,c093beb228dad1f65d17bd2737de0c2b,c093beb2,21,DNA,0,1000,28929,1,ERR3767612,-,9c921f409545ceb972477d7981357c0a51845d88791f84fcc644c4e73d0f9ea7,2020-06-08T03:20:50.000000,828110
sigs/ERR985822.sig,660ca1fd88f5bd63560b7f8a9b0cfc20,660ca1fd,21,DNA,0,1000,28946,1,ERR985822,-,2ba64106c23486ebeeeb46499768eb9e708193f54d05f3a8956ddd84d4cdac14,2018-10-05T22:31:24.000000,1143691
sigs/ERR1557239.sig,34e9edde9cdfef34092cbdbbb22f2b2e,34e9edde,21,DNA,0,1000,28961,1,ERR1557239,-,e7912023e03cd399f727236d5091279cb73a939e96fe31a0da347c00d0aa7ac1,2018-10-06T18:28:32.000000,1072698
sigs/SRR10099336.sig,53c0ed0347567086f1028cefc3ea65f5,53c0ed03,21,DNA,0,1000,29003,1,SRR10099336,-,a9221412cf8e6a0cf496d5482590086daf29ea9bb483d4c3d0a271dafbf01fce,2019-09-27T22:01:16.000000,990122
sigs/SRR16292152.sig,59a70c79065b478dccfbff4b2590ef3e,59a70c79,21,DNA,0,1000,29012,1,SRR16292152,-,6ac2237caa8a2d9f4d2f4738178e84f6b5d8592202dc7df630801086b3c01137,2022-04-24T18:15:54.000000,1011738
sigs/SRR22672789.sig,2dd0783ef2f50f29471087a5d67dac2e,2dd0783e,21,DNA,0,1000,29033,1,SRR22672789,-,8e6b17336b2a02ca53cb0d6a85578d003e5c3d945796531f3d1d1630e7c9bf25,2023-01-22T23:45:51.000000,761697
sigs/SRR30510024.sig,eef94ebbdd276d5d753eafceb3929efb,eef94ebb,21,DNA,0,1000,29099,1,SRR30510024,,b01f61c7ac6b2c0f6dfd599bbc85f26de7268fdb25e862ff5f742284a506e51c,2024-09-03T19:28:36.000000,800009
sigs/SRR27030432.sig,89239c93342f0763d0923524cde18dcf,89239c93,21,DNA,0,1000,29136,1,SRR27030432,-,1567d1d19777848541efff5581ee2dc25ed3a98a8417858811a06e5cb052a51e,2023-12-04T17:20:02.000000,880644
sigs/ERR4829984.sig,e4b9571235296afffa273c6cd38cd98a,e4b95712,21,DNA,0,1000,29139,1,ERR4829984,-,ddbb22503e365d67d523d2e51f798c712ccbb76f237654f70edb68df5ea57460,2021-12-04T19:40:21.000000,813457
sigs/SRR7426148.sig,8a186c2da89fdda1236b729eeb6ba611,8a186c2d,21,DNA,0,1000,29190,1,SRR7426148,-,8282f4d6f53559f2b46b92f9970c0000ebdbc7520cff426bad8a74e3f1c3c4c5,2018-10-17T03:42:55.000000,972776
sigs/SRR6921447.sig,807332d758d4654738d47359e862dbb5,807332d7,21,DNA,0,1000,29209,1,SRR6921447,-,89a6de8aa99a999ef225fdc36fb40f40c8a23b6478b0395491f0808d7540ee01,2018-10-17T05:25:42.000000,918270
sigs/SRR30116837.sig,4bdab53a5d676528bd630e21e7267c64,4bdab53a,21,DNA,0,1000,29277,1,SRR30116837,,3ed45707157f2626c09f25131f2fd3e1a5bce5e17925bae6edcf2bfb7f8f27c4,2024-08-03T17:59:31.000000,815048
sigs/ERR3672905.sig,873edd6922003aa511d1218d1f9f3b1a,873edd69,21,DNA,0,1000,29285,1,ERR3672905,-,66450da97b939404dc57a6b5e24a35809d6db762ab83e05a6a14555ccdfbe812,2020-06-18T17:04:55.000000,717653
sigs/ERR2433001.sig,407db8d0ad0e1b77b0852c3700fe49e6,407db8d0,21,DNA,0,1000,29311,1,ERR2433001,-,2a23896be3743d3260c8a1ebe8d23439d46393234aa163551809c6cf0e23730b,2018-10-18T16:27:25.000000,918028
sigs/SRR6908207.sig,11a3e4a7430e9de7922d69d74ff58a64,11a3e4a7,21,DNA,0,1000,29359,1,SRR6908207,-,56d8dd0fdf23b5f3a2d1dc6ec064bbdc1bcc2e4f165acf9af8c6c28cc60c716d,2020-06-22T13:28:34.000000,479674
sigs/ERR2137403.sig,3537720119fccec4a6968a0d7eb55da3,35377201,21,DNA,0,1000,29393,1,ERR2137403,-,5ea5976ac46377aecb786f892d0d026b7e518594882249d5edecea9619970fd6,2023-01-28T12:13:12.000000,803699
sigs/SRR27976313.sig,8816c97e15e9ec9a98871ac258c2c82e,8816c97e,21,DNA,0,1000,29409,1,SRR27976313,,843f207b9104a89bb8b94733c17070cba6c1bacaf66bc703bbf09126a009e58d,2024-10-07T18:32:52.000000,549134
sigs/SRR11068252.sig,ad54019c7abbeca86ae33796090f6a01,ad54019c,21,DNA,0,1000,29427,1,SRR11068252,-,bebbb030682bfa080cf2a0ce1c361b0014e8302b899dfaa4ef01f48a93f9b0fb,2020-02-13T04:46:30.000000,942381
sigs/ERR3201081.sig,ecf6000c7e01b4a37d646f2bd9eb0212,ecf6000c,21,DNA,0,1000,29452,1,ERR3201081,-,c4c80ef8bd0fd6a21865cb297f9078fb0a84b925483f4a7748232a6104fea22d,2019-09-27T09:27:13.000000,1032691
sigs/SRR12935442.sig,73c212becd281d1d44a42b702ead28e7,73c212be,21,DNA,0,1000,29488,1,SRR12935442,-,ea5aa50637e7a87d0fd37705120d5b2009ad4197153ca211555911e70a44b6f4,2021-06-26T17:11:51.000000,457648
sigs/ERR5962086.sig,8667c6cdf600630a6b42e167561c7183,8667c6cd,21,DNA,0,1000,29514,1,ERR5962086,-,1ea47d3cb64a2b8f9935703d7c9f33dd92b1cd88002b59c00fcffed5df2d4f0f,2021-12-05T09:06:20.000000,870813
sigs/ERR8574601.sig,b8b903c04e7e2025605f1451d50efb30,b8b903c0,21,DNA,0,1000,29546,1,ERR8574601,-,879a3ed7d7321c1fb92a866755f1d8e0723b8473090a6513ef19c6b42678a5e8,2022-04-12T06:24:40.000000,818226
sigs/ERR12099666.sig,2fc4485d4ce134175a9bc4207abbfaf3,2fc4485d,21,DNA,0,1000,29572,1,ERR12099666,-,a0ed16638fbe0dd4386ab44f510379a94fb453ace1eea582a55fd89b1b83a85f,2023-11-11T23:07:08.000000,812615
sigs/SRR7282344.sig,1b16eec4d94f6bbb671f567bf3e7e636,1b16eec4,21,DNA,0,1000,29603,1,SRR7282344,-,409a5f65916f17a8cd328106c33262a73ed8232684252493061fc4206216e06a,2018-10-16T03:47:37.000000,1005398
sigs/DRR380322.sig,cbb87ffbbcaf1a216d709de834101b96,cbb87ffb,21,DNA,0,1000,29627,1,DRR380322,-,b0c3a2c2b75327c1640082c703c52bf41fee96b235dff4d6bad65f5ed9d68b02,2023-02-15T03:57:49.000000,856937
sigs/ERR3439241.sig,265b8ce390cd2fae9a5068a0ad83f820,265b8ce3,21,DNA,0,1000,29634,1,ERR3439241,-,48a3c1d41f11a76b1b1caf72134bbc13bde5fbdcbe86dad4261c8d9726415696,2019-09-26T09:20:11.000000,962461
sigs/ERR422877.sig,8027457fb02c9fdc78a85f8594f4f5d6,8027457f,21,DNA,0,1000,29753,1,ERR422877,-,81e80ac26a49ca512ffbc49797b92d534a26d6bcb2ffa237fa327adac575b6b8,2018-10-05T21:08:26.000000,1139732
sigs/ERR9724860.sig,a0b62bdf8bbc64313d10583301b4d279,a0b62bdf,21,DNA,0,1000,29771,1,ERR9724860,-,f573ab2582dd6f9ca5abe68343882f4a5d516994bb7ff2773635264fb7d830a0,2023-08-25T08:05:32.000000,811286
sigs/SRR30816320.sig,025d24a04d58d3652e4f973a0c994c2b,025d24a0,21,DNA,0,1000,29784,1,SRR30816320,,59e098dc82eafa03f4e6024024bf7bb67a1cec0ab457ce658554ea88c488dee2,2024-09-28T20:18:18.000000,816644
sigs/SRR10869276.sig,9b1dd817a48e976c4435d60356a74ece,9b1dd817,21,DNA,0,1000,29803,1,SRR10869276,-,e10adc00b01da68eac607c2fdb5316b264001d94ce4560a4f7e6809af84cb6aa,2020-06-07T13:36:53.000000,808394
sigs/SRR12024326.sig,37185d6d69647642bf9b68ec70980039,37185d6d,21,DNA,0,1000,29817,1,SRR12024326,-,43d337d4e3542a0aba49bced1406825447fc398eb7cf86eef66cb0953eab2fb1,2020-06-18T00:20:07.000000,807243
sigs/ERR12099495.sig,fe272302ecd506e483dc78a31e8bab00,fe272302,21,DNA,0,1000,29831,1,ERR12099495,-,76d56a75bc852cc324838a8b1c93480ec0488653eb0dfc4abbe3752fd72aeaba,2023-10-13T04:06:05.000000,822873
sigs/DRR433194.sig,6946165a1ca3106ad52be9df3ce8b2de,6946165a,21,DNA,0,1000,29906,1,DRR433194,,5dac8cf2cbee6c8840f223478e4288d0a5b5eccaebbf74efff24617fb7b94d1a,2024-07-10T17:25:34.000000,1011812
sigs/SRR34320024.sig,902df31d38d625a391e90871896564c7,902df31d,21,DNA,0,1000,30015,1,SRR34320024,,f88284cc54b970f66c5cc6a82bee6e134b5eddd19f571bd545c731b917a15200,2025-07-03T06:38:23.000000,838260
sigs/SRR12875402.sig,c024c07c6cfa1a15cf70322c06161932,c024c07c,21,DNA,0,1000,30061,1,SRR12875402,-,93203108430ccfc5e64fdb0e1e77758a81beff91c9d60426a5e123423615437f,2020-10-27T01:12:34.000000,892253
sigs/ERR14690492.sig,dbc56217531de06e0222bcccfa53daa2,dbc56217,21,DNA,0,1000,30084,1,ERR14690492,,98afb3aa03cb1a62b222b365e3df4f0a48be38028a629fade078e8604ca93721,2025-03-12T07:29:55.000000,854088
sigs/SRR5360278.sig,3b41e77b08605075ed5fe311e8723e8e,3b41e77b,21,DNA,0,1000,30087,1,SRR5360278,-,23f1d845ef596b7e15ce48cafe18addf6dfac1552f0ec7715aebc994c8f3eb4e,2020-06-20T17:58:28.000000,845992
sigs/SRR29332422.sig,56ce3f657c76279d3c280a2d2950aa4e,56ce3f65,21,DNA,0,1000,30129,1,SRR29332422,,47a3315c9c15e9c78e73e07cd80250d6e5dee98bad470f73148659b3dc794825,2024-06-10T11:50:02.000000,938626
sigs/SRR27050046.sig,36d80a5e7eab78d17b1fb02259fa0807,36d80a5e,21,DNA,0,1000,30194,1,SRR27050046,-,03e571bf385156dbae4a9416f7426acf10d8f5d7ac3865092d8438f937d9b9d5,2023-12-05T20:23:40.000000,852907
sigs/ERR422748.sig,d1bfcb2e15b2b0aadee4c5a3dd171c97,d1bfcb2e,21,DNA,0,1000,30204,1,ERR422748,-,93e01097b0cc45ecf66cd61721fad4af7e6d325c8d11cc0b748238642a831bcd,2018-10-05T21:08:18.000000,1124778
sigs/SRR7882119.sig,6b25757530fb6e5ea93509645f72bdac,6b257575,21,DNA,0,1000,30206,1,SRR7882119,-,ccb578a9f7f5a5f9ab223e34c99f3888db631168a7268ec8e13778d52370e3ef,2018-10-17T20:05:34.000000,972205
sigs/ERR9628605.sig,b074dad7371d5b6e71731b919cdcb500,b074dad7,21,DNA,0,1000,30255,1,ERR9628605,-,d1e9a5f8b53df6b7f965e57a277b1df1b00821c47bcb6c564d311ade94eca56e,2023-08-25T10:22:41.000000,838195
sigs/SRR4048837.sig,0d7ba616158f9d3cd0760d6acddc118b,0d7ba616,21,DNA,0,1000,30292,1,SRR4048837,-,19c1374edc9740e6ba8adbfa4fe136a266040696262884b5343989811e69aad3,2018-10-12T12:18:11.000000,955532
sigs/ERR1015521.sig,55778ce521e742921deb9e7cd1ab722c,55778ce5,21,DNA,0,1000,30388,1,ERR1015521,-,583f2aed32ae996e0994a217b0cec90d182d189e8f3a5b6a1472fbc77b5c3834,2018-10-10T21:07:21.000000,1109728
sigs/ERR12348465.sig,00004adc8482f4476fd59f2398c9baa2,00004adc,21,DNA,0,1000,30448,1,ERR12348465,-,eced9a77e55634b9cf4cfcbd999e83741ac9eb016f0e37656cfe0df5f7ae978f,2023-12-09T20:12:58.000000,829697
sigs/SRR31316964.sig,7cba79d051951504f069972ae8248267,7cba79d0,21,DNA,0,1000,30452,1,SRR31316964,,704caa6b9f1c40e71a0ebf168c9ed9db5ad2f831dbc1c45f3fca07bf8537eb85,2024-11-13T18:56:34.000000,863479
sigs/ERR572564.sig,dcd8181531ddb22bfd6bc3602cf99983,dcd81815,21,DNA,0,1000,30474,1,ERR572564,-,647a9065bbcc8955d806e4198f86954c79c126a407f26cab4f6a08e862c7ab13,2018-10-05T21:40:21.000000,1077058
sigs/SRR641706.sig,269cd7cef955542796232c54ed241587,269cd7ce,21,DNA,0,1000,30503,1,SRR641706,-,e5849d078167a947ee43c4ba919ff4f5e28557c1d5f5557144d7e5dde2f30dfd,2018-10-09T02:29:33.000000,1097061
sigs/SRR29184098.sig,68b852abbd8262d06e1fe284d4cf1986,68b852ab,21,DNA,0,1000,30537,1,SRR29184098,,0f0c12e71d6fb9306da14917461a10b913f87a50ba9fcd3e1cf4f7b259ea38f8,2024-05-28T23:25:57.000000,830600
sigs/SRR10859483.sig,7c2f337ffc655b75daad1b8726525a2b,7c2f337f,21,DNA,0,1000,30538,1,SRR10859483,-,dcda8c574845884b1fb756e1f03d9cdc7ea5856ab3b65114cd15841000d0210e,2020-06-08T00:00:09.000000,899435
sigs/SRR23613936.sig,3e01e569e9f32bc74b8bd4ea6e64c0f9,3e01e569,21,DNA,0,1000,30680,1,SRR23613936,-,b4cd28018c4c77aa8d13f55fae875e542c76e680adae5ba4840a8bd54dd3c06e,2023-08-25T02:09:51.000000,846754
sigs/SRR20649171.sig,c6f6b87d9f4fe7e24d65a35597cd944d,c6f6b87d,21,DNA,0,1000,30796,1,SRR20649171,-,7ac6e56b67b014444fb16e14b03fbd5b563be67f7acdf3d787066790b38e4217,2022-08-25T15:17:33.000000,875608
sigs/ERR234445.sig,4ece84e425b0fdfa4b3de77ec7fb3998,4ece84e4,21,DNA,0,1000,30801,1,ERR234445,-,b3a6a3e07a4ba62734c2d557bf3cd687cc63264d6d5b2c19d79ee891420738b2,2018-10-05T20:26:01.000000,1173594
sigs/SRR30189063.sig,62d8071e71afe75189b9c4bb56bff34e,62d8071e,21,DNA,0,1000,30801,1,SRR30189063,,68c7382749497d7c0c5170c34900e2027ddb7158559b8a6e9e713034572a1d2e,2024-08-10T21:49:48.000000,843737
sigs/ERR5087517.sig,789e87df578d5dd020b85a9b2cb35e5c,789e87df,21,DNA,0,1000,30827,1,ERR5087517,-,f6a02cd4858071ca2247b2815101dc0fe138f393966c65d03cffc8c23550457c,2021-03-25T13:51:48.000000,893586
sigs/SRR3345851.sig,f282a87135653bf3658dda39d9830183,f282a871,21,DNA,0,1000,30842,1,SRR3345851,-,aec8338eb27b466b79979b71440af1d13031a316e0f841ab45f7e8967c143c6c,2018-10-08T22:24:03.000000,1027036
sigs/SRR23919905.sig,f1b77fb90db68b901ee4d08fd391e993,f1b77fb9,21,DNA,0,1000,30843,1,SRR23919905,-,c7cf7aa3308188f68435e847a4744af00a935c76a865584e24c854de2fb0d1d6,2023-08-25T00:32:48.000000,540332
sigs/ERR14187892.sig,56a7768172672b65974d85bf132b0b64,56a77681,21,DNA,0,1000,30858,1,ERR14187892,,90c167a149125e874ab28f529a7dbf346ba83fc8233a1b4921ba6c0e0d375fd1,2025-03-12T07:01:30.000000,865065
sigs/ERR2854286.sig,7854070ab06564f19e7ed806b9ee6a07,7854070a,21,DNA,0,1000,30861,1,ERR2854286,-,21436e56c1160d2fd0a3b2ff7894ea7cf0ad596a8297c188ac6a51b81f12025b,2018-12-03T22:49:53.000000,1011741
sigs/SRR10412625.sig,e236b438ed2dbb1847e063960fdb56d9,e236b438,21,DNA,0,1000,30868,1,SRR10412625,-,d6aada7043737c1f042db1833c6b4453a96641e708a2f007701f6144c0e9bbc4,2020-06-09T04:21:41.000000,856767
sigs/ERR873364.sig,87169b8a04cd976f1c64ca1937405d5a,87169b8a,21,DNA,0,1000,30951,1,ERR873364,-,58d01acc02bcd0c270b758cf100ced5cd619aa111861b68253ec47d22e151aeb,2018-10-05T22:15:38.000000,1132548
sigs/SRR14662799.sig,f6da14e1a2e3cf5167569277a747c8de,f6da14e1,21,DNA,0,1000,30957,1,SRR14662799,-,22a88fd365f57cf647d6f180e6a99f82fc31f0b5c98c060e7c41220e516fd5b3,2021-05-27T17:08:56.000000,918226
sigs/SRR12172861.sig,6114e5b0027bbf917d6155f62b01e9f0,6114e5b0,21,DNA,0,1000,31040,1,SRR12172861,-,9cb144a6ab91ceab8df22b9b7d1d15b64fdca039490b6d9d43ee515464f2c60c,2021-09-03T04:30:21.000000,853496
sigs/ERR5898514.sig,2c47798627a5981f35a876478712434e,2c477986,21,DNA,0,1000,31061,1,ERR5898514,-,acbc0bbad3dad39e564d4b5d9a1c0da29ecf5d6b54dbf334b5c9bfdbbfd3cd55,2023-08-22T18:35:48.000000,914686
sigs/SRR33765258.sig,a54af1b4f29f5602a0b908a505e929f0,a54af1b4,21,DNA,0,1000,31088,1,SRR33765258,,3734cb8551f8a8d8e3650e44c23c6afd019d24801d3cd4466e00cf0d3a3325a2,2025-05-31T18:36:01.000000,938836
sigs/SRR26388673.sig,014da8f32e8d7b3b333dcb7341bb8057,014da8f3,21,DNA,0,1000,31162,1,SRR26388673,-,732b549de14f2f4297f5aae849d7d82d79e0a131f25407c1ce83d4906ce1868d,2023-10-16T17:19:05.000000,879931
sigs/ERR12409783.sig,e0ad363b792938350f3b7d3328322194,e0ad363b,21,DNA,0,1000,31198,1,ERR12409783,,4e4242a3fa0f3d1d7fe6a1ffcc8d9965eac716d3e9d20c470f951cf89eccb403,2025-02-15T21:05:48.000000,968192
sigs/ERR14364936.sig,b300936113e351f062a441cb88f6a371,b3009361,21,DNA,0,1000,31235,1,ERR14364936,,eb9cb2b6c2a2d1c354303ce461eaa0cfa4538bbed3dc719294006b05158b67a3,2025-03-08T02:47:23.000000,1070362
sigs/ERR2197424.sig,816de65fbe62ac20fd7b8bb7c46ad89c,816de65f,21,DNA,0,1000,31236,1,ERR2197424,-,995544d119f2704ddbf5a9f5b3473dce2f1454c7bcf8dcfb4d4e711c217221c9,2020-10-30T09:35:33.000000,937864
sigs/SRR13729117.sig,22a4f2ade9070d2c9fa97387ca700979,22a4f2ad,21,DNA,0,1000,31266,1,SRR13729117,-,1841681eb965bb88acf9c1cbb9e314688dafc0a554f81daf6178c8ed563e9fc1,2021-02-19T16:57:49.000000,877514
sigs/ERR2025059.sig,ca2f448c566f3d64ef1f145f5398cab2,ca2f448c,21,DNA,0,1000,31346,1,ERR2025059,-,fa073b33cf83d165ec14a05c563d1d846a38f9a0de17ada230c2a932ebac08c7,2020-06-19T06:42:33.000000,857756
sigs/SRR5114357.sig,cb63ab046954df0485d7fffe3fea4e42,cb63ab04,21,DNA,0,1000,31401,1,SRR5114357,-,43878169633151b282797db455c85b53602270dfddd869dc02816f382afba4fd,2018-10-09T00:13:01.000000,1135779
sigs/ERR1604274.sig,be176c77d03c2ebc2cda72e3d17828e6,be176c77,21,DNA,0,1000,31483,1,ERR1604274,-,122ae5ab8de128ebb069abbff3efc01c5162eb51ea18bb9a9c002637a8bd7733,2018-10-14T01:26:15.000000,1164507
sigs/SRR31342978.sig,58ec7861e434255658b778c714558532,58ec7861,21,DNA,0,1000,31488,1,SRR31342978,,ee7cee8579830ec1cc2594210b28ce9378bd43e9a76cdaf56ed38f57778293fd,2024-11-15T19:52:05.000000,898127
sigs/SRR12162106.sig,1cad613cfa9ad69dc262794dc3761403,1cad613c,21,DNA,0,1000,31507,1,SRR12162106,-,73f747adad0c1830b92b81b00c2b21d29383cb6dab529101afdfcf487d9f8660,2020-07-31T20:05:11.000000,920768
sigs/ERR2225407.sig,f0136edd66bc80c24c714fb0c97a6610,f0136edd,21,DNA,0,1000,31516,1,ERR2225407,-,0f2da09bafab1e536464d9224a69c91e616d2e1a7767e75731104fd0c433b7a1,2018-10-05T20:18:32.000000,1116946
sigs/SRR10993175.sig,0f269e2be890903166a4cf9f45f6ce74,0f269e2b,21,DNA,0,1000,31557,1,SRR10993175,-,15e9888cb8799706ecfa2ced8bd49c3f935a4ec48ad8084e6dfd6621d0538c7d,2020-06-07T02:01:26.000000,937496
sigs/SRR28264998.sig,7e7d84edebacbd7b9b39c46e59b38507,7e7d84ed,21,DNA,0,1000,31569,1,SRR28264998,,40a0a995bbb06f943d08a70f506785edc574296e5ca352887eea8e06e30865cd,2024-08-02T04:16:14.000000,487980
sigs/ERR5100631.sig,1010c8560abf2054259fbc47b935a4e5,1010c856,21,DNA,0,1000,31581,1,ERR5100631,-,d4aa5031b583b0a6164a918e23f2e6b63fdb2f004a0bf9ec80f731056d10abea,2022-04-11T20:15:41.000000,935620
sigs/ERR10917940.sig,6087d3fe4805200a39cf4da812f97a53,6087d3fe,21,DNA,0,1000,31586,1,ERR10917940,-,f59cf05338c7cacd6af6d1eef97918dbc5646268a5b8c7730e9f458782796cfd,2023-11-12T00:51:18.000000,950364
sigs/SRR8612876.sig,2406b13cecfa96c6530bba8b4bb12239,2406b13c,21,DNA,0,1000,31591,1,SRR8612876,-,c53c1e25d42ae636051860c60fb323d863963df5fb30452a0b21d1f8f6694249,2020-06-07T12:05:05.000000,886179
sigs/SRR34268619.sig,31b1b50bfbc81fb0363dbc242466aa59,31b1b50b,21,DNA,0,1000,31600,1,SRR34268619,,fd90c05cdadc28346bb5f8c2cec5159ef04685d3ba29207ef9166e3ce410b2c2,2025-07-01T22:31:10.000000,1289547
sigs/DRR389343.sig,7c91011b7e4dc9438caaed503e56e7a8,7c91011b,21,DNA,0,1000,31602,1,DRR389343,-,7805f2cac61690d8718976ecd659cd67b88f4ca539bf4ff3e16fe529b60464af,2023-08-24T10:21:18.000000,979120
sigs/SRR30235167.sig,61365a961e919f0314d9943e5861f705,61365a96,21,DNA,0,1000,31616,1,SRR30235167,,e22c16aa5401739ec74aa7dbf72e857f4f242c03353e74a17ad09b5aceb3c2f1,2024-08-15T19:32:44.000000,881160
sigs/SRR16892679.sig,36dd63c1a73dd59f859731a5e32b33e5,36dd63c1,21,DNA,0,1000,31669,1,SRR16892679,-,befd728b4b151bbdcd56b86ca14e719d6838cd75a5246129626d4d76f5e01ccc,2021-11-10T17:07:57.000000,914332
sigs/SRR19887054.sig,4ae4efd3b6965feb70333775ed0bcb4b,4ae4efd3,21,DNA,0,1000,31672,1,SRR19887054,-,07510b39c641e740854fa863b75fdf360a422262d7a887ff3e181b7dd2826cb5,2022-08-26T04:53:57.000000,869963
sigs/SRR7440988.sig,616011065cf090a407c93b0e086aaed7,61601106,21,DNA,0,1000,31721,1,SRR7440988,-,c642eb5f2f8f1ca6b2fbaf0afb88bae02ae59aa7297d0466e322673c615ef980,2019-03-10T02:23:56.000000,1115831
sigs/SRR24878737.sig,0640cc4227cb3511fd9acdf16a670f53,0640cc42,21,DNA,0,1000,31758,1,SRR24878737,-,ba0607d8384e46333cb68a19a3759082a8f09e8664f1d2860d0c32595d35d792,2023-08-24T05:56:14.000000,881446
sigs/ERR3434562.sig,2b26968ffbcc7709691941789474c931,2b26968f,21,DNA,0,1000,31764,1,ERR3434562,-,b7c253845d8e0ba6915e40c987179612574cb118e2c687a3a97f53cb460bb44b,2020-06-19T12:19:24.000000,659548
sigs/SRR9160036.sig,f8f2495a7ddeb953206879a4c21aacf2,f8f2495a,21,DNA,0,1000,31826,1,SRR9160036,-,4a36541c4b37e202f0c52fd26d74642142865d8eb5a2657408e163ea42ba144d,2019-09-26T06:55:01.000000,1052181
sigs/ERR2650118.sig,d1f40add21ac7952edb880e80a7e8925,d1f40add,21,DNA,0,1000,31873,1,ERR2650118,-,03c5c49ca3e216598d2966ed07073619fcb0fafba32dd5320ea3b78f809579bf,2018-10-17T08:01:32.000000,1201189
sigs/ERR2210726.sig,568156ed0602a65557c1b91c0d8e33c0,568156ed,21,DNA,0,1000,31883,1,ERR2210726,-,b869989eb95381c434f792fbbe4bc7fc0667f4eda41d29776189b5c36b96a4b4,2018-11-06T16:48:29.000000,1111136
sigs/SRR32498711.sig,e495d3f15be9f7054e39279afb3e1a37,e495d3f1,21,DNA,0,1000,31896,1,SRR32498711,,bd0437b5f1fd5a2dbdc174d2cd465f2ad374e97b1296d1330cf3d309c45fd0f0,2025-04-30T20:36:05.000000,802435
sigs/SRR23497699.sig,0d8189f36ba46d574bb3ad55cf0c840a,0d8189f3,21,DNA,0,1000,31904,1,SRR23497699,-,20b5a4d58d799e49421d98805b13d6233fbf7f8df266a6edf7dc884ddd6d718c,2023-08-25T05:53:31.000000,902437
sigs/SRR7912276.sig,9ba09b40439765d11a18e73f86ae3d52,9ba09b40,21,DNA,0,1000,31989,1,SRR7912276,-,5679c193d62a8df308c25755a1e3d9ffec6c1588d7f476f16ba22eb63058856f,2018-10-16T03:40:17.000000,1038124
sigs/SRR11013465.sig,1dbd7f97cfa85b9c08e66400c15f364e,1dbd7f97,21,DNA,0,1000,31993,1,SRR11013465,-,7b487e7186f9a9ad648dccf78f264403ceed3aaa1c181d8f13e567e5e919c343,2020-02-06T06:38:41.000000,1037607
sigs/SRR13197638.sig,a4f657fca1481637f68ec4cf292612c3,a4f657fc,21,DNA,0,1000,31999,1,SRR13197638,-,e09cfc0ded13ce24c79475f9662d919be78d101dc8ccf5274ab222d3528539a1,2020-12-07T21:51:51.000000,906684
sigs/SRR1823684.sig,d1d0ec095f36e0353bc4ea02a6bb325f,d1d0ec09,21,DNA,0,1000,32011,1,SRR1823684,-,a76bced942f2b51a7a8e3a9337253aa4b513b109b06f598187fd952f7445c8cd,2018-10-15T20:47:21.000000,966213
sigs/SRR648651.sig,58f333c634a68abcae340382b5f4ceb5,58f333c6,21,DNA,0,1000,32088,1,SRR648651,-,180bd04b1297d20b8af69297980817516c2fe9080479deecefb4008b0b1fb152,2020-07-10T01:42:33.000000,805750
sigs/SRR12959582.sig,6d61251e0bc7362aa6fd1b699f1b1e62,6d61251e,21,DNA,0,1000,32171,1,SRR12959582,-,46d1d615ea785822b00fdb2e6bb9707e047bde6d72b0777304834cc2c2439ce9,2021-07-02T08:50:38.000000,976156
sigs/SRR30401542.sig,053dbb8043a793e1e082d960cf564d86,053dbb80,21,DNA,0,1000,32175,1,SRR30401542,,1493ff02d57dad44189ec66c078915bc43ea40ac1d71fa3f59ca029dc166029a,2024-08-27T19:19:56.000000,1144479
sigs/SRR35033691.sig,87c3a96043966cb1341035344d3e21dd,87c3a960,21,DNA,0,1000,32191,1,SRR35033691,,25864caad93bbf3f0d2772736bd8dd953f2f3cc98e55221fb0c1eb7c9c8ba62c,2025-08-21T07:59:36.000000,895555
sigs/DRR199432.sig,929869b5af3f4e848b41190dca1ba791,929869b5,21,DNA,0,1000,32241,1,DRR199432,-,8237bbb6278e8e615ca6feb89529b0482e7fd8b04dcdb1deb902cf8aa28a7d9b,2020-07-22T18:24:21.000000,933995
sigs/SRR1816781.sig,11b58d8f9f201cf4e1ec250ccb8acd03,11b58d8f,21,DNA,0,1000,32266,1,SRR1816781,-,b24ce8099a66900bf2309f3cbbf6985ed135154d9f3211b5a0e879da39d36b05,2018-10-17T00:33:30.000000,1147917
sigs/SRR11142469.sig,d4f4c2dc184efca9bcaca84f0de94986,d4f4c2dc,21,DNA,0,1000,32272,1,SRR11142469,-,fa2762ad305a43fd3fce6ff0c224a8e2ae70d7a0a4aebe56519d7a677053fd5a,2020-06-09T11:35:08.000000,895262
sigs/ERR8699137.sig,5e8863970c0c8b97f133ffadc5d8b1d8,5e886397,21,DNA,0,1000,32313,1,ERR8699137,-,2f6df5d48d650c9b2be13f56d10e7041346850d684d1615b2949550e45cc4771,2022-04-12T08:09:27.000000,924257
sigs/ERR305509.sig,ffface6099225f4838fe9ecf887d2dd4,ffface60,21,DNA,0,1000,32359,1,ERR305509,-,a7ff03d114332be4a25f87aa742383197534ce0fd4c3a56c724bb36841e88e94,2018-10-05T20:35:41.000000,594615
sigs/SRR1005505.sig,e05aec2245e67e7a613d8d014e4453af,e05aec22,21,DNA,0,1000,32412,1,SRR1005505,-,4194ae4bc37714abd7c1ed6ab3d7d1bd0db954c856ffe27b5e4e0f9871e44ad3,2018-10-15T16:08:17.000000,1167585
sigs/DRR390051.sig,aaf3068b2114ff33dfb1ad5ff4e6a0f9,aaf3068b,21,DNA,0,1000,32436,1,DRR390051,-,496beb39b9c430c36d0a86ba7a87dadf16b515475a7612b0ec6fd3102333af17,2023-08-24T10:31:06.000000,922944
sigs/SRR30345685.sig,f6a8863415390426761c975a55f5b2ce,f6a88634,21,DNA,0,1000,32447,1,SRR30345685,,646fa9110437ccf30a1e97578389f7155f286257d2df8d4884d8294b28d00d47,2024-08-23T18:01:02.000000,919599
sigs/ERR11195429.sig,6a92ec9ba0f7a60c7de37359a411986b,6a92ec9b,21,DNA,0,1000,32469,1,ERR11195429,-,0cade0c44faf9ddb75c3ccd473afee7bfca164313bb1c69f536420762d8f7d06,2023-08-24T11:53:52.000000,863736
sigs/SRR11101142.sig,8830dfc7b33c605df7f6a8bac20be4e3,8830dfc7,21,DNA,0,1000,32517,1,SRR11101142,-,97acf2d0a2fca921dd5e25a4a385ba3010d406c25918df14c0669128e0c76fda,2020-02-20T03:17:19.000000,1141758
sigs/SRR13234135.sig,b48938b2e021edb02e04ed8baa9f2c8d,b48938b2,21,DNA,0,1000,32529,1,SRR13234135,-,8e08041ce34396a00e8956c11b1b3f5678e857c093a12e121b52cbf5e61a43ed,2020-12-13T13:20:06.000000,913836
sigs/SRR6108518.sig,540a02e65228343ed04a9601549138b2,540a02e6,21,DNA,0,1000,32629,1,SRR6108518,-,9ad44f04c4b1c7f1db525507cf530ae7d16706cd2b13346f180f8e37fbca63e7,2018-10-18T10:05:41.000000,940859
sigs/SRR449529.sig,275a0adbf7d98c530139836f1edf6d75,275a0adb,21,DNA,0,1000,32647,1,SRR449529,-,4b53ef5c0fe533d5c24162ee9354606813bf2af846159d82a516d24c8db89ffa,2018-10-08T23:48:13.000000,1064557
sigs/ERR012256.sig,5b10031b537e9c853097599929998712,5b10031b,21,DNA,0,1000,32690,1,ERR012256,-,d48547e1eddac175af0cf46594067920323112f94e531a797f3580ae14d5150d,2020-06-21T12:44:33.000000,864418
sigs/SRR19089732.sig,a0246d4798a03d39994bf7efd3768606,a0246d47,21,DNA,0,1000,32701,1,SRR19089732,-,9c0f22a1dbdb2ffd88787e1a773bc14261822ea831df0202eca1b8c7b56a1dfe,2023-08-25T10:08:06.000000,937412
sigs/ERR8774829.sig,fe33c97e24c5722702826586548f2cbe,fe33c97e,21,DNA,0,1000,32754,1,ERR8774829,-,1cf9f57867e9bf5f44afa48484583264ef549db0a9000d4bbbef1e938dc788dd,2022-04-12T06:54:30.000000,938265
sigs/SRR29448557.sig,e23d1cc05ddb19701d6dadb444b8ead7,e23d1cc0,21,DNA,0,1000,32761,1,SRR29448557,,adddb892f0aa57cc29c7389a3d1609b54f8e9b1354a48bb0e2be02caef87c34c,2025-07-30T20:07:26.000000,943925
sigs/SRR12180923.sig,e80f00fa5c1b80a0ccc5dbd6417dba8c,e80f00fa,21,DNA,0,1000,32765,1,SRR12180923,-,cb7aca73e33ec42bc8a083e0cadc1915e48af7ec5288d7086ee38cc463b26b75,2020-10-05T00:20:06.000000,639756
sigs/ERR1374880.sig,e84ba61a77dd3f37f548bac55cf70fb7,e84ba61a,21,DNA,0,1000,32788,1,ERR1374880,-,fddcdb87cc15424bf761b22aa6389c6fedac4e91c782e480263a7cadd2614ea0,2018-10-07T15:21:29.000000,1142004
sigs/SRR7879752.sig,ecac1fb6bd41ab91e3a44427e23b3d38,ecac1fb6,21,DNA,0,1000,32866,1,SRR7879752,-,d3fc381605fab4646a1a8807c695eaf5425bf38a39b9bdef212090a8086d1a6e,2018-11-06T04:26:43.000000,1161639
sigs/ERR1734414.sig,dc3b5decce1762b8c7d342c8c58c83e2,dc3b5dec,21,DNA,0,1000,32873,1,ERR1734414,-,0f5f665047d9cb7e2238a6083f1d62b89ff2ddfed2d4cd6a708b21ee0b0c8972,2018-10-15T11:00:22.000000,1289400
sigs/SRR836759.sig,2477a09018a3d61e8126ee51f64763d6,2477a090,21,DNA,0,1000,33000,1,SRR836759,-,2280adfe786b4bba9b9efa972aa8a05b89cfab17c9b59bb0e9560b31257786b1,2020-06-24T18:21:25.000000,871591
sigs/ERR2305594.sig,fb67125dd7e015a6d8a368ff574bb74b,fb67125d,21,DNA,0,1000,33059,1,ERR2305594,-,71490dcbfcda691c64f159add9347a63c1ea150a7e6330564d5592286799d6cc,2018-10-05T20:24:58.000000,1109492
sigs/SRR22824494.sig,d29a1a18ab071434acabde458bb88010,d29a1a18,21,DNA,0,1000,33080,1,SRR22824494,-,55e1d456fcb771f68e1e2070df78282e312055677fc83a4c08f1edf63fe2f4b6,2023-01-28T00:28:37.000000,968229
sigs/SRR3437750.sig,48e60d55300dad30888232fe2c4fe58e,48e60d55,21,DNA,0,1000,33146,1,SRR3437750,-,6db94178d451ab4afde8ad40479f555eb5f4d0959f229b551c861ca3220b3cab,2018-11-06T16:13:53.000000,1202445
sigs/SRR32861755.sig,987bb0945b2b188cca7507f36d87ca72,987bb094,21,DNA,0,1000,33153,1,SRR32861755,,1f4c89366684de1d5a09d8f3a805a8487821eed8eab9a41dbb5c174417535d85,2025-08-20T23:09:17.000000,975190
sigs/SRR10254755.sig,293d7618b0e5bb9b51d702a7d0435161,293d7618,21,DNA,0,1000,33161,1,SRR10254755,-,0ae8bb283ca65a8b50377f2bee1ca466d0549858e44e4f86eb5ec4137269e535,2019-10-11T02:22:11.000000,1040645
sigs/SRR3662365.sig,b9fd8ff524a9e07ca52de946ffce1425,b9fd8ff5,21,DNA,0,1000,33175,1,SRR3662365,-,c8e702f773663c9f5fdbdc4b2c625a2170069706e7b8b7f1073e1786daa8f2e1,2018-10-16T16:05:42.000000,1037455
sigs/ERR13197983.sig,41b189132d3ca1f854f231d73b43dbc3,41b18913,21,DNA,0,1000,33192,1,ERR13197983,,eeef21dda9f674835372fb24be694776ed7968da6870cf19aeb3ad55ebf4b913,2025-03-01T14:49:17.000000,935298
sigs/ERR1556929.sig,e08417d56838d9560d8b8c1a9ec6d231,e08417d5,21,DNA,0,1000,33197,1,ERR1556929,-,fe34541f91441077b277ffd26f0ad719e2d56d04b1ace835634be507212d6fd7,2018-10-09T16:15:01.000000,1240737
sigs/SRR32603438.sig,2c34698bb07b035d2c6ccd6746d830d5,2c34698b,21,DNA,0,1000,33223,1,SRR32603438,,026c1e6b82513c2b38e3a56e24edab398526b7efe2b838bd487ab98ca64299c6,2025-03-07T22:23:09.000000,1061184
sigs/SRR22121758.sig,cf82802b7d35de3d662f17ea41df4c15,cf82802b,21,DNA,0,1000,33243,1,SRR22121758,-,2a6a1f6e58b1566c03265db29d042f2cdebda4eb84484d429678bb877168edfc,2023-02-05T07:16:30.000000,981131
sigs/SRR6172391.sig,c9f7672bda4fa20a65ea0dca100920bd,c9f7672b,21,DNA,0,1000,33267,1,SRR6172391,-,7357bb5ee39339a83b98c41a35251b3fb0e7086853f94698d3094a6b060c58dd,2020-06-25T17:22:44.000000,774130
sigs/ERR4400610.sig,184f1bb5fcb006358d964dc583eac6c2,184f1bb5,21,DNA,0,1000,33344,1,ERR4400610,-,9ccce772f3e59f163ae1d7fed8acb6993806f35695abf1b470dc3468fbe0ed29,2020-12-11T06:50:13.000000,930551
sigs/SRR10582736.sig,ae7ce9891be3c3b3cceefa24dcb853c0,ae7ce989,21,DNA,0,1000,33378,1,SRR10582736,-,f8caea6bfc5f5a4290794d0f6300017f4e47e55e17fb248af80bc731c79df7ff,2020-06-07T09:14:22.000000,967885
sigs/SRR17646488.sig,4efb04cefd9f7c0c8c066651929cdb75,4efb04ce,21,DNA,0,1000,33396,1,SRR17646488,-,1bdebe07af9b3d3ba48678189b28c4fec4325d6cfa59a94733e26019343ce373,2022-01-19T17:15:43.000000,903120
sigs/SRR29486269.sig,b7bf12c31f29c071afd9c7196c9450c1,b7bf12c3,21,DNA,0,1000,33403,1,SRR29486269,,dd67c48915496b75021da7cb875913f4ee0bdfe1bff369fac4e193038a9d0f36,2024-09-28T20:06:12.000000,1136938
sigs/ERR1729610.sig,debdaeee180735fc1ff9b4cab6f67038,debdaeee,21,DNA,0,1000,33483,1,ERR1729610,-,69ed5d22623e485e654e5349a862f96077b7c4d849be9842f1271b4116855a6d,2020-06-24T04:53:07.000000,936112
sigs/SRR9968962.sig,304e5e4bb2576864ebb895226135d654,304e5e4b,21,DNA,0,1000,33657,1,SRR9968962,-,da4fa863f18581259e35bdb3f12e1c8945aab213e4d8738168545ce91aba0ddb,2019-10-01T20:33:40.000000,1283161
sigs/SRR28466931.sig,85cc5dfb4c9f5c2d58590222822718f1,85cc5dfb,21,DNA,0,1000,33670,1,SRR28466931,,ae0ed5afaacc93d1091b7c7675f28a42ab84720e773a34c3b217c81a8cb87b58,2024-03-28T08:40:05.000000,1046351
sigs/SRR21732239.sig,a32d5d8c4cc7d364b27a5181ad25b856,a32d5d8c,21,DNA,0,1000,33685,1,SRR21732239,-,9813a1ccbe11fc180346a54c2379d58010afcd29911d1599dc311851ce432162,2023-11-01T21:06:01.000000,973776
sigs/SRR11285586.sig,040c2163802921c78fffcfee24377c31,040c2163,21,DNA,0,1000,33701,1,SRR11285586,-,ff31f7864900fcbd3fcf4049c2c2f567d3722e8524f04854f63d2e75764631eb,2020-06-08T01:27:11.000000,1001048
sigs/ERR1303267.sig,524b6105802c26522e18dadfcf5c4de6,524b6105,21,DNA,0,1000,33731,1,ERR1303267,-,24fceaf08642dcbabe557898a0ce75ed76276d30b52948b49ec1f0bb313f8c43,2020-06-19T12:02:26.000000,895342
sigs/SRR5978558.sig,d185f3d0dac6213be2c9dd5f488169b1,d185f3d0,21,DNA,0,1000,33899,1,SRR5978558,-,30c7b30fcf56008dd6bb94e0fe945506bd61730a50a603c9cd94e5763156c70a,2018-10-18T18:10:51.000000,1044881
sigs/ERR5966591.sig,ed8a95512fd46735e0307b0536ca15c0,ed8a9551,21,DNA,0,1000,33960,1,ERR5966591,-,7855c2a8cdf8b1889882c5c4ff88378992c8f42a58f92905e82c46653e481224,2021-12-05T08:55:14.000000,1064780
sigs/SRR34754728.sig,6ffb284d01ffb89b6a46f4ade1b95b12,6ffb284d,21,DNA,0,1000,33994,1,SRR34754728,,71aee0b571820d4f0a7fe0994f6762174be8cec4b043f8f464fa17bc43928d1f,2025-07-30T20:04:52.000000,956085
sigs/SRR19146726.sig,9bf45b43d1a592bcb9e204c897ba6bf7,9bf45b43,21,DNA,0,1000,34058,1,SRR19146726,-,08d410bd887f2e870b9eaad1a6aa21ad755341e9ebdd2abfb116b6294592b14a,2023-08-25T10:02:58.000000,947353
sigs/SRR25099947.sig,8d63131dbeba2046bd6a38b4157d9458,8d63131d,21,DNA,0,1000,34078,1,SRR25099947,-,bfa30c12af6563a0ff0dae677888ba1ccebb1620bd7d37923ced7e6afd8220bf,2023-08-24T04:38:27.000000,920864
sigs/SRR12789747.sig,6bcb25f889d60f3741acfb8d0f372cf2,6bcb25f8,21,DNA,0,1000,34135,1,SRR12789747,-,805ac7b260e4ad38de59f0ae4aed3ef4c809021ad265696041a90ea0bc086d5e,2020-10-08T17:35:34.000000,960003
sigs/SRR10958179.sig,8776f9fc45283b6e665e500a6d201af2,8776f9fc,21,DNA,0,1000,34157,1,SRR10958179,-,45b46a9b6389815e7eb995c56412a8d2d076b99763f625ef7746f54431b3fea9,2020-02-10T03:32:43.000000,1133590
sigs/ERR4013409.sig,3978f0d932ef4e547e692c2a74e859a4,3978f0d9,21,DNA,0,1000,34173,1,ERR4013409,-,67ad664bea41a128d1ce4e54937a1ab324587cecd927ec821b63e67241c7c9e8,2021-01-08T18:41:06.000000,944774
sigs/ERR1422641.sig,dba3f68f8b1228d9ffd7c9164027ab9f,dba3f68f,21,DNA,0,1000,34194,1,ERR1422641,-,da2b9cff18e9851f134d45497f20d82b5c344144441209df6affe03e3955b9b1,2018-10-05T18:57:31.000000,1236297
sigs/SRR10130803.sig,cd86c47fe408af48ad3234bd66b2ee48,cd86c47f,21,DNA,0,1000,34195,1,SRR10130803,-,60d84f67c68d6a32f06dc1502f3c5d35559265c28168ae0780a7a56677febc7c,2020-06-08T07:43:05.000000,1003956
sigs/ERR1288974.sig,d3d036e294d908ce9c8aa18644856bfb,d3d036e2,21,DNA,0,1000,34223,1,ERR1288974,-,8717b4b5b14d62525eed8a4ebda9435b1f20b3c59271b027440b006ec3c8fea5,2018-10-05T18:45:31.000000,1260215
sigs/ERR14190419.sig,9c363262941a291775ace297f11f569c,9c363262,21,DNA,0,1000,34332,1,ERR14190419,,a58c3b4e7fc8dbf5fc77603f4a02e7b7d3c27e778aecc6caa7042f0148a664d2,2025-03-12T00:27:04.000000,952431
sigs/DRR149607.sig,9bfe8105dae7a5e7398beb3b70c025d4,9bfe8105,21,DNA,0,1000,34335,1,DRR149607,-,abb2ea5f0550cdfd1dbb94a3492a4a8632403cf159695e92a3fe82440c78dadf,2019-09-26T07:02:33.000000,1086338
sigs/SRR1379622.sig,c7ab11b53fd33c4e645f5e2c86e32a59,c7ab11b5,21,DNA,0,1000,34452,1,SRR1379622,-,3a43baaad072301f8b8884a816c7ebe07b7b22b02066316941d16e7359babc02,2018-10-08T11:18:37.000000,1125541
sigs/ERR14049096.sig,81ac821537c7a3540f69323bb69c15ac,81ac8215,21,DNA,0,1000,34480,1,ERR14049096,,d715dd953f83b4b02f3c9605c0d84f29871004141c39fab49223e1129000e103,2025-08-19T19:13:12.000000,898146
sigs/SRR1178484.sig,5bdc4c2c7605709893ad0d92436a73f4,5bdc4c2c,21,DNA,0,1000,34499,1,SRR1178484,-,5e973fbf58859437cfcb746c9073e6aa8e1ee76f5334999d3dde91e871d4e707,2020-07-12T21:11:29.000000,972844
sigs/SRR24181995.sig,636ebbdcd391fd10ff2caf0df32ea176,636ebbdc,21,DNA,0,1000,34512,1,SRR24181995,,bf166131f06d693b58f98b536b55f5bfb56f9c108dfe6d2ea40f90b4d1085f18,2024-03-24T10:53:57.000000,545667
sigs/SRR11752870.sig,6b6daae9692fbc45c2cc40a4aaedd600,6b6daae9,21,DNA,0,1000,34518,1,SRR11752870,-,73521eb5d27d5956b35a49730b5b0e49d6019f659697a7c72b5e9b23864c3a9b,2020-06-09T10:02:54.000000,966228
sigs/SRR25931890.sig,635c87838d2b808d5174b75890d254c2,635c8783,21,DNA,0,1000,34603,1,SRR25931890,-,545c58c9015f79ce0e5ec263242147b8750782894bd3f3bb59aca689dc635cff,2023-09-07T19:06:00.000000,1001119
sigs/SRR25748333.sig,4a3d1e584dd6e7b162d97f2f9f2dbba2,4a3d1e58,21,DNA,0,1000,34604,1,SRR25748333,-,81167187be09ced10097f4d1add4102443886ae640e7747392c732ccd87136c4,2023-11-11T11:20:20.000000,973337
sigs/SRR641713.sig,593111b6e61f3086705642c6a198fbbf,593111b6,21,DNA,0,1000,34607,1,SRR641713,-,82345dad69c12498d3097c6a34189d663b56cfa7bcd2812fc29173f5f247df56,2018-10-09T02:29:33.000000,1242019
sigs/SRR28745959.sig,f152f79f004c024bc656339cc4f44a05,f152f79f,21,DNA,0,1000,34681,1,SRR28745959,,f97a7cf5bf4a236859e0ed1809f87b7ba80c77083c6a5cbc482716e933ae87ee,2024-04-20T21:06:26.000000,990855
sigs/SRR10830961.sig,c9afb8730c207eb492bb9ac8289c487f,c9afb873,21,DNA,0,1000,34728,1,SRR10830961,-,e818fa7872550864b79608b1689c3f6bd333cb510ec20c59de28e2b912a870a9,2020-06-06T22:51:00.000000,989482
sigs/ERR8980238.sig,01661a44498d553f673a11ef90957cad,01661a44,21,DNA,0,1000,34759,1,ERR8980238,-,7fd3a18b7f678846aba05873701e98a745a5816390d3d7b0a70a9e67fb6b1a54,2023-08-22T23:10:10.000000,1001725
sigs/SRR13295082.sig,9186f90af1b4880b9bff927453ffddd6,9186f90a,21,DNA,0,1000,34770,1,SRR13295082,-,7ce04703770c549c0ffa49be89cb13d97b2991d3b3386f74bfa6c5e083837317,2020-12-24T17:08:10.000000,1104715
sigs/ERR6149424.sig,23bf05a4c6808c318669180ecb48c059,23bf05a4,21,DNA,0,1000,34788,1,ERR6149424,-,f8f13ce450c4a6b900bf4501ec7639e76ba5979a634b052e294cae32a2e42eef,2022-12-30T20:08:50.000000,1119290
sigs/SRR12990172.sig,e36834eec112f28928236b47f5a54c6f,e36834ee,21,DNA,0,1000,34809,1,SRR12990172,-,8f9ce1346ed0ffa93438cff059f9cece6df23e429e02a92e930a0b9c51521008,2020-11-10T10:39:46.000000,573202
sigs/ERR3670770.sig,16e46439ebb6e79a73b8f004216ffa32,16e46439,21,DNA,0,1000,34819,1,ERR3670770,-,ceca985ee1d96333e69ed3f9815964effef7ddf74d6220894053a2e3c3988b0f,2020-06-09T11:32:07.000000,946686
sigs/ERR4400106.sig,e956b2f494e97d108fd8977bb2bd5046,e956b2f4,21,DNA,0,1000,34828,1,ERR4400106,-,4b8b7afd648172b227435562f6da0619072fa583aef20d4ae4ad6139e65e3c6b,2020-10-14T14:03:27.000000,930076
sigs/ERR10913420.sig,37000144e0787a23ddf93f8dec03738f,37000144,21,DNA,0,1000,34849,1,ERR10913420,-,0200f74c014871049f60dc817c6e9b4ea294c8f736639f90e890f11f23b591b3,2023-08-25T04:41:19.000000,1062196
sigs/SRR25610370.sig,cd2a5c537d7f21ed098b20f871dc4485,cd2a5c53,21,DNA,0,1000,34861,1,SRR25610370,-,891855ac41391109ce2b79bbf38e4aea4732fa1ae31487ef4dcdea2ef8e97d80,2023-08-24T00:06:59.000000,952489
sigs/SRR28770142.sig,ea9abf4e62f6d01096184a66c4166fb0,ea9abf4e,21,DNA,0,1000,34867,1,SRR28770142,,eb9ef02872ffb31a3b2d9ceb5b074c2301d19cffcdb2d8caa510ee14608d93ca,2024-07-01T15:51:47.000000,1016812
sigs/SRR867155.sig,ae68857e9997d1c368785e83ba7d826e,ae68857e,21,DNA,0,1000,34951,1,SRR867155,-,252541c791fc50b5ccc20736699e31861828f9cc7a77878d4f085bbdef3acc1c,2020-07-09T20:32:37.000000,923632
sigs/SRR9184517.sig,0dbae32a7c419bff32ede24792ddc28a,0dbae32a,21,DNA,0,1000,34951,1,SRR9184517,-,e1cc17294c11453d0920c98cfdd98469c6ab804e4f490429120b12cd8716a271,2019-09-26T05:45:20.000000,1115569
sigs/SRR7451131.sig,6f5c4479d5fbc7900dbc7c24785f0444,6f5c4479,21,DNA,0,1000,34987,1,SRR7451131,-,0053c235066cb4f841872ddf84799fd3a4bc9f1b344df4c7124880da12493315,2018-10-19T13:16:35.000000,1261041
sigs/SRR1967167.sig,0aec96006885f6fdf1be0f7f3fd127c5,0aec9600,21,DNA,0,1000,35034,1,SRR1967167,-,50aa442733de56d67e9772c08608303c4102dfb9ee6f3902adb13e355c86db60,2018-10-06T00:01:48.000000,1344396
sigs/SRR22859753.sig,7d9904535c2e4e27734fbef39cb8cdf0,7d990453,21,DNA,0,1000,35050,1,SRR22859753,-,27fbcbfdcb128c54d344c7aa38e0065f0ad111085ecd8624db3e655f167f16d7,2023-01-18T06:37:15.000000,1390012
sigs/SRR6832522.sig,bf34e4f31ce4c34d449c1eaf089c5d67,bf34e4f3,21,DNA,0,1000,35050,1,SRR6832522,-,75cae0ce0519e0a3819d8a369a300f4583ecde30e93024f20f3fff7b5cf328a7,2018-11-06T08:06:16.000000,1336166
sigs/ERR1672843.sig,e9ebd33f268a99ae739013756e243ffe,e9ebd33f,21,DNA,0,1000,35050,1,ERR1672843,-,8a696b4b500699daa36e79b06baffa640ce93d0a4b2f78334138abe960ccc3a3,2018-10-05T19:24:30.000000,1300130
sigs/SRR34179159.sig,818cfcbaa0fe3868bc0b116908f9fc95,818cfcba,21,DNA,0,1000,35084,1,SRR34179159,,6afc8fc39eb07769e2ab53788036bc21e556a6c506bcf24fee13aad7789164ed,2025-07-01T13:42:10.000000,978851
sigs/SRR17847228.sig,3f83ddaa36389aff6886204d9310214a,3f83ddaa,21,DNA,0,1000,35143,1,SRR17847228,-,1da559e02224a12626f59778d9d6d5b0cb4139ede94cd850d1a784838f3f44a8,2022-02-03T01:58:35.000000,996010
sigs/ERR235014.sig,dc3c57fa4c6ac2a831bd224c33d820b7,dc3c57fa,21,DNA,0,1000,35178,1,ERR235014,-,ab89028e9926cd28f58dae55071ef5e366d6bdd39b0b4630d80e526501ec4f4d,2018-10-05T20:26:27.000000,1335036
sigs/SRR057690.sig,7a636a1fffa58a134d936e06d40c2299,7a636a1f,21,DNA,0,1000,35194,1,SRR057690,-,d55d2af3287317bfdcae0d01cc0ab6f34a8294080b80727e6ac3bd6e3b659e12,2018-10-05T22:37:55.000000,1173265
sigs/SRR7085275.sig,4cb45c1a3531b47747630975c68f91ad,4cb45c1a,21,DNA,0,1000,35212,1,SRR7085275,-,b2359b025a51c9139af09fdb228214272572d5a4e5954a46e7d4cbbbfc0a11b5,2018-11-07T07:23:09.000000,1200775
sigs/SRR26380718.sig,1a08470c847075e8bf2fece6a1fe6cf5,1a08470c,21,DNA,0,1000,35238,1,SRR26380718,,8f4a12d331b8e576addd68db3262b8ca145fecf50c52ae61a53ecbfb561a5bae,2024-08-20T22:21:06.000000,969607
sigs/SRR26333102.sig,965925226dbd47a02e00abc4f184b3ca,96592522,21,DNA,0,1000,35241,1,SRR26333102,-,4852cefbaae6edb27c99fdfc85c4f2c25a3e034b76ab4bd459c2ddaf1b9525de,2023-10-13T02:43:49.000000,1022363
sigs/ERR3566017.sig,1a1eb34a46b52bf40a70dfb09fc648e9,1a1eb34a,21,DNA,0,1000,35347,1,ERR3566017,-,67301fd08ff00a85b5d75c6722360f3807108ed4aff08c0237ef5a676cd845f6,2019-12-03T04:09:37.000000,1224602
sigs/SRR29112277.sig,615ac04700e93f3d3010c23fe6bcd15c,615ac047,21,DNA,0,1000,35379,1,SRR29112277,,bcc64a97393bbad3c46c7d37f772a23f0949a11e8762eeb0a829f3afb910460b,2024-05-26T13:07:22.000000,1021521
sigs/SRR12272090.sig,e9444e150a7fa68b4e5a61408c415ab3,e9444e15,21,DNA,0,1000,35384,1,SRR12272090,-,33966e26cf10591a024b43b18e882d3ea57946403732225a8f292882b2146367,2020-07-21T18:13:02.000000,1046303
sigs/ERR3958141.sig,4431b5b44e928f6ad3cc1f839f40ea2e,4431b5b4,21,DNA,0,1000,35413,1,ERR3958141,-,3acef8b7560a1fb2bda8dbd7f658a57d401eec9d32db097d0400a8940008319f,2020-07-11T01:33:13.000000,873289
sigs/ERR1453428.sig,accb380dfedd9b77d442d6db00e358fa,accb380d,21,DNA,0,1000,35492,1,ERR1453428,-,c853172a02eed295f4085bbcc79632f64034517aa78dbc242a5cfb7b0cdb0cfd,2018-10-17T15:17:10.000000,1288966
sigs/SRR33384298.sig,22afcdb8aa6dd9e11030aacbf10b68ae,22afcdb8,21,DNA,0,1000,35523,1,SRR33384298,,05e6b17542e66f8081638c8956753276abaa7fb958b91205cc5fb3f0e81b8b50,2025-05-05T22:39:51.000000,1129854
sigs/SRR11594630.sig,a05a5eb849356c0ab94304c14b48f503,a05a5eb8,21,DNA,0,1000,35531,1,SRR11594630,-,8660d8c5cb7b72bfe79cf95e67d7a321e26ebeac55ef7036cc919b7cd61e7495,2020-06-07T01:21:06.000000,985149
sigs/SRR13870914.sig,091a018ebb3351c3d46608d886d890cd,091a018e,21,DNA,0,1000,35575,1,SRR13870914,-,577ebb73a922e8627833177d8963832e12cb713d1a880000517e87dbf5e121f9,2022-08-26T02:25:44.000000,1018507
sigs/SRR22175216.sig,c8392db45814e5d743805ce2dc5313dc,c8392db4,21,DNA,0,1000,35584,1,SRR22175216,-,31a5af46759376675b412cc4999c9a1a1b4e3b20e7e73975db1460ffa201915e,2023-02-04T06:28:36.000000,1052910
sigs/SRR6440081.sig,9ca0898b16d9fffd55beba80f0622bbc,9ca0898b,21,DNA,0,1000,35601,1,SRR6440081,-,4905e2dbb4a70f27abe73cfb22e1d69b23be7873f48f21abc27e65c3e6de8f0c,2018-10-09T02:32:35.000000,1156127
sigs/SRR29859754.sig,eada5d837f56e162ae397602c186cfa6,eada5d83,21,DNA,0,1000,35620,1,SRR29859754,,29b90c985dc638fc31c21a662ba9062d69550d615de1edfd5a2b1b2e5289b868,2024-07-21T06:06:53.000000,1160952
sigs/SRR1208432.sig,514091169e486538b940e279e61dfc81,51409116,21,DNA,0,1000,35666,1,SRR1208432,-,5922afe39851fae4d73efdd9b8353ab1732e514ec49abd6a7e4712c8f97243c7,2020-07-26T03:37:46.000000,729004
sigs/ERR9872313.sig,ccadaad72a7210b9a724e8661a407b03,ccadaad7,21,DNA,0,1000,35687,1,ERR9872313,-,77b549d2c77f5ff90c124d69e5644f840095bda5ee9e8153f4566ff6db76e4b2,2023-02-06T17:02:59.000000,1072221
sigs/SRR14852238.sig,bf6f1e0912604793eacdcee9a5486368,bf6f1e09,21,DNA,0,1000,35696,1,SRR14852238,-,099cc55aaa15953bf3cdfad5cde2d71c8bc4d6b398f7a0f64ae3b5f9ae1b0e1a,2021-09-21T19:03:06.000000,1109379
sigs/ERR3577337.sig,991dbf531018d9d083021300182d4871,991dbf53,21,DNA,0,1000,35784,1,ERR3577337,-,7019b0691e5a76bba555f15079827a15cd1228f2cf4cc1cf0e8c5c5213e0b2ab,2019-12-03T09:52:59.000000,1213937
sigs/ERR11081486.sig,b9c67a70f41a52fcad0b94ea0105f575,b9c67a70,21,DNA,0,1000,35789,1,ERR11081486,-,09f01c4914054c473060bbaa27e82226bd8161b887a7117feb1f1847579fe5d1,2023-08-24T12:42:28.000000,987880
sigs/SRR16151933.sig,bf35bac0dc780309dc49da9a4334bdab,bf35bac0,21,DNA,0,1000,35877,1,SRR16151933,-,e590fe1a45ba9b7d54dde66b9d25334eb26f3ab34c26300ddaf97551b89c578f,2021-10-05T08:28:49.000000,965101
sigs/SRR11812731.sig,ca870ea59960f1a279c02c0b8be73fe8,ca870ea5,21,DNA,0,1000,35928,1,SRR11812731,-,8e1fc759ac5d3d261da8098a2424051aa9f4cd228c6066c0533e824186b6bf7b,2020-11-19T00:15:56.000000,1029913
sigs/SRR32265269.sig,d1bbb295e94da8735d8e52074bbe5446,d1bbb295,21,DNA,0,1000,35942,1,SRR32265269,,ff543068f059b207300e0edb8916d891dddef004e5bb59c76df4c05bbe9cfe52,2025-02-10T06:02:18.000000,1065724
sigs/ERR12083844.sig,0252319c732fea2f3b98ef0379a12272,0252319c,21,DNA,0,1000,36016,1,ERR12083844,-,4c694436e8914d141af538c28dced6dbf601f5cb685f3f51fd6a79ea66551bab,2023-10-13T03:27:12.000000,1017274
sigs/SRR8037332.sig,787e79dd6f9a529f07d0ecbaca34b0a7,787e79dd,21,DNA,0,1000,36024,1,SRR8037332,-,5367a73e8622fa6ddd2a63d4a7248a4580c447c3646f18cc7a278853803ef513,2020-06-09T16:12:00.000000,1021064
sigs/ERR9837184.sig,339728dd5d24135047bd7f0641f4766e,339728dd,21,DNA,0,1000,36135,1,ERR9837184,-,3f832474beceab4851124767e090b25a371bcec7298fc3afd4ae22755fd4f0a7,2022-08-26T06:42:37.000000,976780
sigs/SRR28800653.sig,4bec7c91e655332f38ae85eed7584b71,4bec7c91,21,DNA,0,1000,36143,1,SRR28800653,,47b8a83bd23351d2132e5c6b9b2879ecf4e9087d20f28a9b873d9ba0fe9556d9,2024-04-28T13:14:58.000000,1070390
sigs/SRR18185534.sig,68e3daed1a8f129bf362495314ea4a13,68e3daed,21,DNA,0,1000,36152,1,SRR18185534,-,de0d4cd46b1599719e0664838ae7e32038d1a203430a2b7783faccc87d5d3d15,2022-03-03T01:47:15.000000,1016338
sigs/DRR388997.sig,f9548f76adc7be08ee8bba96627f56e7,f9548f76,21,DNA,0,1000,36204,1,DRR388997,-,22c22e98fe5242a9791c743fc38ddff7588c65fd673086f742501f2da8d5a405,2023-08-24T10:14:49.000000,1023657
sigs/SRR8291774.sig,f26b82d2a15684213589e39479177fc2,f26b82d2,21,DNA,0,1000,36248,1,SRR8291774,-,af7a6e41b1a02dea82a4d913dbf0d337a9939cd25defdda53ed7048b1f697173,2018-12-10T04:14:04.000000,1182178
sigs/SRR28347145.sig,e13d79018376124fd6e33cce5ae6f3fe,e13d7901,21,DNA,0,1000,36293,1,SRR28347145,,0941f01b3810164d74b79044aaaff8aa03b718dfb38276694175331a0664f034,2024-03-15T20:24:58.000000,1048373
sigs/SRR10397794.sig,548ec088f219d27f201a88def4ea4c2a,548ec088,21,DNA,0,1000,36310,1,SRR10397794,-,6bf2bf8e513f0b9b185f2dec7b8a780f8696e50cde690c2684f0293242e304bb,2019-11-08T02:19:59.000000,1265949
sigs/ERR3831146.sig,4be7ce089398ddf6f4e0859a19f36098,4be7ce08,21,DNA,0,1000,36317,1,ERR3831146,-,2d2275e55ee67db062e439506cabe5633e33d8230546b848b36a2d6e82140fae,2020-01-24T03:40:00.000000,1272903
sigs/ERR403517.sig,bb9c862c9986f722f2adc40707c689af,bb9c862c,21,DNA,0,1000,36321,1,ERR403517,-,85b2c1442a70011170d138af7d5667bb3c0bae5af43f747990b52296597b4765,2018-10-05T21:03:40.000000,1360990
sigs/SRR30294445.sig,e560461f938da2f476bb8fc8c91d5ca1,e560461f,21,DNA,0,1000,36389,1,SRR30294445,,226a8c777d129cb2f0a36ee61412ac550e21a2210d78d0563304b6911e49ceba,2024-08-20T21:48:09.000000,1017201
sigs/SRR27696290.sig,4ea43b09a519b6bfce6a7081d6b80a10,4ea43b09,21,DNA,0,1000,36453,1,SRR27696290,,d4c31391a3cd60f701b576716ec804141c1f93a36342fc6d57d460caa7d5d1fc,2024-07-10T18:44:40.000000,1064502
sigs/SRR23919919.sig,6e7efcba3398e95f2331fb3351e0d099,6e7efcba,21,DNA,0,1000,36458,1,SRR23919919,-,8e43a3f63b0f5ce334eb71d3c3fbc132d445116170d8f78c512860546fea8b3d,2023-08-23T07:26:14.000000,726776
sigs/ERR9768069.sig,4d98cf54ddd7eedd9d971b1318d503e0,4d98cf54,21,DNA,0,1000,36497,1,ERR9768069,-,51d0798e2a20bb151bbd158182e77b32fe00261ea29735cbb32c9727eb782b57,2023-02-22T13:56:49.000000,1052869
sigs/SRR23291668.sig,b1cf6796343facf5442f68d2846e5a78,b1cf6796,21,DNA,0,1000,36594,1,SRR23291668,-,b6dec834cfbb36801d918fe93ed9505a54890768da811f96d17a09c3d6c3a8ee,2023-02-14T18:21:40.000000,1002967
sigs/SRR23116167.sig,b426eeec50f99170f4c5bc303dbe4c93,b426eeec,21,DNA,0,1000,36800,1,SRR23116167,,2a1aa61b6a8298adbc3e57f957fea6515720008cc324afa8eb344a7b349eb269,2024-01-13T06:22:53.000000,1051322
sigs/ERR4579314.sig,a4aa1be2e24a21bdb34c2ba565ea9c17,a4aa1be2,21,DNA,0,1000,36807,1,ERR4579314,-,2a5cfa5b71c7566af210b635130619365fb56c775a077cfd83789147f8a7e934,2020-10-30T08:51:14.000000,985362
sigs/SRR10002132.sig,33267478fc2c246360f2419714cce24f,33267478,21,DNA,0,1000,36886,1,SRR10002132,-,fe9a0785a09a93587a1ae2086df55b2758f66437c4517332e7cd1dd1facd78fb,2019-08-23T03:00:07.000000,1390629
sigs/SRR28858670.sig,1335f002e32a62a733b8c37a26a18d59,1335f002,21,DNA,0,1000,36893,1,SRR28858670,,c59a7ab923acfab123af035f7013bacb81f295de3194810490556089f11132f1,2024-05-04T10:56:34.000000,1044713
sigs/ERR10548814.sig,8e13191251166b659984609f27b8671e,8e131912,21,DNA,0,1000,36894,1,ERR10548814,-,88aaeea2505f2380a17aed6b31f4e419820baba3f92ab8fa05baa54b313b44b0,2023-02-02T03:30:31.000000,966989
sigs/SRR4302173.sig,305fa509a11db844ab67e422e52c11cf,305fa509,21,DNA,0,1000,36924,1,SRR4302173,-,9e72747fd35151cd8cf7a48c86ef7032d1e6f23464c3a45b94dd1d4501a53fe8,2018-10-16T17:24:58.000000,1104586
sigs/DRR096393.sig,6e3a7e34c94d6793bbcce208d0bc65c0,6e3a7e34,21,DNA,0,1000,36984,1,DRR096393,-,375be429046791f06306288d88b7818bcb80452fb5c8cb675f285edaaea81890,2018-10-05T17:42:22.000000,1375960
sigs/ERR1023720.sig,df39722062830bf285fe4ba3b8af2411,df397220,21,DNA,0,1000,36992,1,ERR1023720,-,0e3b6b02d6ecbc8d89dc3fdd25692160b81b5e6f87d0ce02727a8755c24eedcb,2018-10-05T18:14:27.000000,1358751
sigs/SRR21011630.sig,635ffa5e995f9287647a8ca8792155eb,635ffa5e,21,DNA,0,1000,36995,1,SRR21011630,-,7ce0943964a6b0eade2883356592bba6634b2a88ee07bf0c24508aed3ac265fd,2023-08-25T07:04:53.000000,1177910
sigs/SRR16038846.sig,07d128a7b721516620028194884fed3e,07d128a7,21,DNA,0,1000,37074,1,SRR16038846,-,34963cc3d6242d46998194e2db777c6ac3c9c0fa3d92373b1ad7b5fcfb3e0eb1,2022-08-26T12:06:16.000000,1118431
sigs/SRR5280380.sig,a83b9e7dbea160113e36c04375fdeaa9,a83b9e7d,21,DNA,0,1000,37130,1,SRR5280380,-,9aa178fdadd8a864963d6c7305229539c67120451f5eeae70eb631820290b8c1,2018-10-09T00:37:30.000000,1149459
sigs/SRR13963353.sig,0cf51461b4ddeae6d6d9f7427d28bc29,0cf51461,21,DNA,0,1000,37146,1,SRR13963353,-,74d79953f7aec85e16bfad0ad96339a46f35d6f21990866dc6f2f9ff885af098,2021-03-16T17:13:43.000000,1069012
sigs/SRR6219410.sig,1400c0463ea2f8559f50fb14424ce416,1400c046,21,DNA,0,1000,37155,1,SRR6219410,-,cc7eb2c0e40c11845ec94ee520d8c275569a8aa75b208ecadb0d795326ce3376,2018-10-09T02:07:41.000000,1154811
sigs/SRR3082144.sig,66eb463dda6b1907c32f8e98cffbfc3c,66eb463d,21,DNA,0,1000,37287,1,SRR3082144,-,9056b6177d3cbc5ef4cd0b338dd574223ccadfd9bd27c7cff60473d7760348f0,2018-10-08T22:01:29.000000,1320440
sigs/ERR8699814.sig,22a9b0ccca2ef665391f0c82ce32f4a4,22a9b0cc,21,DNA,0,1000,37319,1,ERR8699814,-,e05b8cbc282f2997cedc31f79f6472c8b42faec731b7167a57301409e59ff883,2022-04-12T07:56:24.000000,1056630
sigs/SRR34332922.sig,9bf1bc7d111efbbddaa232d2f4058f0a,9bf1bc7d,21,DNA,0,1000,37376,1,SRR34332922,,d470bb30d2a8beb921b47aaf1c741b4a61bb090ca9cbffc47d19f3239d291d18,2025-07-03T00:11:28.000000,1274653
sigs/SRR21733002.sig,fa865ab28a91109be52c1926a78f7bad,fa865ab2,21,DNA,0,1000,37394,1,SRR21733002,-,278861eaba00acccbe406e92933ea97908442f64d21d02259a45ba6f764ee203,2023-11-01T20:38:38.000000,1075010
sigs/ERR10431840.sig,4145660e809f79d441e0bd1c5a807ca4,4145660e,21,DNA,0,1000,37429,1,ERR10431840,-,f9c66283635ea63c4786b186d2ea21ed365581724a5c3108716bff1ad5bb0956,2023-02-04T21:14:25.000000,1051532
sigs/ERR2680566.sig,4e652ebe963cd27e54f8b0095665eec9,4e652ebe,21,DNA,0,1000,37439,1,ERR2680566,-,7bfee526f919e54413e35159a2adabfcadc7eca9fed9ec5bd9df0adbb127ab24,2018-10-16T17:20:19.000000,1377047
sigs/SRR21227443.sig,d6e1515126a204c1a6270e59a4e94af8,d6e15151,21,DNA,0,1000,37465,1,SRR21227443,-,7a1c785afc93eb7f83de6cd3519ed79fd79e7507bd550f58019dbf25df6a8b72,2023-02-06T18:59:25.000000,1035568
sigs/SRR17780099.sig,88494e0790f00cec0a37a69c8fc29cf2,88494e07,21,DNA,0,1000,37505,1,SRR17780099,-,40eb9f26b1f18931f174ec4989bcd9f3efb546f077bbc7c3aed52f58852e9eb8,2023-08-21T19:25:42.000000,1055556
sigs/SRR8950394.sig,52c778d6f1e95daced585a3db2e7ea52,52c778d6,21,DNA,0,1000,37605,1,SRR8950394,-,e35d00d68a458afada6d947a45ad66e7fa878c726ea705454eee63f3841dc2be,2020-06-08T13:31:25.000000,1056506
sigs/SRR22432866.sig,4bb05d89853f4220b8d9b7967bd30c3f,4bb05d89,21,DNA,0,1000,37635,1,SRR22432866,-,2293853667d4a9c9c00da587069d86b600f8942f8da71bf6f67bf44e590442da,2023-01-28T06:37:15.000000,1054585
sigs/SRR1144830.sig,c7533b697cbd41abd03effa46be533ef,c7533b69,21,DNA,0,1000,37657,1,SRR1144830,-,f81e5dee0f7df28bcc071911f1e638c0c33d35dc218fcb123b586c7abc383ebf,2020-06-09T07:02:46.000000,1048612
sigs/SRR17925399.sig,4ce3770a39024f06f031cb66a3c8e69b,4ce3770a,21,DNA,0,1000,37659,1,SRR17925399,-,edf63d6ce3eca65b02a9629fe7b560226fa01e17929f62610de12e5a922671b9,2022-02-08T17:06:33.000000,1239930
sigs/SRR16146559.sig,5f47d13467ad08c15570e23bb42f1a72,5f47d134,21,DNA,0,1000,37660,1,SRR16146559,-,2559c0f8011e724d1bc5b74cf9cf0f26e75a74f1507c9fc5b8684e4e9eb4e97e,2021-10-05T03:51:24.000000,1171752
sigs/SRR13075216.sig,fed0233603a8d2f64c6075e21d494319,fed02336,21,DNA,0,1000,37733,1,SRR13075216,-,f1407c794d393b8991fbc61ade8798181c271845a59ea26502dcfb812b636de3,2020-11-18T18:17:10.000000,1065908
sigs/ERR11137276.sig,2a92542b2c2ac496204efb3e4d200750,2a92542b,21,DNA,0,1000,37776,1,ERR11137276,-,492cf4a797b4edcd6ae39865c193582b9915ea99d5c58a1969bc7ff017745ad2,2023-08-21T19:47:57.000000,863063
sigs/SRR3629510.sig,3115c22bbe775913da9f49e826048506,3115c22b,21,DNA,0,1000,37793,1,SRR3629510,-,eb676771848df216572d338f6dd8eb088ad3b2f4a7da3c711ba4604997ee95d6,2018-10-16T12:29:54.000000,1289379
sigs/ERR3595393.sig,5c1ff4064aff99a78bc07d5b2626bcae,5c1ff406,21,DNA,0,1000,37799,1,ERR3595393,-,481657c20e75da8815595ef0408e4a76762ad82df7715eae5b099d6d49458163,2019-10-28T07:16:11.000000,1267130
sigs/SRR30307876.sig,2f624b39f3663e590675382f78dccf19,2f624b39,21,DNA,0,1000,37826,1,SRR30307876,,d268244baaa4917a58f7762e9508a22cb1cde0b41bcda32e4c5a55017d6fc8b3,2024-08-31T17:40:55.000000,1053651
sigs/SRR12198536.sig,da77145df0f212c15ebed67d282e792d,da77145d,21,DNA,0,1000,37845,1,SRR12198536,-,343fc255953daed90d9c790de30cad8df6dd5c83923b5ae44d95ec800931e518,2020-12-01T21:49:16.000000,1008578
sigs/SRR14146044.sig,a5ae119cee91ae8adbffe17669377da8,a5ae119c,21,DNA,0,1000,37858,1,SRR14146044,-,db4dfe4f2d0a8c94d7a5c14a0a44c150f30a11860d5bda5882f11899f9547fb2,2021-04-06T21:37:22.000000,1086945
sigs/ERR13651908.sig,99bffa706f023a70253e1c7449bc0970,99bffa70,21,DNA,0,1000,37893,1,ERR13651908,,37e9678f3b7e02ab243100da7c82ae589cdaacc2268b4f47f2cf803d58bc29fd,2025-02-13T14:07:11.000000,1241868
sigs/SRR13128519.sig,11f05f6c5d5e959cefa66569fe7a3436,11f05f6c,21,DNA,0,1000,37904,1,SRR13128519,-,e14cee9f5d1c2e4b6821397e4d8ce4dd6d0df987305308c088fee90bd2981a09,2020-12-13T12:20:22.000000,1048936
sigs/SRR18032354.sig,7cc74080d79d064a415d67df4bbe7c56,7cc74080,21,DNA,0,1000,37971,1,SRR18032354,-,d774c7aa4cb5aa58c87c7754d00f93f0e31e0da4bfb50e8aad129d06ab1f6768,2022-02-23T17:17:33.000000,1018471
sigs/SRR13402408.sig,00f15a429e981455786d48565d7ddda8,00f15a42,21,DNA,0,1000,37994,1,SRR13402408,-,213bfe26e820edc72d781d4f823cd201813c78ed01437764ccdbbaf92a221d32,2021-01-12T17:10:15.000000,1040810
sigs/SRR26119922.sig,da21ede1bd428eb39301e14938aed684,da21ede1,21,DNA,0,1000,38108,1,SRR26119922,,55639bf6a886f57fdd05fd8a7eae7c925958fcf28cb29849d973ab393b70336c,2024-06-04T16:36:42.000000,1094863
sigs/SRR12272092.sig,15d4af21e93346441334d3df5162e4ac,15d4af21,21,DNA,0,1000,38200,1,SRR12272092,-,e93fd457087a58c1cc2866c9c816661bdd66d52c40377967195de4e10c659fed,2020-07-21T18:09:35.000000,1128237
sigs/SRR25436862.sig,f572cdecc73876b97a18d5e854be348d,f572cdec,21,DNA,0,1000,38203,1,SRR25436862,-,999aace85d247da54b3e86d7ad2be18b5be1a0de9198fbdc9aa03a1bddbb0887,2023-08-24T01:22:42.000000,1061324
sigs/SRR2914463.sig,29c7c0e68928993a9b0bda48fcd372bb,29c7c0e6,21,DNA,0,1000,38254,1,SRR2914463,-,b89d11bacd6c947fc6f6b6c0164489133099c5f8fcec1bd550f4ddf678a80ecc,2018-10-15T07:17:50.000000,1190047
sigs/SRR13289561.sig,9a68f430d3510275cb665556b350e15e,9a68f430,21,DNA,0,1000,38255,1,SRR13289561,-,3652d1bd21f8409a28c182946559b021c47a98f539a414f7a762acfdfe72f6a5,2021-01-17T12:57:52.000000,1066439
sigs/ERR3804142.sig,f5a2cc3300ee5e4ee1a9914633ae8c6d,f5a2cc33,21,DNA,0,1000,38329,1,ERR3804142,-,dad9fea7ad3011038c1265c772e369c3ecdeefadd495fa0c6257b7a33996ac38,2020-06-08T14:39:16.000000,1129226
sigs/ERR11043299.sig,3c80b62cabeb1aadc879367e315a4ff2,3c80b62c,21,DNA,0,1000,38353,1,ERR11043299,-,529144bc2734fa768a61ac8310c95ff41990c59feb5ce418e5828902e7efc33f,2023-08-24T13:27:41.000000,1089742
sigs/SRR19552409.sig,87a5e03a714ed3cc3e96385cf0b5f695,87a5e03a,21,DNA,0,1000,38569,1,SRR19552409,-,8349859482311b79be4fb293798923324f8fa29e9df7f5f91ecd8d6c9047b43d,2022-08-26T08:26:08.000000,1068069
sigs/SRR8774538.sig,c858bcc6cfa26a5363a5016325f14a0d,c858bcc6,21,DNA,0,1000,38579,1,SRR8774538,-,ccd2c04d284d91556a6de642e0971d8b09d068e0efa3464f27d048f3577e15d7,2019-09-25T12:34:29.000000,1408437
sigs/SRR12525787.sig,bdcf11c4fee5c9df9f338a15742e1903,bdcf11c4,21,DNA,0,1000,38608,1,SRR12525787,-,63474fd9dd6186394b1e5f1b6d47784cf7ccfc8b32d7da863c149117f4f27a7d,2021-01-17T12:20:15.000000,1151058
sigs/SRR2584339.sig,2b2d48379bc5858c9350fa04b9fc3888,2b2d4837,21,DNA,0,1000,38693,1,SRR2584339,-,690474e42787fb67d5c6ea6b254281e6889e050e80fcbb3d6a89d93ceb17a44d,2018-10-08T21:41:38.000000,1359926
sigs/SRR34678053.sig,eb6bbf23faf6440f554f93294af044b7,eb6bbf23,21,DNA,0,1000,38706,1,SRR34678053,,10b3b4306b8a96d393b329ab7faa105d4868f14dc7ff81b2b6dc826b717a5f4f,2025-07-24T19:07:15.000000,1150636
sigs/SRR10254810.sig,3de66df3201a0626f85e34e869e78f8a,3de66df3,21,DNA,0,1000,38735,1,SRR10254810,-,96bc3a01f966b498bb908e2fd15dd6670cfe9e4a25bdfc4a64e1b635c34980ec,2020-06-08T21:28:29.000000,1096369
sigs/SRR18440501.sig,4cdfaa15b2ba6de2073a1ee4a9a85e70,4cdfaa15,21,DNA,0,1000,38758,1,SRR18440501,-,83466eec5cdf8100a005fdf3af5adbf12eec5d29f6edff157878a90b8158264f,2023-02-05T02:55:48.000000,1127816
sigs/SRR1816067.sig,818ef637772c54af947319e08cc98e2b,818ef637,21,DNA,0,1000,38761,1,SRR1816067,-,cb59bec7c429eaef933f1993be76f9a199ad36c11f2101e7821cc7dac0eb5255,2018-10-05T23:47:24.000000,1402792
sigs/SRR29321349.sig,0cde87791ecfecadafbc612fc61c6dd2,0cde8779,21,DNA,0,1000,38797,1,SRR29321349,,c05933222b189444ca833fc416d97dd016851c909be881aafa91519f0b4e45a6,2024-09-20T20:48:00.000000,997376
sigs/ERR11788075.sig,025e2e73dffb36cfbc04af894acff334,025e2e73,21,DNA,0,1000,38885,1,ERR11788075,-,b00cb24075ed6835f2665025a912d394c1c5f8ec8c9ea86d35a73d2712fe1491,2023-11-11T13:37:54.000000,1076117
sigs/SRR22863011.sig,f65a7cba9840ebf498a2be8ef0a41221,f65a7cba,21,DNA,0,1000,38932,1,SRR22863011,-,ae42f334d17d6ddd5556fb36a2d6a5d58134d83f8c84be1656f49ef6f9e49d12,2023-01-17T21:40:10.000000,1143905
sigs/ERR084302.sig,bf1fc1c920e16783664bdd8b9aa9a190,bf1fc1c9,21,DNA,0,1000,38935,1,ERR084302,-,b2385293167f4d1d9904e6a44fcdb2c09069ade418900112e8bb010d85c90397,2020-06-10T06:58:33.000000,1014120
sigs/SRR21380892.sig,66f2a3427b44c30a99666c412c554930,66f2a342,21,DNA,0,1000,39004,1,SRR21380892,-,5e00f6bf6dd0c7b16d59f96aadc890fa9f073cc14de23d90a75753be68d44cbc,2023-02-06T17:43:05.000000,1066523
sigs/SRR7866111.sig,dfd1e5649089cd89a828c89aa88a8bd7,dfd1e564,21,DNA,0,1000,39079,1,SRR7866111,-,f997ff33fbd5174471af76e13f494e30d4136d0685d18bda329f05c6dc2ab53b,2018-10-16T09:09:59.000000,1477278
sigs/ERR5009220.sig,a58614e3f61add90c9f75dd147eaebc6,a58614e3,21,DNA,0,1000,39081,1,ERR5009220,-,362d8d028b612d9aeae159dc234e791c0d4bd57c69b83d56552554e9cd8763ec,2021-01-06T13:04:39.000000,872770
sigs/ERR11465919.sig,d014653c72d5aafb094f1b239b42fbd0,d014653c,21,DNA,0,1000,39139,1,ERR11465919,-,3c2f4a456a86315338b8b731731ccea6815e99824c15d1e3175b41f25a74b4a5,2023-11-11T15:28:52.000000,1116911
sigs/SRR34910897.sig,c39f6fa87e32e1e04ebd8db57acb8e73,c39f6fa8,21,DNA,0,1000,39146,1,SRR34910897,,f0f4c9daff12ae82887f4d258bb57f7c50492fc53897f2b32064470dc329702c,2025-08-08T18:37:36.000000,1209508
sigs/SRR9076081.sig,3fea73d0859d6d9b7a456d27b1bf7a39,3fea73d0,21,DNA,0,1000,39147,1,SRR9076081,-,4a77cdaf3bbe9f87021f18404b9a2055f73e078af6791b84c82025ef9eaeb17b,2019-09-26T07:28:39.000000,1420652
sigs/SRR33806435.sig,b5c1d936b55fa6e69a9925a6f7b607b1,b5c1d936,21,DNA,0,1000,39175,1,SRR33806435,,d78941677a032d4220f0016f9dc197a3fcaad42688917f93e005084290c96414,2025-06-04T20:23:52.000000,1067258
sigs/SRR1969987.sig,4d4c474c6c8a82e6978b6a52346f0c69,4d4c474c,21,DNA,0,1000,39201,1,SRR1969987,-,f41b3e7e7983ae6f75e3fdabca7f387ebbb3e0676c686c1b953986a1aeac8b8a,2018-10-06T00:05:43.000000,1526034
sigs/ERR13261475.sig,1f709e8a6a3e8ce8c53b9f282a0c6b2e,1f709e8a,21,DNA,0,1000,39201,1,ERR13261475,,e364dcb017b111325b50e94a5f5144ec28b630bb362dc284b227391f5e1b788b,2025-02-13T12:45:29.000000,1118293
sigs/SRR6487264.sig,33bd2a0f4d0188d60c704cf002de7bac,33bd2a0f,21,DNA,0,1000,39232,1,SRR6487264,-,0526cdac8bdac0083d4dc9cdd8fc9a8a7f9aa7814ebf695039ec12e27b5dd256,2020-07-09T08:19:11.000000,1380186
sigs/SRR23027949.sig,ed053ab2685cdc5ece3106a34a062c45,ed053ab2,21,DNA,0,1000,39295,1,SRR23027949,-,bbd48e655674bb7533200565521e5176ce3895250c5d73fdf613e58160f64f99,2023-01-17T09:56:18.000000,1068985
sigs/ERR11865410.sig,088db7f7d5acf2ce4dc65db9cd85acd3,088db7f7,21,DNA,0,1000,39438,1,ERR11865410,-,2d2f7bf065a8286f843f66dc431ab1e194c2b6312d260fc07b7742ee6dbce91f,2023-11-11T05:31:34.000000,1097155
sigs/SRR3338178.sig,9b3748ea31593cfa9c49e672d33b7f8e,9b3748ea,21,DNA,0,1000,39442,1,SRR3338178,-,14b0fee3c200cbfee43a7b021dabc04fa5b541d1b7061a3a4ba090fddb7a82da,2018-10-17T10:10:26.000000,1332392
sigs/SRR31140599.sig,509c376ce4232c3f6d6ed8710ce7d1d8,509c376c,21,DNA,0,1000,39452,1,SRR31140599,,727ad94183012f02995423f8aca833588c6e6769261b7043c62c97e3924ff20b,2024-10-29T22:34:30.000000,1105571
sigs/SRR12332070.sig,88dfc3072f5c14de6354fc448f7d6ace,88dfc307,21,DNA,0,1000,39467,1,SRR12332070,-,500335644b249834efae91f2867e01578e12d845c04e44d5bae575ad0d24f78f,2020-12-09T21:56:09.000000,1499940
sigs/SRR26954955.sig,f12b8cc8ebe1a15a1d09bb9aeecfe31e,f12b8cc8,21,DNA,0,1000,39477,1,SRR26954955,-,be26c0960b9f7f296787595ba2d20ee3ff8cf629659f21568db6f526581cfe38,2023-11-28T18:02:40.000000,1092774
sigs/SRR4048877.sig,dd5593bbf8d019b02a88836f2fbd5683,dd5593bb,21,DNA,0,1000,39536,1,SRR4048877,-,05ace3ee40ed47f7e235aa72e7a3550daa5a04c2ea65ce0bb277a881569b5248,2018-10-08T23:20:48.000000,1240617
sigs/SRR11444119.sig,8395066c294c99fd251abd3b874a738d,8395066c,21,DNA,0,1000,39547,1,SRR11444119,-,9fad2294a57ebbb60b68f9f93ff1704241b937461fe9dfc430563991b104ff9e,2020-09-23T19:46:39.000000,1030961
sigs/SRR7346142.sig,889b2f71834db13992fac683b37d65d4,889b2f71,21,DNA,0,1000,39570,1,SRR7346142,-,32722db8a42c1295a51e358ee6046b22dabb931ea8c3fc593a9fbe5e141e77db,2018-10-17T11:33:53.000000,1249858
sigs/SRR29162633.sig,410d2de6713dc48616605ae8720386d4,410d2de6,21,DNA,0,1000,39611,1,SRR29162633,,519f9f9447a4eb67b321f2484962318c18d39106a6ef14299ae203e64b431031,2024-05-27T04:39:48.000000,1063519
sigs/ERR1251611.sig,66ce8524b050e378d63b9e10985bc012,66ce8524,21,DNA,0,1000,39632,1,ERR1251611,-,f8683e3d677dc00a77e1824a8549061fc5722d16e9e95d2821a9fb9c64e51e4b,2018-10-05T18:42:20.000000,1401451
sigs/ERR2853841.sig,2af932c94899f635f07135893ba5aa4d,2af932c9,21,DNA,0,1000,39662,1,ERR2853841,-,08a7dc79a560509ed52b2a520add9ca442d8d9aa25561b0408e01e893e04620f,2018-12-03T23:21:36.000000,1285353
sigs/SRR33851065.sig,af425fe0592d5e5d659870ac6406f1cb,af425fe0,21,DNA,0,1000,39691,1,SRR33851065,,895aea7e270f0f5db58b3a91bddbe990e6de8bdedeaf3374ff283c08a4d37dd4,2025-06-06T19:40:47.000000,1188122
sigs/ERR5976156.sig,2922488da76484150c914d7d314ed5af,2922488d,21,DNA,0,1000,39787,1,ERR5976156,-,fcc0b8234c1c74af4e37720a20ca163fdd390bdd5c32312d7310e5212879b27e,2021-10-08T19:33:04.000000,1117396
sigs/ERR14709725.sig,13392db68b7cff40d3514064f8773418,13392db6,21,DNA,0,1000,39878,1,ERR14709725,,8ef7349faf898095baff71b8b5de99ee0d74ddb3829f4d4b7a66936f5c0dfad9,2025-03-18T23:12:52.000000,1209030
sigs/ERR7986538.sig,4cb92c349a0d2add93ed603abfe31496,4cb92c34,21,DNA,0,1000,39890,1,ERR7986538,-,251097ab66a2454db24cf00af96ef359d48549e08daf82b4c52987bc0aa542f6,2023-08-25T13:02:31.000000,1244864
sigs/SRR6639033.sig,fb4f5e84c83396c0bdce0f23ef71542b,fb4f5e84,21,DNA,0,1000,39975,1,SRR6639033,-,280119f78982e2b590120ee295898108d3064b05602ff5ba4d10d1c8f1e9708a,2018-10-18T08:41:28.000000,1384038
sigs/SRR31342882.sig,72c9b13a45e9010d602b1f5f846616c8,72c9b13a,21,DNA,0,1000,39977,1,SRR31342882,,89f80d21c48374f5462a3cd6b083bc3f6fe833127354cdf46a7e286fe28ada8b,2024-11-15T18:24:32.000000,1106769
sigs/ERR5709479.sig,33fe6682669a4012b85da5333a317da8,33fe6682,21,DNA,0,1000,40165,1,ERR5709479,-,aaa22f2dfa185f42a226f8081336263467603f5f2504b1990af5869d94edb5b0,2021-04-21T00:28:09.000000,1163276
sigs/ERR9729009.sig,cfc617ea1127e0fc825e7eabf28ed469,cfc617ea,21,DNA,0,1000,40167,1,ERR9729009,-,a82e6a29860b99808560e07008832630a149b5f5cde88dc9ad28624dc3a6ffcf,2022-05-19T04:33:58.000000,1089220
sigs/SRR8490637.sig,d916cd7e1abc4a6f9b790d115d4aa13d,d916cd7e,21,DNA,0,1000,40182,1,SRR8490637,-,248b392ef4329cfc8605fcbbcb8e534349bf452f8a5b791613acb2e6bb1ab274,2019-01-29T03:34:47.000000,1461102
sigs/SRR30637477.sig,789a6ceef7acdfb25013d0920575b8b1,789a6cee,21,DNA,0,1000,40188,1,SRR30637477,,d4b54ccaf24e64e57ad4f375afbeda0cfb7b6243d87a3259ff1c2ed102e56167,2024-09-14T20:43:07.000000,1250410
sigs/SRR7241797.sig,42bafb68cbea78f2e8814ad174a87856,42bafb68,21,DNA,0,1000,40326,1,SRR7241797,-,7643b4ef9c61e0a58b6ca18e94b38f8bdd966e8518b737378e3e9a90dcc4f516,2019-09-26T09:11:59.000000,1360246
sigs/DRR518369.sig,d59b8e5e9bec9f6e75d32eb05e300ca7,d59b8e5e,21,DNA,0,1000,40457,1,DRR518369,,50078c902e1985970ac067b1c90e9eb5977238897a1153df0d8b434fa2d6ed76,2024-01-12T08:57:06.000000,1234005
sigs/SRR18914025.sig,d70347fed3990bf374f4bebd4a49fb81,d70347fe,21,DNA,0,1000,40465,1,SRR18914025,-,5977c614a01411df8c4c62f848e5cac71c4c9ec77eb91aa9a242f8256d8b763b,2022-04-27T01:20:00.000000,1114318
sigs/SRR5906891.sig,abb4b9195ed47e4815fe51cc4db670fd,abb4b919,21,DNA,0,1000,40514,1,SRR5906891,-,a7410a0f0972024a0e18814cc85c177675fcbb6f18de32581b987a555cdef268,2018-10-09T01:36:25.000000,1304314
sigs/SRR33403370.sig,d04c3a37dadb4820581239bd1670ff8a,d04c3a37,21,DNA,0,1000,40630,1,SRR33403370,,1980c70c1a7aff8306fff4af3358db8fe043f3dac568ac06c7af5be6e0a61c61,2025-05-03T02:08:29.000000,1202402
sigs/SRR18439278.sig,8b6f0b7a43661958943e69c7e27a16db,8b6f0b7a,21,DNA,0,1000,40650,1,SRR18439278,-,8118bad219aaf4043a633b0db47f617b5052a3d404537a7a55381f7d2dd399ac,2022-04-12T09:36:29.000000,1115232
sigs/SRR030734.sig,b64fd3bed581c481078de4cbed81d028,b64fd3be,21,DNA,0,1000,40660,1,SRR030734,-,d59ece23d0882c44830ffb928c9d9b2ea8d51fad8dcd9d4c629bc44e51309cce,2020-06-23T05:34:52.000000,509639
sigs/SRR14288331.sig,f3996cf7f5c97bd83ffe7a926cd2c598,f3996cf7,21,DNA,0,1000,40684,1,SRR14288331,-,cb157887e741987a8ea17a5e3a8dd1fb4b4ce28c36efa5f9a70970b1c3d31b79,2021-04-22T18:19:09.000000,1157692
sigs/SRR34967764.sig,27d96297670c33d7bd3f27e4ccacaec3,27d96297,21,DNA,0,1000,40701,1,SRR34967764,,5b1f7620738b7635ba24ea96695e7e6d7128abbf4572bbd818139bb185ce1834,2025-08-13T18:59:54.000000,1426844
sigs/SRR29441021.sig,ab25597e14a3247706ec8fd4f87f84ff,ab25597e,21,DNA,0,1000,40894,1,SRR29441021,,49f4907eaee22fb4d0a833ebaa767e9a3c291ba0a42c07618b95c8ba8a979665,2024-07-02T19:18:27.000000,1153247
sigs/SRR5116478.sig,3e2ae98c7d7ad3e2660b2a57c6854ce6,3e2ae98c,21,DNA,0,1000,40942,1,SRR5116478,-,ac73d7a2524c0c31fb2c4fc8d0c4a4c9cf8510102a5423707b30356507ee45f5,2018-10-09T00:13:12.000000,1240161
sigs/SRR11028639.sig,c83b0ef9c3561c45aae5a8fd5d919464,c83b0ef9,21,DNA,0,1000,40968,1,SRR11028639,-,1722c549a8c2b024aea89d78ef3233ce65cb2e338428bc1fb247377596168411,2020-06-07T20:57:55.000000,1050570
sigs/ERR11815706.sig,9b7fd8aa71f275ada4067636b467388d,9b7fd8aa,21,DNA,0,1000,41048,1,ERR11815706,-,bfbfebc9e9107f1418c5814cb3a0e03defca980ae150cfb2425643868e0dde7f,2023-10-02T17:10:35.000000,925599
sigs/ERR5004373.sig,4dea265a06b25413a976fa7d032f75bf,4dea265a,21,DNA,0,1000,41097,1,ERR5004373,-,8338b2ffd273cb571993586e880ba8e9c15355450794cfbce705ce1c7f22854c,2020-12-24T17:02:44.000000,877428
sigs/ERR10961027.sig,ba8571b901146f9cefebc79e036e1435,ba8571b9,21,DNA,0,1000,41131,1,ERR10961027,-,789028e84cba8b4f1e4fb513fb50a70b45473d3732315bac96dabfa50b4d724d,2023-11-10T17:03:08.000000,1286665
sigs/ERR9385589.sig,aa86bee386ac3e26da6dc30d84591152,aa86bee3,21,DNA,0,1000,41323,1,ERR9385589,-,c72ec97ea36d136623bbb2f509ab47ada0bd8cc20493c5ba0cf30b2be9f64993,2023-08-25T11:20:21.000000,1206829
sigs/SRR14143759.sig,6fca9403ef1281eeae3dbc8cb7c998aa,6fca9403,21,DNA,0,1000,41384,1,SRR14143759,-,c7e55c71b21557d0d5b5a1df19b5ebb6267adb3b4a08fd476494da4f99f010e1,2021-04-07T00:12:14.000000,1182468
sigs/SRR533689.sig,e1cea36ceac4be18007a4b4302fcada2,e1cea36c,21,DNA,0,1000,41388,1,SRR533689,-,b9fa6b725a301662da84c7030efa7794e9a044330f1ea7e8df9b8d39d669fba0,2020-07-08T07:52:12.000000,941490
sigs/SRR8862096.sig,85b9ba631d78392fdc03fe356497bc5f,85b9ba63,21,DNA,0,1000,41406,1,SRR8862096,-,ee317a00dc7cb7ea2ca320dbdc4f2058dc2cac618a522e38c827082ee740cb0d,2019-09-27T19:43:54.000000,1223157
sigs/SRR10618737.sig,b6ddbdff64694d6c15e402123491b677,b6ddbdff,21,DNA,0,1000,41484,1,SRR10618737,-,b85429c34db19278349235777057c4bcc799c8c46c66efb0304c19ed338e8884,2019-12-12T05:04:45.000000,1317724
sigs/ERR11488608.sig,7ce7d160d5c67ad85b86154b8181291a,7ce7d160,21,DNA,0,1000,41511,1,ERR11488608,-,59660eea19a440522f7355c03fb603ca9a9a30f21f3694ec3debcf414f4e897e,2023-11-11T18:04:29.000000,1140961
sigs/ERR2692026.sig,5f9041de0e36c0abe15fd866fdfc8ca2,5f9041de,21,DNA,0,1000,41560,1,ERR2692026,-,95ab5bf014261b71da0c51af8ed00078eb9603460556e4a1210ec54559fb1e9e,2020-06-27T06:40:24.000000,951713
sigs/SRR17214521.sig,f6789e322545ca32e3f5e34fcee0c8bd,f6789e32,21,DNA,0,1000,41599,1,SRR17214521,-,95a37809855dcd22be1132cb290cdd794402eae8b226b4a58c0f9d1a1e25fa03,2022-04-29T21:56:18.000000,1120638
sigs/SRR13290199.sig,9255944d5173064e5eaa802bf9ca367b,9255944d,21,DNA,0,1000,41678,1,SRR13290199,-,83c0010d5c00bb61f70c83fd259a37b70b7cd5b2c37a381c04f3cf1e46f9bdcc,2020-12-24T17:06:33.000000,1148312
sigs/SRR33018490.sig,22a95d5150e847bc45e853df535260f8,22a95d51,21,DNA,0,1000,41694,1,SRR33018490,,aa7fd7759de4b71faadda9967190173c4c644e2c79d5ceaf676fa73fcbb869c7,2025-04-09T19:19:57.000000,1153383
sigs/SRR33018311.sig,e91a7c65a0384d248216b97aadf0975f,e91a7c65,21,DNA,0,1000,41755,1,SRR33018311,,1ca9cd872e5939ed5b635066bc272c17666cffa05272a03a7ecc4a7e406a3244,2025-04-09T18:43:01.000000,1195334
sigs/SRR11300629.sig,0acdd083f16bc054ec76b2bf0fc03d42,0acdd083,21,DNA,0,1000,41830,1,SRR11300629,-,191692275efe5ada581f533bd5929a2c2bcc6ad21b00236efd7200d242e55e71,2020-03-14T02:20:16.000000,1353380
sigs/ERR163448.sig,0bbc1c00ba4dbb5efbd2e91bbc6bfe0e,0bbc1c00,21,DNA,0,1000,41838,1,ERR163448,-,b27647a1a50cdd826d14e1d44a0dc5169404cb2f30cc66be8a6cd27fac89718f,2018-10-05T19:22:04.000000,1573341
sigs/ERR046499.sig,2ccc3df6166b0e804248a9517b9aba50,2ccc3df6,21,DNA,0,1000,41865,1,ERR046499,-,2bbc57bd70e0ab32d2c4dfd4e00925a27db3f0c438128e951366af69721bc91d,2018-10-05T17:58:44.000000,1586970
sigs/SRR7187193.sig,459683275f19deed1e8173cdcb1ae7ee,45968327,21,DNA,0,1000,41928,1,SRR7187193,-,af28fb560439107212e3c0ee037fc521f2939a256568b13dbf6fa33da29bff54,2018-10-17T10:17:41.000000,1415929
sigs/SRR26453144.sig,fba7d73f4d9252e4945a453aa9140fb9,fba7d73f,21,DNA,0,1000,41966,1,SRR26453144,-,46d88d12ac4856a0279b09c59c23068f803a8e7709d9858ce1c6f3a2d1c56737,2023-10-21T19:07:09.000000,1179234
sigs/SRR12013671.sig,afe21ed2c7d8bf84962c32b1fcd1286a,afe21ed2,21,DNA,0,1000,41980,1,SRR12013671,-,b9d31b29630c9034450ed19c98fcadcf53b93130834825d0be0fcd6ab44673ca,2021-09-03T08:12:24.000000,1192577
sigs/SRR7523756.sig,ed7fc9adea3c23b1d339571519a3f032,ed7fc9ad,21,DNA,0,1000,41993,1,SRR7523756,-,1c0870ae06d10582e1337a1d44da094d400b850f1c17ad24fe4b114ad981f474,2018-11-06T16:39:06.000000,1544142
sigs/ERR3300316.sig,d1c531df6545cdd96173ab251238965e,d1c531df,21,DNA,0,1000,41995,1,ERR3300316,-,6fb30a854b19b7aa886a59c3445f0810aa4540eecfa26834726523b211bba062,2020-06-09T10:06:53.000000,1200539
sigs/SRR10395055.sig,1182d67e2edea802c4a8bc090ba14f9f,1182d67e,21,DNA,0,1000,42023,1,SRR10395055,-,3effb82c4b61993dc0c828a48247968fee4955e898ba08a4f33e888273a5464c,2019-11-08T03:20:44.000000,1358842
sigs/ERR8026064.sig,0ce6e66c28b8ea83b6997d237b3bf7c5,0ce6e66c,21,DNA,0,1000,42084,1,ERR8026064,-,658a48a3118c4823144b8cc1a7b6f777a8a10fe35eacdef4bbab8397088e4525,2022-04-12T04:19:47.000000,1333936
sigs/ERR12548677.sig,97d441911893cfa2f3ff3e19d31ebf32,97d44191,21,DNA,0,1000,42093,1,ERR12548677,,a02e4fa6b2d1c0e37d42d188475208e2e424fd572cb1e661c11361dd927e0b1b,2024-02-05T17:24:56.000000,1265798
sigs/SRR23815711.sig,9faec4ac56f4be4e845f7f5b90ac3415,9faec4ac,21,DNA,0,1000,42096,1,SRR23815711,-,bb62bbb4802d8e39c144452b6df71b76ffbf047be9175c2a5d12eee502f6edff,2023-08-25T00:38:13.000000,1198111
sigs/SRR12931061.sig,df492fcd53f830be4a05c4380ad46914,df492fcd,21,DNA,0,1000,42122,1,SRR12931061,-,77e481a9db2be75ccaac8b8e99985caae445b5f8174c4052fad071de69936728,2020-11-02T16:31:14.000000,1164773
sigs/SRR12003619.sig,9c06c2527866e10cc69f3d26c5e9309f,9c06c252,21,DNA,0,1000,42319,1,SRR12003619,-,63f15241a62f60b1e3d189df8ddb6bf1f1e3ca6cbd9302bb3da75e2dbbecd994,2020-06-18T03:50:43.000000,1191966
sigs/ERR461798.sig,d8ef2e2d56e784b7afec8c6f43488e6a,d8ef2e2d,21,DNA,0,1000,42492,1,ERR461798,-,deb35b2f7035ca332ec4d9cac3527c64fb44b55cf52f0e398b446ad236e2e5aa,2018-10-10T13:42:18.000000,1586830
sigs/SRR16636562.sig,b47e980d2524ee485b18b41e467ccd55,b47e980d,21,DNA,0,1000,42499,1,SRR16636562,-,611363ef43440142c530bdcbdde85103548a5ece30b3cb6291c5266e7c567282,2021-10-31T17:25:10.000000,1200492
sigs/SRR19671078.sig,96e370d864c649534e978732089d5ed7,96e370d8,21,DNA,0,1000,42566,1,SRR19671078,-,92ea6e38868bdb87a9d540715fd1e7b14f492d58133b3136e6d41844a9b1dd1f,2022-06-17T20:48:20.000000,1267519
sigs/SRR32556343.sig,a2bdabcda308a297171303f1a283cbd7,a2bdabcd,21,DNA,0,1000,42650,1,SRR32556343,,11a7c0b584087eda96d882d83f87aaf1b9de71d69c68821c8644841564d45280,2025-03-06T16:15:32.000000,1207640
sigs/SRR12420374.sig,3f63a834a43e5447e82d75b150d31f0e,3f63a834,21,DNA,0,1000,42659,1,SRR12420374,-,965351acbe770c029b07457e21793da1414812cc8214cfb26a828d00d5183ff2,2021-04-10T17:46:13.000000,1424913
sigs/SRR25422482.sig,efb3ad1a0ccb5f282e833bcbc1b50a41,efb3ad1a,21,DNA,0,1000,42722,1,SRR25422482,-,d7fec3ee3e00fe22a355a0b2a49c12348574b023ac053dfdd129263df910634d,2023-08-22T07:19:22.000000,1230887
sigs/ERR985969.sig,5fefd72827aaebe07ab6030cafd18ce4,5fefd728,21,DNA,0,1000,42778,1,ERR985969,-,4e9b58c85bfab99b2ab1a7df3c7750329953d0158cedc67763d82ba5536f6ab5,2018-10-15T11:37:34.000000,1668854
sigs/SRR9901702.sig,16db98ff153160033bcdc5f5ef615b56,16db98ff,21,DNA,0,1000,42801,1,SRR9901702,-,bc349cfb385d927257a65aa9b98290f3e3ce1259cd07e0fa569f4b3d7c76678d,2019-09-27T19:44:40.000000,1595562
sigs/ERR3565740.sig,0b31a8d7c1413591fdad68712154fe9c,0b31a8d7,21,DNA,0,1000,42884,1,ERR3565740,-,3e2f1e41e317d7240a19a559efbbcc9f0eb5b98bd25da8dc622758bc82a4ba2c,2019-12-03T03:57:04.000000,1456507
sigs/ERR3577819.sig,2776258663ce1e6d46d528bb3c934495,27762586,21,DNA,0,1000,42890,1,ERR3577819,-,435a75cdfa3bf8134253ac01c3347d786cf8659292774d73a304fd423c43b607,2019-12-03T04:38:54.000000,1435417
sigs/SRR15293791.sig,1e8899dc4a8b5042bec201fb1b0e60d3,1e8899dc,21,DNA,0,1000,42896,1,SRR15293791,-,94ef1aac20fda676920e7d696e3b91b66d32421578662315b2cbc8eb7b9c4e50,2021-08-02T18:37:20.000000,1190987
sigs/ERR2229324.sig,c86311223762f5feaa1d09c22c60a24a,c8631122,21,DNA,0,1000,42898,1,ERR2229324,-,137a27ba940c497227a6ae96dcf0ae9a5fa684b8ca0c524b957d8d878e2c6e20,2018-10-18T01:29:40.000000,1274503
sigs/SRR5328466.sig,da7f4f4fb564aa00f890b7a805f0655d,da7f4f4f,21,DNA,0,1000,42899,1,SRR5328466,-,03b8f7067274fabe613ea0c0cadf8ca245c46ff3e82a2b1c91e197f102b94714,2020-06-21T12:20:05.000000,1432287
sigs/ERR14293876.sig,84c7fffdc14ef9b8e3ff50283637c1d5,84c7fffd,21,DNA,0,1000,42964,1,ERR14293876,,2c6283883c395ea32582245162b28cda32eba2b42ce3484eb0849a0a7f31f96a,2025-03-07T21:08:51.000000,1316171
sigs/ERR911881.sig,caaf8e9c130ec16ba68b0e5915a8bae6,caaf8e9c,21,DNA,0,1000,42979,1,ERR911881,-,6739e7e74559a66270f8d2a8d988cc21c112c44b4e98a96550f21e886e4a6de5,2018-10-16T03:39:10.000000,1294156
sigs/SRR32330822.sig,b8d448c5a50346995b4fd7cd7d302d88,b8d448c5,21,DNA,0,1000,43148,1,SRR32330822,,6492089218b8b09078cda7aa6a904cb913f177656d083b8cd937460c211dd59a,2025-02-15T22:44:26.000000,1238764
sigs/SRR6108265.sig,7904db68238b03f0a6b39fbed8035946,7904db68,21,DNA,0,1000,43229,1,SRR6108265,-,ffea51849a9bf258b274aa7009e0d1aa0f27924d893ab7aea025a5ce5efd6816,2018-10-09T01:56:55.000000,1301795
sigs/SRR4788095.sig,cdc7f4d98b2345753bdfb4b228bf3150,cdc7f4d9,21,DNA,0,1000,43315,1,SRR4788095,-,2950026fc953ea3d5d283f9158ca66bc157cde79df907ff5e56cc1a63dbcb580,2018-10-12T20:04:18.000000,1581984
sigs/ERR11019825.sig,ff4bcb2177ea29e0ff5ffcf7a8f66f67,ff4bcb21,21,DNA,0,1000,43347,1,ERR11019825,-,916bafb775282dd7373d1894d69e93432b2e86a3ac02be08720b9c71f22edb8c,2023-08-21T19:09:29.000000,1234271
sigs/SRR5105074.sig,c2707373c2d1034b62d13e3ece0c6342,c2707373,21,DNA,0,1000,43523,1,SRR5105074,-,893577b8231485c722734b1ad8e29317add976524cd74cf3be6cb9c317e9b194,2018-10-09T00:11:52.000000,1269752
sigs/SRR4125005.sig,13ab472b77856824f6d5b0ac0ad8fb0e,13ab472b,21,DNA,0,1000,43530,1,SRR4125005,-,618a0127da8cc4fffaf12b1940a2572146e628cb45af74a832697f8d7c60e2f3,2018-10-15T17:29:04.000000,1536930
sigs/ERR6501839.sig,b14d0f125b3a9fdd5201f329ca9de0c9,b14d0f12,21,DNA,0,1000,43604,1,ERR6501839,-,0e937ddd53fa0ac75fa46a5256ee038a1717c5efdce4243d046890a7094f7ca4,2021-12-05T08:35:43.000000,1216809
sigs/ERR10093353.sig,65e54b1564a0582047522132e4756583,65e54b15,21,DNA,0,1000,43640,1,ERR10093353,-,4df5154196874f9ebb99f2765c4887b4923b39b65bf18b4ff2e5588b11ca3593,2023-01-28T03:46:24.000000,1255452
sigs/SRR5003443.sig,10f9aa7324a4a1e139356d69096a0940,10f9aa73,21,DNA,0,1000,43748,1,SRR5003443,-,4b02c4319233b51790193485bf84f001518d9df2a31b2bdb2195a59b967f8327,2020-06-20T06:39:18.000000,1040592
sigs/SRR10000753.sig,bdc7228b1b281fb9072c3dd33d6e62be,bdc7228b,21,DNA,0,1000,43770,1,SRR10000753,-,2f33f15b66ae843b8f54f8f56cf9f069c100a7768281b91bd4cf8e612d416c6f,2019-08-23T03:47:08.000000,1397808
sigs/SRR13407443.sig,9d6bf83a17531f909da471489fe1e9b7,9d6bf83a,21,DNA,0,1000,43782,1,SRR13407443,-,5a5c572c198feaceb8a5a5081b12d59479fd8421174cd413e7e8cbdf776dda51,2021-01-12T17:03:55.000000,1197936
sigs/ERR5200985.sig,4359e0f2052c62c914b191dc1beb73fc,4359e0f2,21,DNA,0,1000,43917,1,ERR5200985,-,7c6b6a3d59a38a340cb4a499010ab0af47a2f5183337ed2c799c06e053987241,2021-03-24T05:32:19.000000,1199166
sigs/SRR26463940.sig,6447b3979193e53eaf027c0192971527,6447b397,21,DNA,0,1000,43952,1,SRR26463940,-,cc0a655a19eb8df4cf9b7b8a5952afbe6c582a190a5a41b3b428f0942f6bd65d,2023-10-23T19:32:33.000000,1258887
sigs/SRR26593884.sig,89100488e9f028a1719dd06c6bb2539f,89100488,21,DNA,0,1000,44017,1,SRR26593884,-,173d7f7484d95d53c5e9a70f5e8bec4f69929c4a5ebd6378b2af4e62a7cba2a6,2023-11-01T20:15:50.000000,1212725
sigs/ERR6449200.sig,b3640d3b3b2ce4ab5e3558a57b9e66d8,b3640d3b,21,DNA,0,1000,44109,1,ERR6449200,-,5f5633500cd95728fce30e23ff7f87ce55d3fc2f5e346db68a54f9f1fd5618c9,2021-12-04T23:45:10.000000,1273320
sigs/SRR22213111.sig,ff0624a5d0d7ff89cea3b57afb460589,ff0624a5,21,DNA,0,1000,44207,1,SRR22213111,-,58a52f432b8996fda5c529af2fc5d158decf1fdb93400b339c6c80a01ea344c6,2023-08-21T16:12:28.000000,1173585
sigs/SRR34135752.sig,5eb1c81dc1b3d7fdd2f3e87834fb4dbd,5eb1c81d,21,DNA,0,1000,44267,1,SRR34135752,,16ea2816a811db6b5f661d69a77c74e5a6cc7a2b455e9c0b659f1ed2d286795e,2025-07-03T17:02:44.000000,1312938
sigs/SRR30560518.sig,995d9f2ce8ec2929b8f03f4e5b3109ec,995d9f2c,21,DNA,0,1000,44395,1,SRR30560518,,357976d9180ee72b83a9ff964838b2bbbd7b0bb0eb5286d580ac56471d6b0087,2024-09-18T23:10:42.000000,1058244
sigs/SRR10530389.sig,f3d229363c80a1adefce0562152d6fc5,f3d22936,21,DNA,0,1000,44462,1,SRR10530389,-,59b8ceeaed6784268c3d5fe6f89a570803b12dd90c57ad754b1c0438d5c6dc7e,2021-10-22T17:14:44.000000,700461
sigs/SRR7299336.sig,b1c663b8b461c46e06d2da9aa1ca1ce8,b1c663b8,21,DNA,0,1000,44538,1,SRR7299336,-,db201054123211226dd4966c0f9909e2b05a2a2ff898d674ea3459c39983273e,2018-10-17T08:01:42.000000,1408587
sigs/SRR1539554.sig,c1de53d089c80cc2d5a3ce709ecda808,c1de53d0,21,DNA,0,1000,44544,1,SRR1539554,-,3573c065759c94338b14e669614f6b773634f1a0f41c669e6d2fea4697b135be,2018-10-05T23:26:04.000000,1482793
sigs/SRR292350.sig,fbc632cf4d9f86a2013841b031f1acaa,fbc632cf,21,DNA,0,1000,44551,1,SRR292350,-,5ee46ada790fd889bfad8cad97f414847610562fa03b0d765584e9d4ddeb82b9,2020-06-20T07:11:47.000000,702398
sigs/SRR19854998.sig,c2407d8bfd3a97a448d6cb119d869c47,c2407d8b,21,DNA,0,1000,44571,1,SRR19854998,-,00b3d15a50b49bece57c0bb5dd3570a9f488480d812dd0af5f05f87aa7399121,2022-08-26T05:03:35.000000,1209240
sigs/ERR3283834.sig,169817aaba299dc6f85e4e7bc4722acc,169817aa,21,DNA,0,1000,44678,1,ERR3283834,-,815daeadcd899f33bdf5e1ac9b2d0e96e94a5156f9715bf201d0443df02007f5,2019-09-27T14:12:19.000000,1526584
sigs/SRR13803531.sig,4299badb296c99c0a4ff8e26c9bf366c,4299badb,21,DNA,0,1000,44707,1,SRR13803531,-,8953fc426071e1d65da5ae574a3ef9e4adc51afab02ace62d36bb520f52fcefb,2021-03-26T05:15:00.000000,1255840
sigs/SRR16573095.sig,c57c7919be2c5f7ffd8e2668d631f0f7,c57c7919,21,DNA,0,1000,44767,1,SRR16573095,-,9df2550efe2022f16e9d64ecfc5ecfe2d1182297c38ae9a3ab694c506cfca495,2021-10-27T17:12:17.000000,1305846
sigs/SRR3731883.sig,b77512fa19e4f71205e3ab737979a15d,b77512fa,21,DNA,0,1000,44784,1,SRR3731883,-,b4a68b0daa6c4c1bc05f5f7b4c2ca5c1e69f3a63de32529acf309b36bf815018,2018-10-08T22:49:36.000000,1586244
sigs/SRR7190502.sig,3882cc5d058984621c78e617ff16e784,3882cc5d,21,DNA,0,1000,44800,1,SRR7190502,-,15c54903ada19be420da60c7d08dbb3036e9c9a48bc88aed924a73543ff31da0,2018-10-18T00:14:45.000000,1491827
sigs/SRR3730621.sig,7f5e6d910dd0fb8756afbe1e67bce353,7f5e6d91,21,DNA,0,1000,44812,1,SRR3730621,-,a744a4b54f7fd69b04b3b7d41e0e3f9ff83c869e98b9d0f038e581ffca0b50dc,2018-11-07T05:51:27.000000,1496066
sigs/SRR389127.sig,0485f944cbaa807debccc25f45d168d2,0485f944,21,DNA,0,1000,44884,1,SRR389127,-,f97a0e49af6eb558359930b77f97d7a36b6a7b6576c5c4523ba519c0251c387a,2020-07-10T03:51:43.000000,1065933
sigs/SRR34341169.sig,eaf57d26bb2b3311c37d815af2e632ee,eaf57d26,21,DNA,0,1000,44917,1,SRR34341169,,60cfc0f6b7291ca11d5c8b5083e3516cee8e292ad3580e7a9d53c04f8fdcc5af,2025-07-04T04:47:39.000000,1488197
sigs/SRR940385.sig,00e9a4c60624d849b9176d1f9add5fab,00e9a4c6,21,DNA,0,1000,44934,1,SRR940385,-,41df0c648c834eeabf49792c7c499499cf94be6b0e780f44976171f5bc003fa2,2020-06-19T23:53:19.000000,1264090
sigs/ERR2729473.sig,74470553b7ab6573e37dc408a337c809,74470553,21,DNA,0,1000,45021,1,ERR2729473,-,ef15e7180f32b41a131d2b62469edc4ed14e4d17b541ba23da90aa8029534f0e,2018-11-06T09:20:15.000000,1438109
sigs/SRR30571562.sig,09b725ee537e4aa836d49062fefbf167,09b725ee,21,DNA,0,1000,45065,1,SRR30571562,,67f3d2ee64589b930de021281c930c5765ee80cb40e52757ec60de1cc71ebabb,2024-09-18T22:57:32.000000,1064945
sigs/SRR12580282.sig,757854f55471afec150f0a6a4632379c,757854f5,21,DNA,0,1000,45072,1,SRR12580282,-,430ecb2568bdc5652c93d5a6550e8438e9ed3f694e793a3cc297b4480c9c8106,2021-06-26T18:03:20.000000,672172
sigs/ERR5012196.sig,bdb1868963b7aabc7f16db7582702d54,bdb18689,21,DNA,0,1000,45195,1,ERR5012196,-,6f3b62d592463ba5000756249f428fa0cc8012444a717f86300a252ad4060fcc,2020-12-26T17:03:02.000000,1078911
sigs/ERR14187958.sig,aa461337a39bcfa71a13f7ae0335bf1d,aa461337,21,DNA,0,1000,45247,1,ERR14187958,,cf3272b25955681fda030019daf79d996f8c8b22afc2058dcc5604a7eb208b7b,2025-03-12T01:02:45.000000,1257856
sigs/SRR23108433.sig,26f1a4f793e830e8de710b5d92350a7b,26f1a4f7,21,DNA,0,1000,45256,1,SRR23108433,-,025a2068f0cb6f5b53668d7f755c2d65f41d8a3c0ec34e97cc0ef4687a1da970,2023-02-15T05:11:42.000000,1265490
sigs/SRR1167895.sig,16130dd0d04f154437614296ed28c4b5,16130dd0,21,DNA,0,1000,45270,1,SRR1167895,-,7838d5a0b609f4ebc03cf4e420bec1de9fd53f0e082cf9fb0487209099b39bac,2020-06-22T06:54:22.000000,1175300
sigs/SRR26030805.sig,cedaa756cbbd645ad1331c03612a3930,cedaa756,21,DNA,0,1000,45319,1,SRR26030805,-,6809d4ad5cc861a6ff2390e5e8d4f81bf33cbb2a623129f2183809449b02a9a1,2023-09-12T19:10:43.000000,1269984
sigs/ERR11488342.sig,74a8028754e277a235dc22586d32366c,74a80287,21,DNA,0,1000,45351,1,ERR11488342,-,def4da4012caf484206403c4958d69a28a81abe788e59a927e259013f2400eba,2023-11-11T17:29:35.000000,1245410
sigs/SRR27049885.sig,6a63edf38335037dfdef29e8b3e9e47e,6a63edf3,21,DNA,0,1000,45396,1,SRR27049885,-,cf79b0d181e5d0eb839c181cd426cbd7ae29d1b8825d88431bc5c0d3596b1384,2023-12-05T20:25:03.000000,1205534
sigs/SRR3321806.sig,6837ae4067d09bf3279b6a5f7421c07e,6837ae40,21,DNA,0,1000,45500,1,SRR3321806,-,1cf2628b72cb752357d10b0e3a8994e646ed68af05d786196faacef0df9c3781,2018-10-08T22:20:35.000000,1663377
sigs/SRR23255827.sig,f598be3da886b17f7df59a774dfe5f3a,f598be3d,21,DNA,0,1000,45503,1,SRR23255827,-,aad9baa41d16c8ec6876c86295120bd08c5408693b4f792b11c77e03d456cdea,2023-02-15T03:31:36.000000,1255835
sigs/SRR12455773.sig,cb922cce2f0b503a06cfbda40a47cfcb,cb922cce,21,DNA,0,1000,45524,1,SRR12455773,-,58cc2ab4af55d0691713195657c921cf29d28c06ffb0f1521a70ae4267c72321,2020-08-15T18:04:26.000000,1256564
sigs/SRR23866974.sig,89c2aeafa8033b550d8c690fadc41fde,89c2aeaf,21,DNA,0,1000,45591,1,SRR23866974,,dc2d8d571f9cd029a6ad2fad4c670acbbef475874083258a936eda5f674846f5,2024-01-11T20:34:15.000000,1465672
sigs/SRR10106546.sig,140a45f7bc16bb733e1b501f2ccb50fb,140a45f7,21,DNA,0,1000,45592,1,SRR10106546,-,9e8cc399f7e91fc079889b80238941af8e5946904992f3372864001b2dde31c4,2019-09-28T00:37:59.000000,1486006
sigs/SRR25931917.sig,51b63973cd21b38c715b4bd9c7fb7f1d,51b63973,21,DNA,0,1000,45596,1,SRR25931917,-,3de08210a4c216a1df710d1b66e0261c6da686b952bd077edb06e19fd7b69518,2023-09-07T19:05:01.000000,1328579
sigs/ERR12861558.sig,894be241c0093ae401bce04e69b1cbce,894be241,21,DNA,0,1000,45644,1,ERR12861558,,8c45fafa84c329404c8c4c495f29e3c10ddb5dfae2ff394b0bfdd9bcdd9d66e5,2025-03-05T01:01:57.000000,1256425
sigs/SRR22858960.sig,a281f81097254897eafa6fbb424a19fe,a281f810,21,DNA,0,1000,45656,1,SRR22858960,-,84310b48a3388e168cca35b7bf776a04fbf48a6f018a8a88a1969b40d2d2519f,2023-08-23T13:15:41.000000,1303857
sigs/SRR1584341.sig,566b39c7a974fa439cf89fce0eaee951,566b39c7,21,DNA,0,1000,45669,1,SRR1584341,-,33c523ad893e429747434cdb7748edf58bf28a68cfa1b79b49e4902f5c0b7a39,2020-06-20T07:37:57.000000,1159914
sigs/ERR2747851.sig,2cd4b718a5a97f3be5860fa516a23b21,2cd4b718,21,DNA,0,1000,45765,1,ERR2747851,-,0ba4a6a884120fcc01324239ccab2fa5c0b15d0d39192557ef34da334c96757d,2018-10-16T07:28:31.000000,1523956
sigs/SRR6897936.sig,27bf9bf94628274e164a949048645845,27bf9bf9,21,DNA,0,1000,45780,1,SRR6897936,-,15e1b68d83591e6b9dc78d9678f8fa35fa0178d7b90c7ffdb008dfe6a9dae739,2018-10-18T12:09:47.000000,1626993
sigs/SRR6473279.sig,96cc569dd057e186bff82ca1a204f800,96cc569d,21,DNA,0,1000,45800,1,SRR6473279,-,f5cdfcd342a3e6372497becd23ff2ffaf3ab9759170978b6fb848f38881ea68c,2018-10-09T02:35:17.000000,1399299
sigs/SRR29300954.sig,542cd7c3ca64b9a64b70f6d21cf45156,542cd7c3,21,DNA,0,1000,45842,1,SRR29300954,,5ae000ebe2f3991784e8d4c5343cdfd2b7da65cbefceccd347b39910518d9f70,2024-07-11T19:39:03.000000,1302781
sigs/ERR4798391.sig,5112affe7f35f10254585313c0775f42,5112affe,21,DNA,0,1000,45877,1,ERR4798391,-,9cd575c5f9265225e0973605efd2c9540cb2af926e3cbfbe0f4b32a237964c53,2021-12-05T07:34:57.000000,1362946
sigs/SRR24958470.sig,de03c3256a5ca823bcf33b538f4712e0,de03c325,21,DNA,0,1000,45917,1,SRR24958470,-,97042975bb376f5147bf9d06b587e1dc5db4a9424a3520b301f5ad65df71a7c9,2023-08-24T05:20:40.000000,1280472
sigs/SRR30571529.sig,67a6a5d7c5fa276b346d652971ef2633,67a6a5d7,21,DNA,0,1000,45967,1,SRR30571529,,12a1373bcd6a21e46129e22bb6f25535ac02f31fc6459c1a4e8c2bf25d5997ec,2024-09-18T21:47:39.000000,1081218
sigs/SRR19697431.sig,525f67f99e2175319bbd53f14c31a8cc,525f67f9,21,DNA,0,1000,46031,1,SRR19697431,-,331fcef695111fb365560479842721265981360b8129a8729e8af87e0a86be1b,2022-06-17T17:06:29.000000,1259586
sigs/SRR3321178.sig,0fec90d30bad0cc27ed228863f46dfdb,0fec90d3,21,DNA,0,1000,46049,1,SRR3321178,-,9514d24d16af39ddffaaedd0f48fbdde8cea5812582004d4f5a875fe92191e70,2018-10-08T22:20:30.000000,1605859
sigs/SRR3289576.sig,f100179948ffba597f7d4875b12f9740,f1001799,21,DNA,0,1000,46049,1,SRR3289576,-,37d93a17936b3a43faeaa4f4df1a12bad3069490183e86f73f0a8c24fe318c6b,2018-10-14T04:28:59.000000,1665690
sigs/ERR15005860.sig,8d2136c4707d1b0988ab7a4b03d41b1d,8d2136c4,21,DNA,0,1000,46075,1,ERR15005860,,12b8b21c26fdc79b3cf5bdfe95b1ea9b51f137aa0715462545f5816cb2beb772,2025-07-14T18:25:55.000000,1358253
sigs/ERR387478.sig,c5f715ecf93fb14b299acc695993b8bb,c5f715ec,21,DNA,0,1000,46108,1,ERR387478,-,83092437d6993faa427a042058d26179e653d0b59da76d5e2a1908e245f95e3e,2018-10-05T21:01:23.000000,1745695
sigs/SRR2100727.sig,554ceb7530c027491cd3a94f55a3a48d,554ceb75,21,DNA,0,1000,46110,1,SRR2100727,-,bb07bc8140e8c34cae26dde57e13ada8320d55fbb845c82f070786fa5c986742,2018-10-16T15:30:45.000000,1649186
sigs/ERR2791540.sig,04e352bc665f7e7f450f608cbea6e2c5,04e352bc,21,DNA,0,1000,46163,1,ERR2791540,-,733e7ead4a93110bb04467bc397e23ee38c0bf8d5b86c6ef3e20873a2aa72f3d,2018-10-17T16:20:28.000000,1602581
sigs/ERR4563838.sig,3b12fbf56091e8d756986446874d7679,3b12fbf5,21,DNA,0,1000,46185,1,ERR4563838,-,0206b62d852ff612143ccea144b09297d548e18c1bc779febe3b99d25c8baf6d,2020-10-04T22:04:23.000000,1030726
sigs/SRR29680282.sig,59fcab1df2f00278cc1d3c0c4eeb99b3,59fcab1d,21,DNA,0,1000,46325,1,SRR29680282,,f02998e1d2d4e862a6d3d21ed450f16234c647b53ecc32629cb92a6fb895c8cf,2024-07-08T23:58:31.000000,1287387
sigs/ERR8027518.sig,134bc4fc746547c2e11cf50c95f8c29a,134bc4fc,21,DNA,0,1000,46348,1,ERR8027518,-,cade3679f74d3348b46f1dc3a309be3a9d679ab0d6e81da80ce53b5be687c281,2023-08-25T13:12:42.000000,1349108
sigs/SRR25549104.sig,cbbc77baf18e7ec70d0019bb444e354b,cbbc77ba,21,DNA,0,1000,46492,1,SRR25549104,-,f80f7ee332451a222b47dc7f37d244118110ace55787a8046adcbd71dc7fe493,2023-08-24T00:28:05.000000,1257607
sigs/SRR34675254.sig,12b12a0d6c9bfbfa9f4d0d8daad9d9eb,12b12a0d,21,DNA,0,1000,46546,1,SRR34675254,,f4a1aa63d4d060725d2fe86d5d9a7bdca66a74877c9326f9b244722163950261,2025-07-23T18:44:14.000000,1348738
sigs/ERR483970.sig,973cefed046382b54c3e0105cd9530fd,973cefed,21,DNA,0,1000,46562,1,ERR483970,-,1bdeef92a6fe58a3fdb325594279b24d8b73ca9277c5aa08eddad90f29206472,2018-10-05T21:24:15.000000,1786859
sigs/ERR10710720.sig,f1f0ccad4292dc3eb380e385e441ce2f,f1f0ccad,21,DNA,0,1000,46615,1,ERR10710720,-,5e28026a6664cb996ece6caf72079483e1d197f717f445e6ca6756e497c79dca,2023-11-11T13:32:43.000000,1341261
sigs/SRR5742550.sig,817a5057ba86d56486dd008bf5225c1b,817a5057,21,DNA,0,1000,46672,1,SRR5742550,-,c9dbabadb8462be29be1d4b6d65300cae986e9db5ab16d7a4a2fd8eba7ac8708,2018-11-06T14:05:15.000000,1449897
sigs/SRR4897243.sig,e5852c315e5e8f07b947c39f79671eb2,e5852c31,21,DNA,0,1000,46676,1,SRR4897243,-,ce37f82426870c181cde8c3d6d13a8e283b7d2e43e276932222ff7129ea59359,2018-10-09T19:25:06.000000,1710690
sigs/SRR9844082.sig,9b09f6bba967c810bf57c80138839b52,9b09f6bb,21,DNA,0,1000,46774,1,SRR9844082,-,3a21d3b5183ac03d92e5ba4e276c8bde0670676cc51d5c125ee578fca347672e,2020-07-08T17:53:53.000000,1443713
sigs/SRR5253054.sig,27359e7fc7968fe4b8f4faa9a0af1be8,27359e7f,21,DNA,0,1000,46823,1,SRR5253054,-,1993a7c6ad51c35638dabb5820b38cd254a7cbfc722691d4d733d435fcd93a3d,2018-10-09T00:35:35.000000,1505730
sigs/SRR8140242.sig,224cd56bbb4335f57b9af829343f8e13,224cd56b,21,DNA,0,1000,46860,1,SRR8140242,-,12708959c723e7ce3299c8663850a5c76db3ae7aa08a1f0d3828b30e83827068,2020-06-07T12:13:39.000000,1318620
sigs/ERR579120.sig,5d8aa2031f7fc0dee9aaa266850cc085,5d8aa203,21,DNA,0,1000,46941,1,ERR579120,-,490bbbc2c6a8878c6e4a27d0b3dcdd994c4c807f0c55ce91eb636a3dbb366d86,2020-06-22T18:09:24.000000,751495
sigs/SRR6635763.sig,73abd548aee7a83ce1e8158e5f582ad6,73abd548,21,DNA,0,1000,46964,1,SRR6635763,-,3d0aeb1b5b1b579cc435245b42f2f94656e9d207264c5236cac61493bf217a3f,2018-10-16T15:47:31.000000,1582871
sigs/SRR22292168.sig,9b6fcebf4ec64489ebb876072dfef082,9b6fcebf,21,DNA,0,1000,47013,1,SRR22292168,-,955b5f724515da3f554b7c1fb0eb3f243420902fa561f5996f51d8687f2c9550,2023-01-12T11:32:38.000000,685153
sigs/SRR6840398.sig,73d7984ebd770296894128a9340aba60,73d7984e,21,DNA,0,1000,47077,1,SRR6840398,-,acf32ad9eab7bb611698b3408fb4509920b856864a0e602b2d95aa9a5dadfc9e,2018-10-16T23:22:31.000000,1529350
sigs/SRR21847998.sig,8bef68e1ee1315626bf7dd6fc47ec275,8bef68e1,21,DNA,0,1000,47155,1,SRR21847998,-,ffbf38337c8687bc9925f6220ae8051ae67986311f5e23ba7abbfb456bec3907,2023-02-06T03:17:53.000000,1296216
sigs/SRR5585339.sig,9e50c8d0f34f1ab429e962e253ddb202,9e50c8d0,21,DNA,0,1000,47275,1,SRR5585339,-,13f32d78af59764014e409271aa1d27b4a049601aab52541353e995ca62b7012,2018-10-09T01:04:02.000000,1678945
sigs/SRR7440679.sig,08d394da3abe7d2b30709b4ef32f6f8d,08d394da,21,DNA,0,1000,47333,1,SRR7440679,-,e6a7b8a16058a3e9b58261b21c5fbcb4c49e1c185517b6a0c4cfbba0215f8d2f,2019-03-10T02:48:08.000000,1868557
sigs/SRR5361086.sig,14b303ec93050bf3c3f551848328f1c5,14b303ec,21,DNA,0,1000,47380,1,SRR5361086,-,97c3057f1e21a3e137d8bb6d54a69ce9fd84b55a9a5210afce52e04f661f044e,2018-11-06T10:08:06.000000,1501010
sigs/SRR17815562.sig,16298852e493a78e8d24685a42c5f2ff,16298852,21,DNA,0,1000,47381,1,SRR17815562,-,cd4a5da4cc4c230e05938ed19bf8534b36c83a4d2f6efd9bc1f2f9c3b9df3de4,2022-03-04T08:38:53.000000,1084507
sigs/SRR21375366.sig,942f781e9ea736d82cfa7f23bd3d57fc,942f781e,21,DNA,0,1000,47381,1,SRR21375366,-,de8751217b6f133d39489e75ba17ddaa88afdacd26273af97ae4bbe209f708bc,2023-08-21T15:10:47.000000,1378384
sigs/ERR11578746.sig,84a31d07a4f5d3197efa64441eda6ee8,84a31d07,21,DNA,0,1000,47600,1,ERR11578746,-,37bf8611622b008edbb2052904e5ed7d520f138f033296a92283a1f766a2dba9,2023-11-11T19:49:00.000000,1346838
sigs/ERR2137860.sig,2a9a60bfabe5207f21d0f0f5da11b0dc,2a9a60bf,21,DNA,0,1000,47650,1,ERR2137860,-,94eade61a232f6726f3fda1530166bc2ba7bad8529ed67e41bb3f910d38490e3,2018-10-17T09:54:49.000000,1690561
sigs/SRR16491016.sig,4e55f439bc0ccc2d63ca824abd67ac53,4e55f439,21,DNA,0,1000,47792,1,SRR16491016,-,30a2114fcadc9ea1aff30651e950f8c07e7474956e8d79413a226fdcf017d793,2021-10-21T18:05:29.000000,1335155
sigs/SRR3215298.sig,0a7b33f058efa03b31d89ffca1db4722,0a7b33f0,21,DNA,0,1000,47797,1,SRR3215298,-,e730bb063a0b8e80b2bbf648c43778a503fe335e212091083ca77e3979499d97,2018-10-07T09:29:24.000000,1618439
sigs/SRR3663278.sig,c201b6d6d9c7ed470b386bd9988fc5d1,c201b6d6,21,DNA,0,1000,47806,1,SRR3663278,-,cf7fa0e68282995d40b6dab0a84fda916b5e8cdfa809bee0980ccdf8b68c80a9,2018-10-17T02:15:02.000000,1452295
sigs/ERR163864.sig,46338f2a907fdd00b747f5480de3ed7c,46338f2a,21,DNA,0,1000,47813,1,ERR163864,-,d525396937eab2893538b0cfa8df2d4c7548f09fcb1f0ad3a1761ff2d737792a,2018-10-05T19:22:24.000000,1682598
sigs/ERR3905224.sig,74b175a3f0cd8469700686bdcb6b043d,74b175a3,21,DNA,0,1000,47814,1,ERR3905224,-,09454dc5823e18658be10c7beccf33e70e84c1ccdb0a294d5e5be60b37e20f82,2020-05-23T05:57:02.000000,1290562
sigs/SRR5808900.sig,d5b0c4b36039292dc11357ae3478b2f7,d5b0c4b3,21,DNA,0,1000,47967,1,SRR5808900,-,01b76ce143345b56a79827557d1740894dbeb24fc93f9d4b12e27a26cd6fa402,2018-10-09T01:19:48.000000,1523775
sigs/ERR12122123.sig,6887f0a5737a0acbb7416ca07b84adb3,6887f0a5,21,DNA,0,1000,47991,1,ERR12122123,,abecfc5c64a233245743fa1f93f24cacb6f04e77f429cfe814409f4dda884231,2024-10-07T18:44:47.000000,1153159
sigs/ERR3426055.sig,bf3297482576bc425edd4c1078179101,bf329748,21,DNA,0,1000,48009,1,ERR3426055,-,659c0522c96e18f27ab981eb217c7612926dbb8629c6f7fc106465d40c240a8c,2019-09-26T08:43:54.000000,1605188
sigs/SRR3499823.sig,07f291760a4cd3459cfb150d800a26a6,07f29176,21,DNA,0,1000,48020,1,SRR3499823,-,816936e33200bf43179f15a4158528a2b85bfc0e612d693dead1829508918f9e,2018-10-08T22:33:36.000000,1467013
sigs/SRR6934846.sig,9597509a89f03d4a84a552c6b703f2c1,9597509a,21,DNA,0,1000,48076,1,SRR6934846,-,ffe2367c60075cc50e7562e50d938ee3dd69f5882c16e85a618e4de653525bed,2018-10-17T14:55:55.000000,1714600
sigs/ERR3283176.sig,aedb33e462caccc75a7f9b70fb984bf8,aedb33e4,21,DNA,0,1000,48104,1,ERR3283176,-,cd880a05749081bb71395eab0fa39d44916522925902a954edf5c1137c3affb6,2019-09-26T05:03:36.000000,1620282
sigs/SRR16891731.sig,88a65d91ced73a2460c8bfc284114fa2,88a65d91,21,DNA,0,1000,48152,1,SRR16891731,-,4bffbb560096e506f4f84c4318b05ce95c558e43341fef7ddc835b5c21d95235,2021-11-10T17:17:36.000000,1374490
sigs/DRR408129.sig,1af483a7ebee2b855c6b7d76883c89bf,1af483a7,21,DNA,0,1000,48171,1,DRR408129,-,0327197dff3b177f46900bd0cb533e1d59ab845c41ecd4673a94d904ae787a19,2023-02-04T03:53:52.000000,1655128
sigs/ERR2815608.sig,b934b817a292d92a22a6361c1fd02482,b934b817,21,DNA,0,1000,48206,1,ERR2815608,-,70719351372df21cf37d72811480fd39360ddc011c27d029c723d1fb8843ae0d,2018-11-06T07:36:54.000000,1629373
sigs/ERR906943.sig,a4bbce6520d38cc20a5886c3d4314879,a4bbce65,21,DNA,0,1000,48406,1,ERR906943,-,db819e2741e161bd73a711f7f7907b4af20566529320bfaeabe170c1a7c0f4d5,2020-07-08T14:42:33.000000,1257197
sigs/SRR19511096.sig,d63f776a46a06b4833f8aedfe72666ee,d63f776a,21,DNA,0,1000,48563,1,SRR19511096,-,c1e87339b316a192736c0efd087084f9c935101ab9288ae2f1a370954defa574,2022-08-25T19:15:19.000000,1361500
sigs/SRR13871308.sig,2fc28bb8c6d32b41ac2836b6ebeb96a7,2fc28bb8,21,DNA,0,1000,48595,1,SRR13871308,-,7327671cc592839fa62335b6226fd3c8ee9487963c054be4567ac71b1b703178,2022-08-26T01:31:59.000000,1441126
sigs/SRR25779751.sig,5b8fa35f13a1352f9f478c03d31a74bf,5b8fa35f,21,DNA,0,1000,48619,1,SRR25779751,-,620be07b5b8fa2968ec741f78bc1999a263321089d1f834de0c37c92de93f565,2023-08-30T17:03:00.000000,1351901
sigs/SRR31358392.sig,18eda22dc0f86322bdfe1a976b7df1bf,18eda22d,21,DNA,0,1000,48644,1,SRR31358392,,3bd21a5531e18c10a964bffc7ad0e83e6860e2e2444e3967520ab595347c200a,2024-11-17T11:27:28.000000,1243082
sigs/ERR3440983.sig,931d324202d3902b80e37228b5be6046,931d3242,21,DNA,0,1000,48749,1,ERR3440983,-,6eac9b32046dcf87ee018d6a23d486ad3e6c9f17ab1453a8a02a1b946b52c4d0,2019-09-26T09:24:57.000000,1724381
sigs/DRR294139.sig,4cb0821a42f8880d904a510a2f37d5cd,4cb0821a,21,DNA,0,1000,48808,1,DRR294139,-,43d9daa5e242f42c6bb62e0b30ae7d94b8df9334a877bcedfa770a39700c275e,2022-04-24T18:07:15.000000,1551694
sigs/SRR17276791.sig,5b526a9689dd6fd63df2146852b710e2,5b526a96,21,DNA,0,1000,48957,1,SRR17276791,-,8f7c397d4c927e739187d48942ef2a3f017f16f8451ab233b1898975dfbfb3a4,2022-04-12T04:12:50.000000,1417023
sigs/SRR6919848.sig,ca3102e2b26ef861806c14ecf7c51cd7,ca3102e2,21,DNA,0,1000,48975,1,SRR6919848,-,7ff19637a02604bf5d7c92b0464ca9138c7346c982f586383dedf2352f038e73,2018-11-07T06:58:16.000000,1694619
sigs/SRR21204875.sig,bf08f726744fc5137fa0bc4601cc95ea,bf08f726,21,DNA,0,1000,48989,1,SRR21204875,-,c90d7a18ccff0d12519464a545b22a808324eee4747ff8a75b4d90640ba71af5,2023-02-04T20:17:52.000000,1632994
sigs/ERR1135588.sig,acc0c65762309b4011cac9496b5c33e3,acc0c657,21,DNA,0,1000,49024,1,ERR1135588,-,f348d0be46c547932f9d9e9d1bc02c6a35ef3009134cf50138d889a208527d15,2020-07-09T08:59:13.000000,941956
sigs/ERR15001851.sig,7adb0440ea7e8b6695bbf17a7565a7b5,7adb0440,21,DNA,0,1000,49081,1,ERR15001851,,2e25e58249154eea88501467b3750d7ecf0372c09e6462bd6798690170622d62,2025-07-03T20:35:04.000000,1415803
sigs/SRR28807722.sig,b2f6351eccec91cc5da0b3a737625d68,b2f6351e,21,DNA,0,1000,49115,1,SRR28807722,,0225d251b2f06199195fef4c49fc4331e1c77f61721028899de702e4ad46d2c2,2024-04-28T01:52:13.000000,1377916
sigs/SRR24296792.sig,a10d62cde8c5b1958f120b2467a25ccd,a10d62cd,21,DNA,0,1000,49136,1,SRR24296792,-,b17bbe0353b58ad5b1dfd0bf2e35b117b8e5bbe47205db2dde9787af2ce92057,2023-08-22T19:33:11.000000,1428089
sigs/SRR33021664.sig,88688eb71002f07ea6230857ff6c9928,88688eb7,21,DNA,0,1000,49181,1,SRR33021664,,e6737f5b33ac65e01f759b0b4043909a88c009c5ecc836023fe90b2bd4f4a740,2025-08-23T19:01:24.000000,1439386
sigs/SRR30780171.sig,368b23ee97bc08f507cb455b3ed86433,368b23ee,21,DNA,0,1000,49192,1,SRR30780171,,70680bb6bf578cd6bddf75751f2b8c77840fe23dcd6f401fefeb133f6532dfad,2024-09-24T19:06:56.000000,1487883
sigs/ERR419917.sig,c23537d142a5d84873ca1006a3a090d9,c23537d1,21,DNA,0,1000,49297,1,ERR419917,-,dcd09ad4e4cd44b4eaa631e4c667f1a3d1e024043b8b8a05e7f2bc7306774b03,2018-10-05T21:07:47.000000,1874470
sigs/SRR25257872.sig,05385a0ec4083034c6700d155e61059b,05385a0e,21,DNA,0,1000,49356,1,SRR25257872,-,3b08a0d5c1fb23e4a892017b726a1880e812269f8117f9bf1ceaa000a293d4b1,2023-08-24T01:58:01.000000,1364337
sigs/SRR6964635.sig,bcd453ca0bae06b03fbbc686a88b1c3e,bcd453ca,21,DNA,0,1000,49428,1,SRR6964635,-,093457f217e8dd717fe5bb1d5e5a7580dd1fbc37e735b72ee1750c84925b2073,2018-11-06T09:02:09.000000,1644907
sigs/SRR10879531.sig,fe2f5b43e31ae6742ca02dca85c87a87,fe2f5b43,21,DNA,0,1000,49564,1,SRR10879531,-,023316289d0d055b126bdc0a765a24305d8596d88909bc8e567ada9b78b37e03,2020-01-15T04:45:45.000000,1767869
sigs/SRR8707594.sig,568d04187f71f627794914504e098dcc,568d0418,21,DNA,0,1000,49592,1,SRR8707594,-,0380c07acb1f58c8fe8c0e50581ca8fea55899304666d8bab03646b54ec72233,2019-03-13T01:26:23.000000,1677095
sigs/SRR16204273.sig,73b2db0d446995b18a3a30a1c1cb7dab,73b2db0d,21,DNA,0,1000,49609,1,SRR16204273,-,69f6aa2fc0c04fb79eed6fbc5cb06bead0a5ac6be498c22044ecdb3bcc190bf8,2022-02-03T01:48:44.000000,1512645
sigs/ERR6995161.sig,7d49dd7a365fa56ad1e725a1990e422e,7d49dd7a,21,DNA,0,1000,49615,1,ERR6995161,-,766e52fc237535152da940b619e4e433b3ad73fb83466d330721403050993886,2022-05-12T01:04:00.000000,1257222
sigs/ERR375801.sig,bc01ac56a2bc7bdf6eb59f8f6e8a0dec,bc01ac56,21,DNA,0,1000,49746,1,ERR375801,-,8da103da88eb9915867777cc134ac8207d4a8b692e4be81e5805bb8e13128c30,2018-10-05T20:57:28.000000,1864449
sigs/SRR10822288.sig,c3fcb98cd036e1aeaccc6fe5ae6e7217,c3fcb98c,21,DNA,0,1000,49794,1,SRR10822288,-,5e180953c25fac94ab59ef27df15de5ceabca3224045d398857c7f39cae7fabd,2020-06-08T08:16:33.000000,1352999
sigs/ERR2818130.sig,83ae2b807ad2edb07c282fe1c887bb0c,83ae2b80,21,DNA,0,1000,49804,1,ERR2818130,-,f554a1c7729c4ef064313d27e4dd20cd2c3ee43b92f0b4a6b3b5bde16b370945,2018-10-17T07:49:19.000000,1804020
sigs/SRR21201236.sig,2190b2600f6741314a756361a413a97d,2190b260,21,DNA,0,1000,49817,1,SRR21201236,-,13c443dd66edef8e7440594aee9408399865e8d9bdb0a805e9511c2cab0ce96a,2023-02-04T23:32:12.000000,1444254
sigs/SRR2100054.sig,bb6f070eb1be4007ac31dd1e12100c42,bb6f070e,21,DNA,0,1000,50008,1,SRR2100054,-,4612d1cafea2f1a75d4d9deba6e90f9aa6117c33d37bda7e4646056135e5966f,2018-10-16T03:58:53.000000,1800639
sigs/ERR228285.sig,91f9fdf054a6ad976abcf151d5c8c337,91f9fdf0,21,DNA,0,1000,50017,1,ERR228285,-,0b4aec86633e07bb6b1d2e3ec4e079eab87eab4ea38b1ea3107592b7f5284ffb,2018-10-09T14:19:42.000000,1803630
sigs/SRR32032780.sig,a290205930084510a710783895be4dfe,a2902059,21,DNA,0,1000,50041,1,SRR32032780,,abced1de7b7da864c8a11531625c4a0119c881285cf1accd1407890dfe235751,2025-08-22T18:11:40.000000,1793747
sigs/ERR1735274.sig,8941ee1a06c7178684c3c22f99ce6834,8941ee1a,21,DNA,0,1000,50270,1,ERR1735274,-,113f4209d315d5257a69d52f9a46cea51f6c68f204a09a43f38150f0e4be23e9,2018-10-11T04:30:39.000000,1947724
sigs/SRR16988745.sig,1d43c8db8e4d3df2e3c07856c5dac2a7,1d43c8db,21,DNA,0,1000,50354,1,SRR16988745,-,7ce26b25e5421a7072e448d7e3c28aca485476b274b2fa9c8560c0ed26a623ee,2023-08-23T19:35:42.000000,1583388
sigs/ERR2359916.sig,10b84605b1a5bdb176c338d2b0f30da2,10b84605,21,DNA,0,1000,50425,1,ERR2359916,-,82797257202f32b31e5b186cb93e2262d2f44e10493869b3e4808524513f6e5a,2020-06-22T06:35:50.000000,1813742
sigs/ERR2212947.sig,3a9c08fa14398122afe01a6a7548d796,3a9c08fa,21,DNA,0,1000,50432,1,ERR2212947,-,992f57d7094d5584145d75657c1f7f4997845b1109cd61acdfefaa99ccfe738a,2018-10-05T20:16:34.000000,1799556
sigs/SRR6183477.sig,0104202091921fac6de5eee600f5c7d2,01042020,21,DNA,0,1000,50453,1,SRR6183477,-,4c955824127a0e46528850cf4c6f509d53350c4265e60a4c777b295cfd98ad68,2018-10-17T20:01:49.000000,1607109
sigs/ERR449028.sig,3903bed98df35e64bc16dd4c870c4874,3903bed9,21,DNA,0,1000,50466,1,ERR449028,-,0c7b3c06680d2d07a90aafbb5c4ebe54a72ca743290d903aedc97e23f2f3d9dc,2018-10-15T10:29:50.000000,1848694
sigs/SRR1068571.sig,8e2ce8107e83de86d1639e4f694a10e2,8e2ce810,21,DNA,0,1000,50469,1,SRR1068571,-,37ff468a5fffcae4c1866db3d40c2f6bc41ba5841484302c84a7f8c4d9306e02,2018-10-15T06:50:13.000000,1784729
sigs/SRR8364476.sig,b1e2018ad1d8fc99f8cc383a089df780,b1e2018a,21,DNA,0,1000,50534,1,SRR8364476,-,6c3be7033808c2ecbf81671a21fb153913ee490ca00ccac5724cfdd89434c277,2019-09-26T11:09:26.000000,1819483
sigs/SRR16891746.sig,f5ac9b1172d82e943d7aa3460772515d,f5ac9b11,21,DNA,0,1000,50584,1,SRR16891746,-,98c9981742fda669e65ada6e11e0b37f836722868858be0ac8ccb80123ffa9ce,2021-11-10T17:22:47.000000,1428633
sigs/SRR32592073.sig,cd2aa4b916590e4a1e7c28c9199470a4,cd2aa4b9,21,DNA,0,1000,50621,1,SRR32592073,,d8b6e4729c58437849e3630a95ce3b24a627701e2c909c3e708d1a3e7af5fd7f,2025-03-07T22:40:56.000000,1715689
sigs/SRR26463078.sig,2e7f59ef4cc810fecfa19e65a60e5be3,2e7f59ef,21,DNA,0,1000,50737,1,SRR26463078,-,0be331a9322f8da7c3a674ef16e6873a68cc67900272f9e5bcab09517d024d7c,2023-10-23T19:31:12.000000,1436404
sigs/ERR038680.sig,42a04694a58020c855818cafecefbd5f,42a04694,21,DNA,0,1000,50757,1,ERR038680,-,05ec122dab64d7cf47a6f96f893d75e035c700a1229e80a5952784e3d46e74d2,2018-10-05T17:54:47.000000,1814160
sigs/SRR5215741.sig,78cffd9c76cc358dfdfc4f5c7ead9875,78cffd9c,21,DNA,0,1000,50762,1,SRR5215741,-,a7f585403d69e003b28f7ff60b1fb5f83b420171b7d7d894188d1822699c4001,2018-10-09T00:27:45.000000,1615019
sigs/SRR32905292.sig,75e40ded6cf3f3049a1ea0df09141ede,75e40ded,21,DNA,0,1000,50773,1,SRR32905292,,5d97062c3567c6e8a0306eb9f3019b89e8176c225f9c1f9253ee9fdd9f38c099,2025-03-29T19:09:10.000000,1447870
sigs/SRR6796164.sig,fd9a17bcd3aa3db333a7de9af6ac5ef8,fd9a17bc,21,DNA,0,1000,50798,1,SRR6796164,-,7bfa922cb2b73ebe6d9cc5cdb35e16d4dbddbf4ca7a88c05e02c1c1c470606ab,2018-11-07T04:04:39.000000,1587006
sigs/SRR16950820.sig,7f1bb053935df82e172c9066e5e3b778,7f1bb053,21,DNA,0,1000,50940,1,SRR16950820,-,7e4fa67bf3acd4bec1278528f04cd648b00ee44da7341d801b9df9cd8ee09f52,2021-11-16T17:06:32.000000,1430522
sigs/ERR1971577.sig,ddb9ca65c698e4d495304d3340c758ef,ddb9ca65,21,DNA,0,1000,50997,1,ERR1971577,-,346af7253c1e7e412b6c19087e0fdb8763215b6aac97a94c706968ad2376c2eb,2018-10-19T12:09:31.000000,1598659
sigs/ERR5002947.sig,62efb05760e191238a651e9edd917260,62efb057,21,DNA,0,1000,51119,1,ERR5002947,-,0854c6a96d6834b99dda3eea5457ba9acf28557680c313dba81812f3f250c190,2021-01-16T20:44:03.000000,1242106
sigs/ERR2522307.sig,7fc520a8ef906ea0f22fe8f945a65864,7fc520a8,21,DNA,0,1000,51130,1,ERR2522307,-,7694921bdd309c217fff6a273b71ee79db7e5186b48ab780082372c69a00b3a9,2018-10-17T20:39:22.000000,1753077
sigs/SRR18810755.sig,c6e3bd3ec28c04eeb9cf68c3b16c665c,c6e3bd3e,21,DNA,0,1000,51194,1,SRR18810755,-,9c1ac112b4eb5abd4f2cb3ae11b02c7a2511e7c2fbfd46de3d4748a0bed91c7a,2022-04-20T17:18:43.000000,1395958
sigs/SRR32506177.sig,d7430c65dbbf06c61d0b5a836a13e0e1,d7430c65,21,DNA,0,1000,51199,1,SRR32506177,,e8f4e4891ccd20d4b45b735f21d3d703b83f9692166ed36145aa1cba96aaf299,2025-02-28T21:52:12.000000,1465953
sigs/SRR6798588.sig,b8f59d4ebae2026d311222db80d1e72b,b8f59d4e,21,DNA,0,1000,51239,1,SRR6798588,-,5509e739ba1eb84c297341593990fb99edd6d5418f47d408dbb83eb3fb827622,2018-10-09T02:56:05.000000,2012306
sigs/SRR23263064.sig,9a3037efb15e3dc47177a56b7e2a6086,9a3037ef,21,DNA,0,1000,51295,1,SRR23263064,-,c4f16c6b62147ce5cf48320d67ddfe251c293eb5f97b7e848cf0fbc6485f1841,2023-02-14T10:26:00.000000,1344796
sigs/ERR3593328.sig,adba41e9c02173de9a952ae836c1b995,adba41e9,21,DNA,0,1000,51500,1,ERR3593328,-,e030005d9d671936d941d74221332abf002d72b31824fa0c47f9013e476de335,2020-07-08T10:16:44.000000,1205755
sigs/SRR8517842.sig,b9ea9295ebddecae191782c9f655e4ce,b9ea9295,21,DNA,0,1000,51565,1,SRR8517842,-,a715d5492196dfd5bb9b7333b7d2f514e77fe19d40ec9d6de76810b45f78cb3e,2019-09-25T09:48:38.000000,1806638
sigs/SRR25580264.sig,3c4bd9b174f95f52202ec334aab79c89,3c4bd9b1,21,DNA,0,1000,51604,1,SRR25580264,-,903f5f1c70834c4c19c1c08511a8e1e7a3a83ca22a0adf9ab59dd9ee0bef9e3e,2023-10-01T19:29:42.000000,1598844
sigs/ERR11607565.sig,376f65d4a50161df97fbca669d935926,376f65d4,21,DNA,0,1000,51667,1,ERR11607565,-,d6dd2975c95897f7f0a61cb6263d0ea73be39f1b7861474963d70441f55e876b,2023-11-11T20:29:27.000000,1547309
sigs/ERR470061.sig,1b663a2bd8f69f3b19399cb492c4ac67,1b663a2b,21,DNA,0,1000,51679,1,ERR470061,-,7721180ae0ea18f8f0a3fcc9e82a0a4b3a910ca5aea12c8c9d979a2106cba663,2020-07-10T13:42:09.000000,1150043
sigs/SRR26137592.sig,1f6a09e113a404d42374013fd88f58c0,1f6a09e1,21,DNA,0,1000,51729,1,SRR26137592,,aabc4fd80537f88f3aa1f4af001c147b461bb3951bb7798290784e60d012d7db,2024-06-04T17:17:18.000000,1430317
sigs/SRR5659567.sig,65c8765e94c9af4369976ac7850405a1,65c8765e,21,DNA,0,1000,51748,1,SRR5659567,-,38b469b51e63f8f978a0a18458b5e23a6218ae19d7810ac756a7f1bfb99a753a,2018-10-09T01:09:40.000000,1541255
sigs/SRR33405935.sig,cfd6a72764b5db0af43b65a3ff3283a9,cfd6a727,21,DNA,0,1000,51761,1,SRR33405935,,de8109552224d324468603b9e1b917e2536f211d9b40900ec3a4d11e852619c8,2025-05-03T04:07:38.000000,1534135
sigs/DRR199866.sig,b9f60306f4c880f224f49cd62a65ea89,b9f60306,21,DNA,0,1000,51812,1,DRR199866,-,da3801b6eab38b91846760c30c4a3c47b4b4e0233a2f07b2f40f0b4b0ca1b9df,2020-12-12T14:53:02.000000,1389922
sigs/ERR670771.sig,8f76b7c46c47830652f63b1938610308,8f76b7c4,21,DNA,0,1000,51904,1,ERR670771,-,ca336f33f199dda8314d30a0f4a1f836b052f5fd2a7b538a68dd09dab2d32003,2018-10-07T23:12:05.000000,1943783
sigs/SRR25206944.sig,ab84e5a833c72acb799507201c48a22f,ab84e5a8,21,DNA,0,1000,51932,1,SRR25206944,-,46a677d8254c77dbb134a41c3af738803006a9f3d550a48f1328ebbedb23f1cb,2023-08-24T04:29:57.000000,1451612
sigs/ERR2213995.sig,e865a3a9952dbd51150d926f855a7462,e865a3a9,21,DNA,0,1000,52038,1,ERR2213995,-,3245a79476ada9b34ec8369895646ae41e08ea7464e9ba14ce68a3ef0bf04380,2018-10-18T01:28:12.000000,1750610
sigs/SRR6919308.sig,4e6cfb2363809bc61709e2a243d15f69,4e6cfb23,21,DNA,0,1000,52067,1,SRR6919308,-,04ce036e82e96ec27ebdf141b9ee69674bf63b5542a2bd6d0687ad3973f3d8c2,2018-10-17T20:58:44.000000,1643102
sigs/SRR7285919.sig,a71ad1db5812cc0b01efc464b246b389,a71ad1db,21,DNA,0,1000,52082,1,SRR7285919,-,2b0980e2eb53ab4dd5e1929dc62ab4b6afc65767f2d024e7eb2e7f3f767a28ff,2018-10-18T07:35:57.000000,1899478
sigs/SRR32327769.sig,688619910279fa8f523f61bd9b6625f0,68861991,21,DNA,0,1000,52229,1,SRR32327769,,d8c22394cbf7c129dbd018f6e0cb8c561ebbbc39f1950628f742884fb09cb32f,2025-02-13T18:35:29.000000,1808968
sigs/ERR976909.sig,27366ea81800a4f0809a16c1839dac6d,27366ea8,21,DNA,0,1000,52419,1,ERR976909,-,0a2f21b2fc0d2cebef66abb28914586b01fd6f676ea6f18674b07e375d6e45e4,2018-10-05T22:28:16.000000,1874062
sigs/SRR18888133.sig,717a827587a0127ac385e55fbfc2dc50,717a8275,21,DNA,0,1000,52446,1,SRR18888133,-,d5f05544280c8ea6043d3f4ffcfa2618c51f376a83a51aa2f7c7b8fde763310d,2022-04-23T17:18:05.000000,1630985
sigs/SRR7286765.sig,a538ae2a9cc34453245c4b5af7fb48d3,a538ae2a,21,DNA,0,1000,52497,1,SRR7286765,-,f34b15dbfe057aea6b3324be0fe32e712c4352c18779c0ba2f24ff6b0d668f0d,2018-10-17T04:35:55.000000,1933025
sigs/SRR3629447.sig,0bec341483f60d011005b5c570bdbaa9,0bec3414,21,DNA,0,1000,52685,1,SRR3629447,-,e76483c53246d612c9f1462973879f0b01c211bfb9c89a85bc53f7e3423bef1d,2018-10-08T22:39:29.000000,1871105
sigs/SRR26714039.sig,87a3a5d92e0991847065d11d344c7324,87a3a5d9,21,DNA,0,1000,52692,1,SRR26714039,-,d4d143c36389311aca44d9862c0a974e07e99225a4cefaf86e855b277472fc55,2023-11-12T05:14:07.000000,1474534
sigs/SRR33807350.sig,3c233623abe998be3e9cd4c3cd059aa5,3c233623,21,DNA,0,1000,52739,1,SRR33807350,,f515b41e52d5a808fdd75a81ead60eed828d4866510346a620eef01ac698ec51,2025-06-04T19:50:32.000000,1492903
sigs/SRR7169423.sig,db18f781f38f490af06519e71e0670b7,db18f781,21,DNA,0,1000,52748,1,SRR7169423,-,a79fbae09fa7fca9af0ba5f133d0bf9954258227ae6d177dea802bea43966a71,2019-02-15T05:35:03.000000,1895893
sigs/SRR11992975.sig,004e6df29d3e3f8532d37102948bfc55,004e6df2,21,DNA,0,1000,52825,1,SRR11992975,-,339e87ce4fb8d7a370941b74a3438351099624cbe991fb55ad4cd421b7a45c99,2022-01-03T17:23:59.000000,1454067
sigs/SRR7871391.sig,4809d9426811f727d37afc569116a875,4809d942,21,DNA,0,1000,52855,1,SRR7871391,-,74be9605edd67d61814df90049cbb83b427097a70d5f41258e578f5e1e8735eb,2018-10-17T22:04:56.000000,1639459
sigs/SRR28491541.sig,6f83e865fe9614764c16f9aa4b1b016f,6f83e865,21,DNA,0,1000,52994,1,SRR28491541,,45f0650b8543180f7431ea973d3d914d56d1d6fba38789eac0284b4d4d0be4fc,2024-03-31T16:32:01.000000,1461160
sigs/ERR3405452.sig,5157eebc1693771c674c6e34e2e385dc,5157eebc,21,DNA,0,1000,53047,1,ERR3405452,-,278d8bcc17adc844a513c12b77e351e818d9074e0c94a2b3274f1acedee2cb84,2020-07-10T05:16:41.000000,1470872
sigs/ERR2397383.sig,09e0368cf05906a4197979c6fba77e93,09e0368c,21,DNA,0,1000,53164,1,ERR2397383,-,5994fa9a502f3ce5940c6781e9932cad35aceb33dd03320af82ef74676a669fe,2018-10-17T19:19:50.000000,1989150
sigs/ERR449263.sig,747516ae95422a6c1facba707641c402,747516ae,21,DNA,0,1000,53177,1,ERR449263,-,37ee6bcfe267fc1dfb4cf1535bca32a05b52f60b02d3bc1d0cf51ac558ac4733,2018-10-05T21:16:17.000000,1993475
sigs/ERR6996877.sig,19c4919f5f4167a2466c6e031f9e9593,19c4919f,21,DNA,0,1000,53213,1,ERR6996877,-,e776c6259ff6f65138ee20c7b69c4248d8f1eefa4f8b1a2aa841c45aa6302f15,2022-05-11T21:17:27.000000,1236567
sigs/SRR5121448.sig,0d8787e76072f5a276160d4d238d4952,0d8787e7,21,DNA,0,1000,53252,1,SRR5121448,-,4bdb67930872cf2915a4c3a914b620f2490d633a45c13cdb41160e59310d38b2,2018-10-09T00:14:08.000000,1730976
sigs/SRR9163014.sig,118a38d91ac5b7d173207ff47f4fc61e,118a38d9,21,DNA,0,1000,53278,1,SRR9163014,-,9dd8c234d3a32d27eeb64924c6f40c0ee34f986dd196fb5eeabda22ca2e58c49,2019-12-03T21:27:21.000000,1652852
sigs/SRR30883207.sig,fdce2c25f60f897c923289d85ddb06c6,fdce2c25,21,DNA,0,1000,53285,1,SRR30883207,,298200a3955b2961e7d0adf8da30cf15468872fa9b53ec05f82b6eed1daa1f9d,2024-10-05T07:34:53.000000,1490187
sigs/ERR10431482.sig,f4bedeaaac671fd9c1c650afb9731b23,f4bedeaa,21,DNA,0,1000,53307,1,ERR10431482,-,c7dfd650a43792dc1aa96cd2a0218eee79fffbd63adb60ce072f76b9ff0eb3c0,2023-02-04T21:26:12.000000,1410967
sigs/SRR13268999.sig,fbd5e44ddead3c2340efc07067b0111c,fbd5e44d,21,DNA,0,1000,53384,1,SRR13268999,-,92aea0056865897dc2322a5725c60a0ca2c4dcbaf4a32d17e6ccd531400c1a45,2021-01-13T19:22:54.000000,1449976
sigs/ERR314127.sig,859cb4e755777a3e9698fd620599c7ee,859cb4e7,21,DNA,0,1000,53442,1,ERR314127,-,016d49abf08b1a00d894752f2c54fc78c07eee92d8890b740630d23b9c626132,2018-10-08T18:55:23.000000,1971769
sigs/SRR30165951.sig,9105c1934b9e5879f0aa26a0725fe437,9105c193,21,DNA,0,1000,53448,1,SRR30165951,,8c333399698b9424fcfa7a4cf597fac14dae3a638c359079b6c6d22854b0a35b,2024-08-08T19:59:06.000000,1483984
sigs/SRR6346974.sig,39f6f6f06025e674f8a507231c6a6f4b,39f6f6f0,21,DNA,0,1000,53477,1,SRR6346974,-,880968e93f89802c465227beb904c64e90b23e58018c0fcf21785d3ad7802681,2018-10-16T22:04:51.000000,1808312
sigs/SRR10088263.sig,9826d00cd3d5af6ecf6985f6a7f553dc,9826d00c,21,DNA,0,1000,53543,1,SRR10088263,-,9bac6a9542bd2a11c2ae553191e867d725cfa1f8b99b693056676ec9e5e2bec1,2019-09-11T01:53:51.000000,1659013
sigs/SRR24977575.sig,2e65b7aaac3398d884344f9f7cf4c477,2e65b7aa,21,DNA,0,1000,53624,1,SRR24977575,-,a4fbcabf83cc8f19f71093c8246d2938d1267988fad1002b03b016fc4afed816,2023-08-22T11:33:52.000000,1344580
sigs/SRR8530193.sig,6eddaa36eb6dfcd9a11e91d15b3f177a,6eddaa36,21,DNA,0,1000,53692,1,SRR8530193,-,ff9222d9d966e67d3f0ca5110e4db930f571406497648d4d807eb5900b9274a6,2019-02-07T03:16:16.000000,1742581
sigs/SRR19543342.sig,3ba7f377f765434d466345053bcc642b,3ba7f377,21,DNA,0,1000,53725,1,SRR19543342,-,e259ecf371b541aab792231e8a02f8ea164ae24a9b269655f48fb0d4f9ca1b0e,2023-02-05T01:34:11.000000,1582873
sigs/SRR28971283.sig,243aa0956806c4d96fba44859cdb107b,243aa095,21,DNA,0,1000,53879,1,SRR28971283,,2c7780bcf4e3271cd0eb2a8074cb171d86aa0370ba2ff1db2fba69d599d1563d,2024-05-09T20:51:02.000000,1493419
sigs/SRR34005757.sig,6eecfa7c9019a3ab2b7e0827d54b5607,6eecfa7c,21,DNA,0,1000,53898,1,SRR34005757,,d7b7ec678dd621f5d71598441c33fbc6caf86f7b5607dd7842c287f33470624e,2025-07-04T09:54:47.000000,1503893
sigs/ERR718516.sig,1ab5a226e0f1097a2b638e46de1815ae,1ab5a226,21,DNA,0,1000,53914,1,ERR718516,-,989bb6af277cd8061667857da8ec51796840f5de522142936215cf81661c8d2a,2018-10-05T21:57:41.000000,1947526
sigs/SRR7544309.sig,0418289914067f30cac88cd1fbee0158,04182899,21,DNA,0,1000,53954,1,SRR7544309,-,06e535379b7b38594504f51f79173c1ea19259860335b3f461e9b97943f3c27e,2018-10-18T09:47:29.000000,2069042
sigs/SRR14250540.sig,f4519c3566f8ec3894d29db7aec20724,f4519c35,21,DNA,0,1000,53957,1,SRR14250540,-,8f2e6583c5f345620607094f893974de60517cc7b5806bca6f9cbeb16fdfabcf,2021-04-16T17:06:14.000000,1541272
sigs/ERR3941235.sig,0122fddb1bb6e21a884e39c6d836cd40,0122fddb,21,DNA,0,1000,53990,1,ERR3941235,-,5e939e6d42af751541409713d0c121c5ab38bac1b72180e5fd4c46aa0f8f379a,2020-06-19T07:35:45.000000,1255664
sigs/SRR27729368.sig,87f1aa4893ce63e3196142792162f310,87f1aa48,21,DNA,0,1000,54112,1,SRR27729368,,bc4f16924b229bb419a1a847a6a79996b0c34b03530b9622fedd8083e6b91e58,2024-01-26T21:13:00.000000,1517147
sigs/SRR12137532.sig,72342ecea24a907e4733e3ad7b6f59da,72342ece,21,DNA,0,1000,54272,1,SRR12137532,-,633affa7f0380666b94238258ae597c049b2f3ad19f1da6f0819bd1293181771,2020-07-04T06:30:07.000000,1456334
sigs/SRR29316695.sig,adce787a53059c7b6cc5683add979e78,adce787a,21,DNA,0,1000,54376,1,SRR29316695,,2ff2f16fb77e478db4a12829a6424e2e9110ce705ee40eabd86d0d8228ae69f7,2024-09-18T18:35:44.000000,1793607
sigs/SRR1608320.sig,ee2fc81f6f320ebaf5e69ebc363f5982,ee2fc81f,21,DNA,0,1000,54510,1,SRR1608320,-,b613d5e2718d2518cec8d1e196c4d39b4ab5db32db33876fb05e1d7bc21ef2e8,2020-06-19T20:00:29.000000,900457
sigs/SRR29227319.sig,950dd4ea33b82c46df1c01780e7910a6,950dd4ea,21,DNA,0,1000,54692,1,SRR29227319,,3ffcea3b722b8a6a0cf57f9766da3c5fa544a3bcc319c5dd801b3d49484504d0,2024-06-03T23:11:14.000000,1531645
sigs/ERR3418590.sig,a6c200c4cc3c13954593cc1e4623a3da,a6c200c4,21,DNA,0,1000,54738,1,ERR3418590,-,7641cbe8730d5272bb5d7d2ae25b2c01dacc12f8d98632f2b1a22bd548637341,2020-06-08T13:09:55.000000,1540393
sigs/SRR7180016.sig,d8df4c61eea12df0d1e41d86c0f88bd8,d8df4c61,21,DNA,0,1000,54770,1,SRR7180016,-,352467cdbde3a3218d5e19a531561887796bc87e77ebf9293865513581359fe5,2018-10-16T20:33:03.000000,1991348
sigs/SRR25534445.sig,104be8aeef84312545bcbcf0318e7512,104be8ae,21,DNA,0,1000,54809,1,SRR25534445,-,ab9d9e6eafef8f042a686b657937ded16ff5e501bb8d730903fd9d66d800ced9,2023-08-22T06:07:52.000000,1605942
sigs/ERR2144791.sig,2055609c8a3d2ebc9011d71b613c5c64,2055609c,21,DNA,0,1000,54844,1,ERR2144791,-,8b67cf2ca38c15055e22b8e93af615fa925fe09f42326fc5a9095a9a693992cf,2020-06-09T07:41:28.000000,1551028
sigs/SRR2131405.sig,eb397cebb4573c2b26a213391a860030,eb397ceb,21,DNA,0,1000,54939,1,SRR2131405,-,5019a9ee873fe4f44a466db993135ef8a18c42cee4e89041b69d244ff0561ddf,2018-10-08T21:24:33.000000,1921580
sigs/SRR31718673.sig,32a2ea3877227a6ced8356d540a61c25,32a2ea38,21,DNA,0,1000,54949,1,SRR31718673,,3880008d7a6b82f16d1884044a7fd64bbfe29d85d8460a19c95493c6ca08e15e,2025-03-15T18:40:41.000000,1537903
sigs/SRR28618261.sig,4a75f1ae97d7fe03442878f234d4757f,4a75f1ae,21,DNA,0,1000,55036,1,SRR28618261,,ea6a6fd52800a7100c3dabc71eff4d51bb08434d472070683f4995699cc6c137,2024-04-15T10:40:55.000000,1438271
sigs/SRR29048743.sig,73ab7edb1cbe2bf9778f0f91182710ef,73ab7edb,21,DNA,0,1000,55060,1,SRR29048743,,1f7771c69b38721d5389b1975761650d274ca85833da9a26fd8c0a20d5c45789,2024-06-30T04:44:42.000000,1748030
sigs/SRR3183283.sig,d221925bf84ccd657930a5ed855d5cbd,d221925b,21,DNA,0,1000,55132,1,SRR3183283,-,8dce2df449b16ea06376c4f936deeb4b04c50409b82f9a8fbd59649d4134f486,2020-06-18T23:05:37.000000,2259385
sigs/SRR8618622.sig,9330e3750224557762820f3753909f1a,9330e375,21,DNA,0,1000,55152,1,SRR8618622,-,df72a6cabc01ee76c55ef84258b020b483e4eb2c7283f9de41e127ebbb625111,2019-02-27T02:28:20.000000,1739692
sigs/ERR1192189.sig,831f7c64c3bcd157af07b17fc2cf05ce,831f7c64,21,DNA,0,1000,55178,1,ERR1192189,-,e1e80652381e9a854ccb03ae4f0b5c629d2725e30217ab78c750b96ec646d1fe,2018-10-09T03:37:53.000000,1798572
sigs/ERR10031022.sig,fb2fdceba7e0130bb447659478e0c1c3,fb2fdceb,21,DNA,0,1000,55180,1,ERR10031022,-,017e5781a1bc4f9547a08410eaeb67b6ae76b791bdd8decd671d333d8ddb8e7e,2022-08-23T14:23:44.000000,1555938
sigs/SRR11221336.sig,844f54fb6c853840837950b8f7a3eb85,844f54fb,21,DNA,0,1000,55191,1,SRR11221336,-,8a615c8ba7e39bebba8966ae7b4b82b6eda9c7f6cff4f0adc37b290d9c4c65d4,2020-03-05T03:10:02.000000,1788119
sigs/ERR869861.sig,4d9592e1388f13363977138f3ffaa392,4d9592e1,21,DNA,0,1000,55230,1,ERR869861,-,85ef3918e041bf092afc2e0d594241d209a82c4bf1c61a7a23e053765727ba24,2018-10-07T18:00:44.000000,2026195
sigs/SRR9900535.sig,3760663b57d0a8db291a8ca09116f7dd,3760663b,21,DNA,0,1000,55264,1,SRR9900535,-,85ba8fda1d7f100ce63b95e90975357d1cb6a0fdd8b82d2f51d06218fddabed2,2019-09-26T15:55:22.000000,2100813
sigs/SRR8981290.sig,49c2462c3d788ed6e3d949b418d192f1,49c2462c,21,DNA,0,1000,55404,1,SRR8981290,-,7b159e9b867a7f220d2ca85470840fe7a95475e98c0cb972901bc1ddfc899fe0,2020-06-07T00:13:04.000000,1565180
sigs/SRR13246722.sig,fc3fba7a18b836e7b3d5885ddc4fee68,fc3fba7a,21,DNA,0,1000,55469,1,SRR13246722,-,ab836079ae7cc3108540aab29f3d2055337aa341c30a2cf053ba2e9873063cae,2021-10-04T22:57:51.000000,1578315
sigs/SRR4037753.sig,8015d57c07c4f80eb0f38cf120c118b2,8015d57c,21,DNA,0,1000,55477,1,SRR4037753,-,f0eca9c9496cc23279cc00c99e43908c47cef1a4451890f434347fcdcbc0d492,2018-11-06T18:27:34.000000,1889821
sigs/SRR8098477.sig,69ca0386a465c7c749ac461d4057aac7,69ca0386,21,DNA,0,1000,55490,1,SRR8098477,-,2ca8acdaea854031e7258e0b0daecbd77d01608b429453cf054d8e7a567f8be7,2018-12-03T21:29:45.000000,1778270
sigs/SRR7501672.sig,12d7b90dde2b5a89dd8a179f1c383c3d,12d7b90d,21,DNA,0,1000,55493,1,SRR7501672,-,821f4b60b70dd1b30a29e6cc4ddf98d27b83225b1bc4166f8a4e245345ff7305,2018-10-16T13:58:11.000000,2066268
sigs/SRR7731314.sig,de1f0a7e1d0a634c4b77486d4647a656,de1f0a7e,21,DNA,0,1000,55506,1,SRR7731314,-,38368a033f186627adc821e73a0a73ced77cb52340b5e3fec4d34deac2c0dfd5,2018-10-17T21:06:57.000000,1666043
sigs/SRR1814538.sig,f4d206eb22cf769d055b549b8246cfbe,f4d206eb,21,DNA,0,1000,55525,1,SRR1814538,-,28682e0efa877dc6fb1a034bfe24c027d7c594b1be471cd862b29b2190c09b69,2018-11-07T05:20:01.000000,1975274
sigs/ERR731395.sig,63b75a094f035db5f6258205a30f51dc,63b75a09,21,DNA,0,1000,55532,1,ERR731395,-,c51957dadce20e243671180c019fc7be3914c8e93e83a8092df5fa1fec27ef4e,2018-10-05T21:59:34.000000,2049185
sigs/ERR559372.sig,b51b8514e56be141d60a1cffd5f7ba9f,b51b8514,21,DNA,0,1000,55634,1,ERR559372,-,292705abdbb34392d7cb5d9ce2b8127d23aed2875591179c337537a0d92119df,2018-10-05T21:38:14.000000,2101029
sigs/SRR18753543.sig,342540801ce9981d1a247ff28fd02b2d,34254080,21,DNA,0,1000,55707,1,SRR18753543,-,2ff8434be04473b71ada3e222f6d1f29074a25a93fa8c54a722ab2c05cbe789c,2023-08-23T18:08:36.000000,1431911
sigs/SRR5573099.sig,7d303adc7babca9dec15eb20ca393d6d,7d303adc,21,DNA,0,1000,55816,1,SRR5573099,-,708bf364fd7598d393ef7515c2a3cb959cf7f26fd8b93893c8e880e0de0b9206,2018-11-06T04:15:31.000000,1734537
sigs/SRR8207733.sig,1d443e8d7dbbad484b767aaaaaa3f15e,1d443e8d,21,DNA,0,1000,55939,1,SRR8207733,-,614a7f6000814c874634fbe14ac4e4bec5fee23fd5e0c939ae2c29fb0d948bd2,2018-12-04T01:35:17.000000,1911127
sigs/SRR34331811.sig,12adb01ab97d9f1be7b509986a131f93,12adb01a,21,DNA,0,1000,55974,1,SRR34331811,,118f5d3295baddc288adc88daa32ae27a93f87935f4ecdafb19d75f371b474b5,2025-07-03T01:24:24.000000,1824344
sigs/SRR072305.sig,060df53f168f733b2ef55cdf91479cbd,060df53f,21,DNA,0,1000,56106,1,SRR072305,-,c2bc5a7ccce1c0c63dde2617c73186bd32fc141b4a4a62bf8ad8055e17828e8d,2018-10-05T22:41:22.000000,687781
sigs/SRR8926675.sig,273b1fedd566ade429b275e74b621bcc,273b1fed,21,DNA,0,1000,56139,1,SRR8926675,-,09ba9efad1b81e0df5b7cfb0e24414305fabc4792eceaff0e533a346e8285b81,2019-09-26T02:12:52.000000,1764644
sigs/ERR2729436.sig,b787b21d2aa3b8c836b0c09cb961d3ce,b787b21d,21,DNA,0,1000,56179,1,ERR2729436,-,7312251d002defdf0a4613de9033a7cd3e10a53c4c2143a68335bc84ab07d1cb,2018-10-19T11:37:50.000000,1887743
sigs/SRR11216774.sig,aaf963f1e59b45f7cca8bb29ba9ebe12,aaf963f1,21,DNA,0,1000,56252,1,SRR11216774,-,cbb30f03b5b981583fa62a908d2cf52e1850fb8fc1d69e19d51d41a636d6579d,2020-03-05T03:34:12.000000,1953216
sigs/SRR24181941.sig,4af69c45d5474ce58a26752b9fea88b1,4af69c45,21,DNA,0,1000,56295,1,SRR24181941,,e7bd473f7d38c91b2c5fb18686c1a3c0289aa984c88c7df2b327f7669bf2a42e,2024-06-30T06:23:51.000000,911860
sigs/SRR21030067.sig,8c85b8be6eac2242388f1438166474e6,8c85b8be,21,DNA,0,1000,56451,1,SRR21030067,-,00a785b2241f8be6b4b37b946180342685fcf395d9e0f8dfef100f4e3ebafb9d,2022-08-14T05:24:32.000000,1531455
sigs/ERR3901145.sig,a37ffc2040bbfc6129a89915c0d6e101,a37ffc20,21,DNA,0,1000,56494,1,ERR3901145,-,87c5e4e33d1fba032d685889726a91e5c0031b55cfe8f80f0a65a884a965bacb,2020-02-15T04:26:11.000000,1963568
sigs/SRR28914404.sig,209bd3d6de8d863c1105ff767fb6bf2b,209bd3d6,21,DNA,0,1000,56515,1,SRR28914404,,4796cc17a3f95a918d6077fd4f44d1627a43f47f84cf108d6647fe6ca322c0f0,2025-05-06T00:05:48.000000,1584209
sigs/SRR784025.sig,3a8a3236a5048910f7115ffe3c0dd249,3a8a3236,21,DNA,0,1000,56554,1,SRR784025,-,6eff22f9582380de84071fb9dd3378ed23f7326b8275087bf3940ed7a7bce7b1,2018-10-14T09:52:05.000000,1960502
sigs/SRR30297414.sig,94d869f955737ace86f9df6983633364,94d869f9,21,DNA,0,1000,56625,1,SRR30297414,,f9f3ff26a3c57c3db286e4b40efa009c7a70837100368b86ed3c2ab17532b99c,2025-05-05T15:03:31.000000,1689840
sigs/SRR8797036.sig,08189b42d856a5885221917229d1244d,08189b42,21,DNA,0,1000,56861,1,SRR8797036,-,1b577c186f382d3757dc95491da19a6cf7876233f9cc213a9f5ca186fe3583e9,2019-09-25T14:37:44.000000,2107541
sigs/SRR4417601.sig,093ca154d6f0e92111de08701db7130b,093ca154,21,DNA,0,1000,56926,1,SRR4417601,-,2b8d3088afc8c434ea2b2a5934781be2282c8d43bc9082d61c0eb03c37f3d975,2018-10-07T17:30:49.000000,1810532
sigs/SRR21563482.sig,e86fcf61cbbb18d055b8e81984943b7f,e86fcf61,21,DNA,0,1000,57058,1,SRR21563482,,ba1c9537bd76f573ac7ced90abc0862607ac7382c100fbf0719d0b7bf9b441ae,2024-04-01T04:40:05.000000,1748238
sigs/ERR425420.sig,d72040f7d220ea2992c1944a6ffe7fe6,d72040f7,21,DNA,0,1000,57088,1,ERR425420,-,1bfeeaf8dc1a527eeb874dbc1e164adeca571db54df07de297b78fb800b75f64,2018-10-05T21:09:17.000000,2102530
sigs/SRR26561550.sig,e25a997ac570c44add72fecbffb16d96,e25a997a,21,DNA,0,1000,57296,1,SRR26561550,-,5c2dc0b50b6f53e45ddfdad3d5d278c7a5b99e979c63d21ae03f2592f194aae6,2023-10-31T20:23:16.000000,1571563
sigs/SRR7054438.sig,c06cc125636b425e3ea713b77f5706df,c06cc125,21,DNA,0,1000,57327,1,SRR7054438,-,6099bee003c152806e331bad6f237811992cc12d4c0d0b53e1520343120dbb1e,2020-06-27T00:19:35.000000,1501844
sigs/SRR8784021.sig,b4ccf4aba09c4b5736e78215ea0c618b,b4ccf4ab,21,DNA,0,1000,57398,1,SRR8784021,-,3cfc134334b1170bc848741e19d49cc128e5e639c307973b67c88a440baf3d0c,2019-09-25T13:41:11.000000,1876154
sigs/SRR17957672.sig,7ae9a8758a23b281761c66b5fe9cd7e3,7ae9a875,21,DNA,0,1000,57404,1,SRR17957672,-,6d1b8bd4e7110f2c049ad29f9e5878cc85dacd1de49680b0f0dab610ccee8c09,2022-02-10T17:04:44.000000,1431887
sigs/ERR3077598.sig,df01477aed7c4f86b6140576fe848523,df01477a,21,DNA,0,1000,57408,1,ERR3077598,-,a05b521b1c4ea9827fb9857289e71a498bc0d0140f11eec3d6209cad63df2fe1,2020-07-09T12:48:33.000000,1590126
sigs/ERR1592190.sig,0634caef0aaaee9b4e9f73cee0aa89f0,0634caef,21,DNA,0,1000,57458,1,ERR1592190,-,65178344cce029111294064754604c9cefd9f08658e8934d1c3f76e401b411fc,2018-10-05T19:14:11.000000,1853558
sigs/SRR5018253.sig,ac2313fbf037e53a1555dbfa81558787,ac2313fb,21,DNA,0,1000,57507,1,SRR5018253,-,f70625ff8656178a540feb5012aea89079966bec6ebb4ef2b184b791fce7ce9e,2018-10-08T23:56:21.000000,2118774
sigs/SRR6244061.sig,6f3e1a652973a2847abf12d71314de3f,6f3e1a65,21,DNA,0,1000,57554,1,SRR6244061,-,c1ab56215750337782984bc2337e3b4164bb5b4550f87a1a8d9748515a13fd51,2018-10-09T02:09:51.000000,1807682
sigs/SRR4788214.sig,2bbdc8754a52efd803631fd69787bc7a,2bbdc875,21,DNA,0,1000,57625,1,SRR4788214,-,59b9545ceabc0d51db4cb4245eaaae37b344e56fb405259e770ab6b51df684ec,2018-10-08T23:49:55.000000,2118447
sigs/ERR987736.sig,7ebaf18d95e8a3b60eb3b5c668d8ec11,7ebaf18d,21,DNA,0,1000,57627,1,ERR987736,-,7d5d59e6e5b56369d6fb1df4376eb271999ebc0b426e27ec7e1ab76996d52ae7,2018-10-15T23:30:02.000000,1980684
sigs/SRR23340011.sig,54cf39cf668c06d25ce56783f8ab17f3,54cf39cf,21,DNA,0,1000,57661,1,SRR23340011,-,cd7d67cfb366d807d276b925ac62e25222c1eca3fb433f619e261ca15f67413a,2023-02-14T07:26:24.000000,1754909
sigs/ERR3040309.sig,bf7c046d468d33a00a660a1032af48ed,bf7c046d,21,DNA,0,1000,57841,1,ERR3040309,-,13d07721b481a927887d70734cac189e79f6f71db2983a2f81088f7189d9dc64,2019-09-27T09:47:13.000000,2321404
sigs/ERR876601.sig,2999ec770d5c08bc133f679c435564cf,2999ec77,21,DNA,0,1000,57875,1,ERR876601,-,18f3d1bda494e602adacbb80767e4d66f875fdda77470c4b7046584f13410879,2018-10-05T22:15:57.000000,2191731
sigs/ERR10893980.sig,6e8d56bea72d8b773bfbb521787cc3bb,6e8d56be,21,DNA,0,1000,57919,1,ERR10893980,-,9a88a98358d3ab140f15e6ce29d17d3cd68eb6ac6d01a97ccdfa1d1f3530c20b,2023-08-25T05:12:01.000000,1480374
sigs/ERR6590139.sig,cf25479a4f726029570a6b151676969e,cf25479a,21,DNA,0,1000,57925,1,ERR6590139,-,664d8b54d09752e9983b0eb3992ea17b4d51dc52839734ebd1ea0ab47c1d2dbf,2022-05-14T20:26:48.000000,1405959
sigs/SRR7353078.sig,c8f4ac1f4d5cff1c4181017b8c61a9a4,c8f4ac1f,21,DNA,0,1000,57966,1,SRR7353078,-,1ff87b460309ca13bac2d618fecfa1f0808527d801f7a1009272b12e5c8904ad,2018-10-18T17:17:31.000000,1883465
sigs/SRR31327279.sig,3a4ebb72b237d583a8ad40c72fc101e7,3a4ebb72,21,DNA,0,1000,58013,1,SRR31327279,,d4d1bac5d11b1f7e139a75ed4150a170947f0240ee5bb8ca6f2090110389beae,2024-11-14T19:15:45.000000,1409910
sigs/SRR1968599.sig,d47306bd7d1ef16f3fc82bc0b3102465,d47306bd,21,DNA,0,1000,58086,1,SRR1968599,-,8bbf5d536e5d088729cc63ec053d8c61b9cac2d95b5c806212529eef91cfb6c5,2018-10-06T00:03:50.000000,2159771
sigs/ERR884479.sig,a71256fc9dd71176036a7f48dcefe1fd,a71256fc,21,DNA,0,1000,58092,1,ERR884479,-,20520a00477f8188e234fa88af8ce9b42d819eb6bd3cfea3013d19598963e69d,2018-10-09T04:23:19.000000,2190882
sigs/ERR3303206.sig,0474476c3acf2e418a0dd62f6e1a2173,0474476c,21,DNA,0,1000,58120,1,ERR3303206,-,6b25ae1be85e0d7eda8aa276365cff69288828e65caa36f18c305a938ddf8409,2019-09-26T05:44:00.000000,1865175
sigs/SRR8550715.sig,ee22f2e31dcda55db71462bd03d00f78,ee22f2e3,21,DNA,0,1000,58146,1,SRR8550715,-,3a22ea9122fd1d85af8896b955a6575c93413e13ec5d9fd1c4125c3177046953,2019-02-10T02:29:32.000000,2004895
sigs/ERR742710.sig,c86eace50fc67eb77d76c01ae0d7f891,c86eace5,21,DNA,0,1000,58289,1,ERR742710,-,f12b0ac2b0adec77c9de490d8cefe45c9beb6711b48f332e4dfc452c4be7d392,2018-10-05T22:01:37.000000,2176233
sigs/SRR17214500.sig,385852b506edb481fa6dacc9efdcebeb,385852b5,21,DNA,0,1000,58596,1,SRR17214500,-,5884935d3c97c3a1d181fdf569966121170fbc2f3f952de8c4eb6f86f92104a5,2022-04-29T21:56:17.000000,1576225
sigs/DRR360408.sig,64765792e5edbba8844abcede74b7c80,64765792,21,DNA,0,1000,58656,1,DRR360408,-,7c29d18e9b75ccbba403b30e49687c2b46258872f2351cbee7adb377908b1941,2023-08-22T12:36:44.000000,1704443
sigs/SRR6481190.sig,4fa1424a8420daf90eb54cf6dda0e257,4fa1424a,21,DNA,0,1000,58663,1,SRR6481190,-,603d4548065f4afad58a7ed45b839dfa7ff612d4a88dd70775c6de2e63308700,2018-10-09T02:37:28.000000,1908285
sigs/ERR3570005.sig,5ec85e2311227d51f8d17f69c42fe61e,5ec85e23,21,DNA,0,1000,58683,1,ERR3570005,-,9f9078004caef64be7a920ff545aec0d6ac9576f928ebf94385dce330c42bedf,2020-06-19T06:36:07.000000,1277951
sigs/SRR5876997.sig,16cd5899b432dcf1da71ac560763b752,16cd5899,21,DNA,0,1000,58831,1,SRR5876997,-,081943db19a2caafc1df256213191b3fd816d19ad5f3f2ce94753f360ce1f5e0,2020-06-20T09:34:32.000000,1699000
sigs/SRR29260447.sig,a115ab586aa6ed2aef4cfe6005b0a214,a115ab58,21,DNA,0,1000,58865,1,SRR29260447,,5b6fc3528b3c4c92644cad13d73ccdaa77bd713e5c88f03e2996fb4b4bab8743,2024-06-04T18:48:50.000000,1995313
sigs/ERR3679771.sig,c5148da74d74d4b7e71ffa48cd355c22,c5148da7,21,DNA,0,1000,58939,1,ERR3679771,-,acd7a747319f9535459a6b40a6b34eaacb1315acc09a89476c5f42d2a7bf1903,2020-07-08T13:21:51.000000,1733548
sigs/SRR3630101.sig,f5f36cbbe604cf7c133c3ae44104ce40,f5f36cbb,21,DNA,0,1000,59008,1,SRR3630101,-,601443ae467a13a169611ab2ed7aa410896b6e547615aa4de596202c3ab07b81,2018-11-06T18:52:04.000000,2058827
sigs/ERR310564.sig,bf203631bc813ac2765a313ac441e01a,bf203631,21,DNA,0,1000,59041,1,ERR310564,-,2683127c352ea5106e2ba27bb4fbf97d817314747c560483a53f37458c3922de,2018-10-05T20:35:47.000000,2172327
sigs/ERR13364422.sig,5563f330596f28b75c2bb2522e631a8e,5563f330,21,DNA,0,1000,59044,1,ERR13364422,,f9ed477f3d17e54e9af0d3d24f2c09cedc63a7a1169d31a50b7d84439c7e2997,2025-03-03T02:47:16.000000,2236329
sigs/SRR32218184.sig,c40811496c1f487306558308e41ae310,c4081149,21,DNA,0,1000,59064,1,SRR32218184,,f4eeb4e56b29e964c8a3a62c8606c509070b13cdae8b22d8ddb07cb537174b35,2025-04-27T18:59:01.000000,2017061
sigs/SRR13480488.sig,9811ac54e6d7a05ab7105c2270a08729,9811ac54,21,DNA,0,1000,59075,1,SRR13480488,-,befaf4575dd05ee09d39a2b10d2f52c1abe8c7806295f41aa5eaf547e0a5872f,2021-01-20T18:38:22.000000,1635502
sigs/ERR908999.sig,c23e7a4687498d1f12d0277fce3a5ca3,c23e7a46,21,DNA,0,1000,59180,1,ERR908999,-,c82192613ee414c53a6861012bb8715bcf5edc0890604b27b4a4245cb9a1622f,2018-10-05T22:20:52.000000,2224020
sigs/ERR486737.sig,b02b197f04610879f20ac84e70ce575d,b02b197f,21,DNA,0,1000,59291,1,ERR486737,-,e3a786e28a105a8932186e51f20145df96c3a8f03d5cbd06700685519787f7b8,2018-10-10T11:11:52.000000,2134634
sigs/DRR075933.sig,a9f5c47feda4bc2c0137cb2974bf2081,a9f5c47f,21,DNA,0,1000,59368,1,DRR075933,-,6840c2ef6d5441b6bab03c851a4a02457f3f7de0067eb59349afdfe71b95be4c,2018-10-05T17:41:39.000000,1814488
sigs/SRR22189934.sig,45591ec355abd60918e11e5407f54cb3,45591ec3,21,DNA,0,1000,59514,1,SRR22189934,-,70c33f700b7fcaf615feddd433f37b5e5ab98d0d5d813deb6be159ecce2e64a2,2023-02-03T20:02:30.000000,1621011
sigs/SRR22756468.sig,d7a9ff8bea9880178e98ebdc94b66abb,d7a9ff8b,21,DNA,0,1000,59561,1,SRR22756468,-,269b57d94975099f9f3c07a6ab2cbcc6ccf9947a1d2bc04673a7975de2d530c8,2023-01-28T03:48:13.000000,1803204
sigs/SRR31120403.sig,9927ba400b6758dcc6c212a288fa19aa,9927ba40,21,DNA,0,1000,59760,1,SRR31120403,,f577520e2c1a7603c33eeb37d8c9d0e1c0c641652e5051f26d2f6fc7abe50771,2024-10-26T21:09:11.000000,1667251
sigs/SRR10397244.sig,969e74f2c4d21543b65b7b2330f66dd0,969e74f2,21,DNA,0,1000,59769,1,SRR10397244,-,af3325a1c73ab62b7d2024e818046dc7805018e4b3569c88d8e4948a5dc4636e,2019-12-03T02:11:59.000000,2121753
sigs/SRR34330927.sig,bdbc3b9a4936440ee7873e5ec6eb9463,bdbc3b9a,21,DNA,0,1000,59964,1,SRR34330927,,9d6255b523578d11bfe89514a99de959b97cdeb28d37c02590cb919957746f84,2025-07-02T17:23:40.000000,2088910
sigs/SRR5921464.sig,c1767a267bbef58aa402a75933e6847f,c1767a26,21,DNA,0,1000,60145,1,SRR5921464,-,a3e1f0f9294f1ad57d72b483943fa9cdc6fc929807db88e156aaed844317f2cd,2018-10-09T01:37:22.000000,2015423
sigs/SRR2237766.sig,422fb70c2a063d516b5a7b6afe9e28f2,422fb70c,21,DNA,0,1000,60212,1,SRR2237766,-,844e2174b08d0dd09a66a09fce599abd895cf1b4be501a755e8ebdc23e724b84,2020-07-09T20:14:20.000000,1504706
sigs/SRR30297221.sig,c5ab71bf3a95a1e44ede4a47ef97a46a,c5ab71bf,21,DNA,0,1000,60340,1,SRR30297221,,b7ed995092ce8704808eeaf91db081c9f96097b76c1e7a78e0662c449d82ae6c,2025-05-05T19:04:48.000000,1753544
sigs/SRR5280264.sig,de7bb0263a919162ee3c318cafc7bdd3,de7bb026,21,DNA,0,1000,60384,1,SRR5280264,-,47a2b6ec8c328ccbd932333985c245af2a2cc08ae812b7b419624607b04735ef,2018-10-09T00:37:27.000000,1963234
sigs/ERR957622.sig,6ca97e47bb28ed1684bade722d76e57b,6ca97e47,21,DNA,0,1000,60386,1,ERR957622,-,7355717eef890f0274c39283404df416a5c6a5dd08af55556b169a7066ce8a7b,2018-10-16T05:31:18.000000,2132460
sigs/ERR278933.sig,9f0e6e6395f0e8769eaf954e45c5febf,9f0e6e63,21,DNA,0,1000,60450,1,ERR278933,-,f644ebdf1f3259d3a8986ae378d215630b17dfd94c4ce0d54a0cfaaf72705294,2018-10-12T04:03:24.000000,2245525
sigs/SRR16966252.sig,f5fcb19fffe3f289a25043508c78b6ca,f5fcb19f,21,DNA,0,1000,60548,1,SRR16966252,-,bfd3ac7de349b4655b6c415f00291c7c4e3492b42c9d1fc07e9f5b233747c0d5,2021-11-18T17:09:22.000000,1784972
sigs/SRR1169388.sig,2d371989e81fc85b89915f550dc24b82,2d371989,21,DNA,0,1000,60564,1,SRR1169388,-,101f38f0af9b8aa6d7a5462954070108c30d8e44fd7d173e17805cd36cd1fc5a,2018-10-14T03:51:53.000000,2159067
sigs/SRR21472687.sig,75e0baead3105a7feb67bca646c24082,75e0baea,21,DNA,0,1000,60706,1,SRR21472687,-,a6d732515a592dfa4fe6d2ea037e027eec84f91796fd875a9bcc966a8ccb45bf,2023-08-23T17:56:13.000000,1963706
sigs/SRR5901448.sig,74f6a9a5f7bf924405863ca151ceebd7,74f6a9a5,21,DNA,0,1000,60737,1,SRR5901448,-,9cf2211b823df46b31f185e4328d7388958d01558c1da4b2ff0b31add9a80369,2018-10-17T05:40:30.000000,2169865
sigs/SRR33895141.sig,3627705fc17dd4e1350edc1764bc132c,3627705f,21,DNA,0,1000,60744,1,SRR33895141,,c122d206f7b0c473bb4a332e540401f42bdc67dad305b276e9b55f392e17e32c,2025-07-04T09:16:01.000000,1992633
sigs/SRR7236320.sig,849f57536e2a13825b6c7aa15fcd89fe,849f5753,21,DNA,0,1000,60799,1,SRR7236320,-,8bc06840c84edf9c236ec161d42b48fd5a815482fc21cabaea3d94bc0d09e71e,2020-06-08T02:01:27.000000,1629135
sigs/SRR5386738.sig,3b274b77639f438f250700602e61fcc8,3b274b77,21,DNA,0,1000,60804,1,SRR5386738,-,5f3d5844da8fc9f9b2d5d4be2afb69f8428776c305285b7ba57ee87d1e980665,2018-10-16T15:31:06.000000,1865038
sigs/SRR6659171.sig,9738d7b61de61b11d02c62f2e8dad1d2,9738d7b6,21,DNA,0,1000,60813,1,SRR6659171,-,d02235620e295b244f073f438c0a0708a892ac92d648b7b6c5fb9e07b2afa447,2018-10-19T01:37:45.000000,2157214
sigs/ERR10762272.sig,e03a08fac4d09595949ff394cec45bcc,e03a08fa,21,DNA,0,1000,60848,1,ERR10762272,-,67c08f131af5ab9bc26433408aff34d347ea00f5dc7d7ccbcc4def5b162274b7,2023-02-14T18:13:53.000000,1718697
sigs/SRR7504358.sig,97ef61149bceab8694f33f7f782b10e6,97ef6114,21,DNA,0,1000,60927,1,SRR7504358,-,4bb224d595332ea6082b8fb8c48ca15cdd79b6c93f7d3caa74cb1997cecc28d0,2018-10-16T08:33:18.000000,1827005
sigs/SRR30297018.sig,3459a8523a1cf2a3d6d62261ac20d8c5,3459a852,21,DNA,0,1000,60937,1,SRR30297018,,5791b8cb9e9ead625fe5d2f1c72ab90e390b80ae7fcbaede168c1cf5a2862090,2025-05-02T08:02:51.000000,1799680
sigs/ERR4810965.sig,fc9c47a64f929636759d0be872be8e20,fc9c47a6,21,DNA,0,1000,61005,1,ERR4810965,-,61295e08fe25ec7ce49765e8ac14603eac51acbde9ca271b50cf828b4664810a,2021-12-04T05:38:15.000000,1740561
sigs/ERR7986399.sig,2bbbca5b9522eabb971b1d8701a9e309,2bbbca5b,21,DNA,0,1000,61069,1,ERR7986399,-,35a6dfd9e045178a6a124f0109067267590a103a39c2fb882258327407d07f81,2023-08-25T13:34:08.000000,1771989
sigs/SRR9221802.sig,5651f31741e4867ec1b1bdbb23b2db9d,5651f317,21,DNA,0,1000,61093,1,SRR9221802,-,6218a5f8ebaf53826c06a21539a5cd162f5930dc27638f7750533e9e1cbfd244,2020-06-20T12:57:43.000000,1721943
sigs/ERR376635.sig,3ed99842dca94ced86aff948f8181bc7,3ed99842,21,DNA,0,1000,61179,1,ERR376635,-,eb28d24285fe67aa1effc65ae617a5b2a039721c0804a0baa8cb0033866a4531,2018-10-05T20:57:39.000000,2214994
sigs/SRR5864308.sig,f5bd014e45cbb981a54b3fc2bc40fdb1,f5bd014e,21,DNA,0,1000,61197,1,SRR5864308,-,81e17189b25ca2700e42b6bee28bcca52d4278cb82caedb80beeec621191519c,2018-10-16T18:17:29.000000,1950852
sigs/ERR854875.sig,dad548b2539b67dd08ceb3161020f477,dad548b2,21,DNA,0,1000,61365,1,ERR854875,-,ca7829763520a197be6915870d32022b4c42fa9e8f2695be77791bdf265e805a,2018-10-05T22:13:26.000000,2265419
sigs/ERR592421.sig,561db2d467b5b5bae0de50e04f6c456c,561db2d4,21,DNA,0,1000,61457,1,ERR592421,-,71c185006c9f31870ea29d4794639a8153c5ca3d37e610d196b13df35054e644,2018-10-05T21:45:16.000000,2261643
sigs/SRR19908127.sig,5426b0d3363024cd860ae976245d80ff,5426b0d3,21,DNA,0,1000,61481,1,SRR19908127,-,9680e393aee4715c661a1b1691ef885a47591cd87ee11f034b90e5db21928f4e,2022-08-25T12:55:00.000000,1753100
sigs/ERR1718889.sig,a9d9dc8e1bf552930a4e6054a3e2fdb3,a9d9dc8e,21,DNA,0,1000,61564,1,ERR1718889,-,f6fd338cce7da0e56817e00faa6ed65f3808c91cca9e3502f8bf810227dba4d4,2018-10-05T19:28:03.000000,2164864
sigs/SRR22446101.sig,486411eba8a96d583a1f1c2944f4a5e9,486411eb,21,DNA,0,1000,61765,1,SRR22446101,-,a7c959c43f01e57658aa785474c56a96c618dc9ff5af6a0fec5ec808a8d078b3,2023-02-02T04:20:41.000000,1715369
sigs/SRR31050965.sig,df8e92080b199bbfa24355c34816a843,df8e9208,21,DNA,0,1000,61844,1,SRR31050965,,3991f05d1571c6ffc7598a59dfa4cf68d931349daae616abb0bfaa882d5a6801,2025-07-03T06:27:43.000000,1710661
sigs/SRR28811270.sig,23e43da81a9e89bdd73e10da1bca7a97,23e43da8,21,DNA,0,1000,61869,1,SRR28811270,,df855b38430b5119605f5d0076e2ee3126981f422cf2a9ee72226c28ec99fbc3,2025-05-23T19:22:11.000000,1954523
sigs/SRR1393300.sig,5a2190e8b1dab2bf4b4c0ea437f77725,5a2190e8,21,DNA,0,1000,62065,1,SRR1393300,-,3dca7639c3d91a33810f25ed6e76e589c5088369589cae80ba3678f97ca9a59d,2018-10-05T23:22:32.000000,2403739
sigs/ERR2396579.sig,215174896bec78efe2c5f4ff435b4c41,21517489,21,DNA,0,1000,62171,1,ERR2396579,-,17f738ceb576578e6cf5f79197fb21ceae89cad0dbc3ef9ed544c3d3e0d551b9,2018-10-16T19:39:04.000000,1949371
sigs/ERR2517483.sig,51657e37e91ee0f02b09d7d18afb76f0,51657e37,21,DNA,0,1000,62231,1,ERR2517483,-,2bac34c5a0291dd4abb5a03ec66f2daa85fc6509a29ede3013d829060812bca8,2018-10-18T13:48:52.000000,2291456
sigs/SRR30307093.sig,62cea11bde36288b2ebf5ff1e0f91d57,62cea11b,21,DNA,0,1000,62286,1,SRR30307093,,a94f766abafc6ce476353043c33b67c419bdd01034a30296e7809e2141a0caca,2024-08-31T18:25:00.000000,1702686
sigs/SRR32345523.sig,cca35c76ad6886e4d7a36b2d23fca6d4,cca35c76,21,DNA,0,1000,62314,1,SRR32345523,,0aef8612fa9f05614cc750e2e9d5e3f128ef9513d6f6fac59bc8b3522137dfd4,2025-03-06T05:39:00.000000,1827644
sigs/ERR776621.sig,ba7db89820c8681bb2fbea8cdc1b9874,ba7db898,21,DNA,0,1000,62370,1,ERR776621,-,144b6150e19cbe8611c167e503436b26d4c4f8bbfc4e146f7b05462132544cbf,2018-10-05T22:10:07.000000,2295170
sigs/SRR1616761.sig,6fa87dbf67d9d769c106491c64f2f9e4,6fa87dbf,21,DNA,0,1000,62426,1,SRR1616761,-,578fd6c574575451d5ccf94bb506a3d1b4bac16ae43403f9d7ffcb9b6169fe33,2018-10-07T17:28:22.000000,2229434
sigs/ERR9800691.sig,85900344aafd80fbbef99ccf6d864475,85900344,21,DNA,0,1000,62537,1,ERR9800691,-,c7de942b0f3e7a71b9bee46dcd32aa5615e1246ca0b6e0edd6004fecfbe02e2e,2022-08-26T09:31:20.000000,1746446
sigs/SRR11046369.sig,e8916c1aaceca5686df57fd9b6bc9299,e8916c1a,21,DNA,0,1000,62660,1,SRR11046369,-,2b98d5fe184442def3914573e1293815cde6c4c931f68e39ac9565cc2dc150b6,2020-02-19T07:28:22.000000,2067054
sigs/SRR16301474.sig,95ed637c476d620f9d22b7da5a252cae,95ed637c,21,DNA,0,1000,62710,1,SRR16301474,-,836f31dd5aedbb2053aa13d7ad45d352a5c1c57729f844bbb0e130330cfd0381,2021-10-14T17:52:43.000000,1710924
sigs/SRR6650866.sig,211cefa5e9ea53b4e10003d706321d7e,211cefa5,21,DNA,0,1000,62839,1,SRR6650866,-,0be76cfc4e4db5ec1418c6e44e292fe85969ae993ed505a32adb682191d5a994,2018-10-09T02:44:44.000000,1965582
sigs/SRR9041526.sig,8225b0bdfda664eb629cb99624b8f396,8225b0bd,21,DNA,0,1000,62927,1,SRR9041526,-,76d3e03f13c526a3f2fdda2321f6db20d120e9b626d803542bf1cd8eda16f0e2,2019-09-26T09:14:49.000000,1898510
sigs/SRR331155.sig,a5295a2414cdae12703a6ad2e42abbd7,a5295a24,21,DNA,0,1000,63015,1,SRR331155,-,a38a5d7858c4c0a7c22467d380f5ebe8defa56dd79d406392108cd080069f505,2020-06-20T17:24:00.000000,1636659
sigs/SRR6511966.sig,47d0c9c04d8999162903a3397ba5606d,47d0c9c0,21,DNA,0,1000,63123,1,SRR6511966,-,e3a58d71fce2db37738938c236cbcd768b53800af990f4b2651841a5c74c00b6,2018-11-08T23:39:43.000000,2267139
sigs/ERR2221238.sig,37a7c4d024ceeaf1bf5983ad29049f5d,37a7c4d0,21,DNA,0,1000,63218,1,ERR2221238,-,2026375b9a7de42ddd29d23111562742842d4a502a4fdc07ad81c4841d11ac83,2019-09-25T09:42:16.000000,2395054
sigs/SRR13943450.sig,f77b687f5c484e2a79637acc62b4ffb7,f77b687f,21,DNA,0,1000,63318,1,SRR13943450,-,e952a610535019fb4bff654cde54980e303ef5b31ac2bd5b5df6af15aa728118,2021-03-13T17:18:12.000000,1749863
sigs/SRR18715152.sig,fa79daaa3042584635d5500830f58e97,fa79daaa,21,DNA,0,1000,63457,1,SRR18715152,-,f854d99b21b8665517406b6a2bbcb5dad7ead873aba2d430c12c07921ebf62a0,2022-04-12T18:30:32.000000,1767304
sigs/ERR592297.sig,fea4098fa10c66b8e7893548f2350302,fea4098f,21,DNA,0,1000,63598,1,ERR592297,-,c9c2fd50dd6eb820240eb8e3b6ae23b5dbeec26a3c796862356a5649c7f1087b,2018-10-15T09:28:02.000000,2337605
sigs/SRR10393757.sig,a6bb47d002f51151acff313322ad75a1,a6bb47d0,21,DNA,0,1000,63668,1,SRR10393757,-,7ffbe2c7bc91e3b2c77b0dfaddd22ac688a05276e4ae6f32879be8be331bfdc9,2020-01-02T03:24:30.000000,2475867
sigs/SRR31718945.sig,a3e188dd60186bac7bbbf2b635fd3b3d,a3e188dd,21,DNA,0,1000,64030,1,SRR31718945,,6dff2839089f8c528cd664cbe8e0d545ea1f592f8d5ba62b152c32665628fe84,2025-03-15T18:05:10.000000,1788234
sigs/SRR7662792.sig,d58989c7a2d70e9104015aea2f2438fd,d58989c7,21,DNA,0,1000,64034,1,SRR7662792,-,87bd3e3b1b14ccd3fbfe1dced3611102aab54875d927877a0446c16d0edb9bba,2018-10-18T19:20:03.000000,2275649
sigs/SRR5412528.sig,ea16a008afd39cc917fea769f4cda85d,ea16a008,21,DNA,0,1000,64124,1,SRR5412528,-,ac3c4e0a34c4eaa1653e8d532758359f45fcb40840e86fee3bdd603266a4cf04,2018-10-09T00:50:15.000000,2382763
sigs/SRR31344166.sig,8a018e48aae0cf381212068446a09122,8a018e48,21,DNA,0,1000,64282,1,SRR31344166,,109935183c07edd2816fcde83e867890deb5fa7d1265eedd2b26ac28be6a4a1e,2024-11-16T02:12:44.000000,1968043
sigs/SRR21631283.sig,b6660bedea6e9f305db8c8d3dda19220,b6660bed,21,DNA,0,1000,64364,1,SRR21631283,-,a0e8a3581fb37a2c0847d0b14e508501fc2a436f5bc0116d954fce17ad6c3525,2023-02-04T05:53:12.000000,1762838
sigs/SRR1840660.sig,db54361aa8635e6bbc97ee3fd16ca58c,db54361a,21,DNA,0,1000,64693,1,SRR1840660,-,7909cca6c0ef1123f6fe4fc0f1ae58afa1d830106ef8a981ad45a7915d654271,2018-10-05T23:48:39.000000,2223402
sigs/SRR5215789.sig,625b9a253a332e233156255147ae96f7,625b9a25,21,DNA,0,1000,64752,1,SRR5215789,-,034eef25c90d4b43e477d449c096ad6e44f1f17f550121339a3da31ec78b4858,2018-10-18T02:28:54.000000,2014156
sigs/ERR1022810.sig,cd2df2d21b4c7ca59eeda6dde82d489e,cd2df2d2,21,DNA,0,1000,64776,1,ERR1022810,-,a5dbf5fd8eebe0e45255d4ca0b3baf20c79683d5f459fcb2864d5bcdb35f31af,2018-10-05T18:13:46.000000,2419928
sigs/SRR6009789.sig,6e6647bc9240ec921b4fc4a17a748920,6e6647bc,21,DNA,0,1000,64778,1,SRR6009789,-,8bb8d99c990d7f10a9a7fab0cf6a59bc06f258803c75abc45cdc36ff2921952a,2018-10-18T10:31:43.000000,2372832
sigs/ERR1639642.sig,98f22314414f0e3424274867744c9cf7,98f22314,21,DNA,0,1000,64926,1,ERR1639642,-,0297c278c77325b0f83ea57ce1e7e0104b98faab2f6994914fa2b9a052322b16,2020-06-22T12:17:08.000000,1807540
sigs/ERR759059.sig,ee5e8db72138f89865b0a34880162906,ee5e8db7,21,DNA,0,1000,65003,1,ERR759059,-,e2d611a7e3c9932688a9ec1f4578c3955805a9df7d2923a718f743eb86fb8eab,2018-10-14T03:18:21.000000,2460519
sigs/ERR2660523.sig,0e995c81dce6de9351b069e78a078c0f,0e995c81,21,DNA,0,1000,65108,1,ERR2660523,-,38e0767e15baf7d7b3828c68c2b6e430678ef760de0f3c8a78acb5777d94b1c6,2020-06-09T17:28:31.000000,2014254
sigs/SRR21991821.sig,a7d6ce5506b940bc7971e86fec9fe413,a7d6ce55,21,DNA,0,1000,65139,1,SRR21991821,-,f93a1c537728760a93f3e8cab161807ae80fed4a63438f521ea1d8e799b8b781,2023-01-28T09:03:29.000000,1523361
sigs/SRR940505.sig,f6dd2c769e68370c87bc78c93b12ae14,f6dd2c76,21,DNA,0,1000,65173,1,SRR940505,-,b4a4f9444569db841ee526a034242da56745a81f98378bc847da9bdc172682c8,2020-06-21T07:36:27.000000,1907969
sigs/ERR10738592.sig,09db02a7c746ff4d3cce7939ea7f0618,09db02a7,21,DNA,0,1000,65194,1,ERR10738592,-,0726563efc5e2704eb670eb5d28578a002d7eaf7ddb2840b72446c37fb312756,2023-01-20T00:17:43.000000,1803843
sigs/ERR564021.sig,98c8312ed96a5258f1c38ab8354ac0de,98c8312e,21,DNA,0,1000,65225,1,ERR564021,-,4e6a6ab9b73f2dd8f469692f9aba2ee3a496ce0c33078ff1761334608533ff64,2018-10-15T03:40:34.000000,2355194
sigs/ERR459883.sig,58294601725eddd02bedecec0d13b850,58294601,21,DNA,0,1000,65361,1,ERR459883,-,c9184f0621061b814069c80f719dba4da2ea5388d9d03d4d71ea4d660b73f35a,2018-10-05T21:18:11.000000,2329401
sigs/ERR1103937.sig,457789746fbed9ea45d16118322bcbdd,45778974,21,DNA,0,1000,65451,1,ERR1103937,-,1fba2b5347b142437aef7d2842c3d726df17255ac6199547bda4811ccaf220df,2020-07-09T08:51:31.000000,1592151
sigs/SRR25206012.sig,95d375ddc65bed2156b54b2f15b06a7a,95d375dd,21,DNA,0,1000,65500,1,SRR25206012,-,53d0e969e137cd7d022dff76b6e3197baa36012ef50318846eba18a82032c6f0,2023-08-22T10:37:47.000000,1929854
sigs/SRR24220786.sig,3cf08fc856b2606558d9f0f4a1cd58af,3cf08fc8,21,DNA,0,1000,65587,1,SRR24220786,-,428ba8bcb9253dac6d78f7d801f54e841246f08c855062928b5633996336a52d,2023-08-22T23:52:36.000000,1790840
sigs/ERR6718177.sig,a2485a4bd41b7e746d0f560d248262c4,a2485a4b,21,DNA,0,1000,65739,1,ERR6718177,-,004c33c84d599c11e7c2483046d351e3d2448624ba9277aea02ecb5936271c41,2021-10-08T17:15:50.000000,1723461
sigs/SRR7802038.sig,57cbbf148e0385fbb3a9d6196a8d53f9,57cbbf14,21,DNA,0,1000,65879,1,SRR7802038,-,98cba12bf12e6e16514ac20bf127758a77548b5b00ad4d419e0c88402c8b2d35,2020-07-19T04:44:13.000000,2375288
sigs/SRR1491532.sig,87e3646c4ef554e5c1d1f85309962b04,87e3646c,21,DNA,0,1000,65940,1,SRR1491532,-,fa96c52b5fc677242535211a6e1a48c21c0cfe954f413c8929f5d9a99a2d9afd,2020-07-08T20:27:32.000000,1469244
sigs/SRR18909924.sig,daff7432ef089f4ea9425a39e6f1add3,daff7432,21,DNA,0,1000,65958,1,SRR18909924,-,5c598b2200d2bf5aab7ce4c8210e3885e9041c07ca4368a1d9c45ce1e5120eeb,2022-04-26T23:44:20.000000,1769383
sigs/ERR730218.sig,47a82ea298bbef3fe0dee62a4ddcb7f6,47a82ea2,21,DNA,0,1000,65986,1,ERR730218,-,a7a2a47719ba810cf1888fd0f2e63a232dcb1653960e112f9587d9002db1fa9d,2018-10-10T05:44:33.000000,2404167
sigs/SRR3665158.sig,3cc047b78543f6418b394feb4ca03a61,3cc047b7,21,DNA,0,1000,66002,1,SRR3665158,-,a97e95484c54e29a9878b795b0f8cfd50da5b307c3bb8b88827d7929af620e84,2018-10-08T22:44:06.000000,1958915
sigs/ERR4811484.sig,60ce2d0cd08f46373ad7b877f7262f10,60ce2d0c,21,DNA,0,1000,66178,1,ERR4811484,-,2b36a029c2b9a1a3ae68a22b61824d7de0e3a60e41f6c90b230d4cd62f4c2755,2021-12-04T00:22:29.000000,1838289
sigs/ERR9800460.sig,b7c46fc3f7b539abe461045541682404,b7c46fc3,21,DNA,0,1000,66180,1,ERR9800460,-,e033f0e26c139a8bdb12674939588cd3c3392e6021e3b195e2a6c6bd77f5ebbe,2022-08-26T10:37:51.000000,1809497
sigs/SRR30771562.sig,f5da4feb2ee0f10b9467e58f19ea28e1,f5da4feb,21,DNA,0,1000,66272,1,SRR30771562,,feea725b61171d33dc782d612f879d21aeba907297c6c3d282c0eb217c0922ae,2024-09-25T00:07:09.000000,1909140
sigs/ERR1301336.sig,6e25e3d7665b91be4cad9855e99b3277,6e25e3d7,21,DNA,0,1000,66379,1,ERR1301336,-,280c23a60c9ff0f41f9a7e45ffbe0ccf04d59dd88e274d196df4775eeec1bd65,2020-06-18T23:58:48.000000,2168467
sigs/SRR12277933.sig,4fdac2c947bd46a2f525dd0934b12417,4fdac2c9,21,DNA,0,1000,66433,1,SRR12277933,-,427718221985ec1ab8fada9769f2b1c7f82934cdb47bc26c7da8077d510d8ab2,2020-07-21T17:10:34.000000,1833129
sigs/SRR19332523.sig,97424ad801e2261d09806c123b9e7dc4,97424ad8,21,DNA,0,1000,66863,1,SRR19332523,-,6a61bf8d8cbd1c8408afbb992670011529ee1cc1eacf0a4aa2aad8833fa2cd88,2022-05-21T17:22:06.000000,1794530
sigs/SRR3112283.sig,fefa7a26e3f09898c00c439050ce2520,fefa7a26,21,DNA,0,1000,66916,1,SRR3112283,-,2e459cea9cc552db88d21cce747e1e3912deb9a67df77e35fb407de0a4a0d6d8,2018-10-15T19:36:43.000000,2346172
sigs/SRR2407558.sig,28bf580fc697fc1fe95e0209c12715db,28bf580f,21,DNA,0,1000,66984,1,SRR2407558,-,b3568367c588b10096247fdf08562357afbead2d81c26f06aa72062d52b3b34b,2018-10-15T03:29:01.000000,1917037
sigs/SRR10687980.sig,a73563547b7a42c519de5a7b77e29c5a,a7356354,21,DNA,0,1000,67032,1,SRR10687980,-,1a08acc04c2c01fe98ac3949ae9e253de3ff304e6b078c450a2ed96ac3dbd0cb,2020-06-10T06:03:02.000000,1840759
sigs/SRR9622717.sig,c677e78f85a74b25b8ac7abd9bf750d2,c677e78f,21,DNA,0,1000,67034,1,SRR9622717,-,533769cf04f8c373c455b1dedd1532c22e265ccc9939b01f9290a5c903eaa3a1,2020-06-08T17:36:55.000000,1788489
sigs/SRR8095901.sig,40c3084f84a14e0e6d8fb4aa099d857d,40c3084f,21,DNA,0,1000,67096,1,SRR8095901,-,50cc7788a0cd1c8cbebaa025746676571babde2e8485d650beb0342dc239981c,2018-12-03T22:01:20.000000,2058735
sigs/SRR1011679.sig,e71d2034f43fb7ab60515bf50a22a195,e71d2034,21,DNA,0,1000,67139,1,SRR1011679,-,124e0eece0932b660ebbfe28db3571daf5b51cf93c7076a6ae0ace2ca1f41fb2,2018-10-14T10:48:43.000000,2300308
sigs/SRR8441114.sig,e5301b88899f315b26a926f307d6f9ab,e5301b88,21,DNA,0,1000,67236,1,SRR8441114,-,dca35c3ae424381c516473175bfe18538a643a2e4ec19905f0703735909f2d28,2019-01-17T02:33:00.000000,2270826
sigs/SRR24391703.sig,c75696ce64aa7aac03f6043166b39f63,c75696ce,21,DNA,0,1000,67256,1,SRR24391703,-,2b9ed139e026e15a7c803c093a57297ad2b84899a0cb9178fb35bb730b1ca17d,2023-08-24T07:08:38.000000,1842904
sigs/SRR16866648.sig,442b636be59e5199abe28ac3a67e1269,442b636b,21,DNA,0,1000,67411,1,SRR16866648,-,45035b5e62dba60d01b3a30bb356c2f4d6bb465240bb9471e6e2b5ee53897cd0,2021-11-12T18:04:27.000000,1813573
sigs/SRR7653325.sig,c5f7ec25edd153c727c647b438f8f802,c5f7ec25,21,DNA,0,1000,67587,1,SRR7653325,-,47888c6fbcd9fabadc0d8cafc8fe1f77d2e3ee524ed460ad2a595674e93b37a6,2018-11-06T06:25:50.000000,2015372
sigs/ERR1375112.sig,501fd933eb0c6c17d8966ab5d6f11d8c,501fd933,21,DNA,0,1000,67654,1,ERR1375112,-,ae0dc613f9c354972d73c2c3343f8e9da17272f8631311bfe9f1526af8992294,2020-06-23T06:23:27.000000,1864118
sigs/ERR4561446.sig,4504d21433b61cf45de9d8caeaf7d932,4504d214,21,DNA,0,1000,67798,1,ERR4561446,-,771103ebcc5b77666d5e720af2b4ffdb737a5e28f5634f52a4ec20d3165e66c3,2020-09-05T19:54:33.000000,1637268
sigs/SRR6839839.sig,4fcea16c5075ecad4b4c02f3aa6a0741,4fcea16c,21,DNA,0,1000,67906,1,SRR6839839,-,ad73341b3ad36ea1189f1ee6213d8f1ea15d525c0f23b409c0fbf0d0295501ef,2018-10-17T23:20:03.000000,1870681
sigs/ERR586387.sig,320255d94568aa125c18e04297170116,320255d9,21,DNA,0,1000,68025,1,ERR586387,-,ab8bb6aff1e750f2815b17ec42f0debed831692158e70567c6f5fdcc19ddb4bd,2018-10-05T21:43:13.000000,2542146
sigs/SRR1314286.sig,f564bf0dea714a7be0e871161f54c241,f564bf0d,21,DNA,0,1000,68431,1,SRR1314286,-,02c01ac0774b6c2b048961d84b0d6e486d3e00c52813b1b498f27d20c77a4f63,2018-10-05T23:19:43.000000,2395439
sigs/ERR1204949.sig,fdad33c276f5d242416562b911622861,fdad33c2,21,DNA,0,1000,68457,1,ERR1204949,-,bd86a7a4716bdda82671a3c74f4abaadaf8d6db44271b7bc98fbff1e61261b4b,2018-11-07T00:46:40.000000,2516113
sigs/SRR5758431.sig,6c858f6b45502b0565c30d7ce627eafd,6c858f6b,21,DNA,0,1000,68751,1,SRR5758431,-,a623b761a30977833fedca71d17406fe8dc02bda0006cd361783be32afe86855,2018-11-06T09:32:24.000000,2132527
sigs/ERR5888617.sig,c894c0df29d81af25f64234379047fd6,c894c0df,21,DNA,0,1000,68795,1,ERR5888617,-,34f1216b50b95b5ee9daa19c34669cb0f71a2b61c92bec482a4472957133499c,2021-12-04T23:28:18.000000,2067177
sigs/SRR17280622.sig,6933066b9be30f59820299194d8c38d6,6933066b,21,DNA,0,1000,68806,1,SRR17280622,-,b89a14a74e73f15c4e897082c32a13820e8d58a4cd8985d3f26fe4a828120c86,2021-12-21T17:07:12.000000,1916572
sigs/ERR3567830.sig,82e234ce9e2fcf02f3d722259367fb48,82e234ce,21,DNA,0,1000,68828,1,ERR3567830,-,cc7f66701bbb9df0e630c47f5ad1b21dfab16658a1f1c266ca762e36dd0e74e8,2019-12-03T10:52:21.000000,2330470
sigs/SRR8100735.sig,abbc1835195a8bffda70f7cebe3aee4c,abbc1835,21,DNA,0,1000,68842,1,SRR8100735,-,80460d3679c292d5cac578c480540ac95500774d2e7a7d3e54915e33d5d1f6c4,2018-12-03T22:05:31.000000,2094464
sigs/ERR1512526.sig,6c8828dba7c683c29ac88493b8e3180c,6c8828db,21,DNA,0,1000,68843,1,ERR1512526,-,ce10889dd83e6870ceaeffef00719d1630742c3abfb452be49412a9c7a7e469b,2018-10-05T19:04:56.000000,2117202
sigs/SRR13508434.sig,65265b041eca1ef738ecc5505040cbb3,65265b04,21,DNA,0,1000,69008,1,SRR13508434,-,e8b17c52ab24b95f4e39d80a41947c0d13b2d7cf0bfd6af6460a6d30ff807eaa,2022-05-06T20:48:10.000000,1848497
sigs/DRR149811.sig,3f2467ef762893e79dd20971469962df,3f2467ef,21,DNA,0,1000,69265,1,DRR149811,-,0815af838704708b2c32c0b56505993f73969d44cc39eca931e246ac2daeb7b2,2019-09-26T07:38:20.000000,2055308
sigs/SRR9984710.sig,465a3cc7fb6c81b513df3d52acfde3fb,465a3cc7,21,DNA,0,1000,69269,1,SRR9984710,-,92774b093a183ef699bd601334b34a5d0503d2615ed0ed0febdfab39530612f4,2020-06-10T06:59:27.000000,1908412
sigs/SRR11575329.sig,289444f7c0be8f9dd8715fbb297d4b84,289444f7,21,DNA,0,1000,69337,1,SRR11575329,-,96629d8b3770d2046858aaaf285081e0a2b751ae66344d38883dc255d55f9319,2020-06-07T05:58:19.000000,1839573
sigs/ERR2309645.sig,fce86f7d6ad0cbad0437db64acb76eb0,fce86f7d,21,DNA,0,1000,69382,1,ERR2309645,-,b4337adc8cc779c1ac6c663abcd6ea6ae6a985f71698c2d29e57daacdb642ed9,2020-06-20T02:24:59.000000,1878343
sigs/SRR19561050.sig,0dfaf7e0ba792cda4ac08936f7d63da6,0dfaf7e0,21,DNA,0,1000,69417,1,SRR19561050,-,c865587d812f44b61c0eec70145a8980548fb69016cf0dadd7b46caa08a3c413,2022-08-25T16:16:13.000000,1923726
sigs/ERR2779139.sig,526054bbbd8f9dd34e3425603fcac12c,526054bb,21,DNA,0,1000,69423,1,ERR2779139,-,228f0f3f57e5643c4cbdec57f6c10b03e94c70699e63d490b80313f2cb5490f3,2018-10-18T15:45:33.000000,2569265
sigs/ERR12354974.sig,015d711a452ff9d01eacde344237f4c1,015d711a,21,DNA,0,1000,69543,1,ERR12354974,-,bd05bff4dd604deba8e84d4ed4cc8bd30064523d976b6b03273c84bd5f6e9073,2023-12-19T08:21:56.000000,2547415
sigs/SRR18551680.sig,f647de2775e17455eb6316356849d260,f647de27,21,DNA,0,1000,69571,1,SRR18551680,-,317cafa513e525bd1dde14fc3574ccf303fa0acff3bb6bcf082bc419708e797e,2023-02-03T14:08:58.000000,1726338
sigs/SRR7415105.sig,22eb648df350b09ff5dadbf5fb454ce8,22eb648d,21,DNA,0,1000,69633,1,SRR7415105,-,ed61c8445dae4c215895142aae4cbcc7bde033a3ece99323ea10fba6c6928c13,2018-10-17T00:06:38.000000,2417299
sigs/SRR34768460.sig,5ea526837ff5cddafb0c6780a7d77724,5ea52683,21,DNA,0,1000,69707,1,SRR34768460,,62aaabb9d944fe0461b670422a769042decc79fd3eb609ebd3109fe85d762d61,2025-07-30T18:24:53.000000,2043192
sigs/ERR9801031.sig,7aa1671491a0fc1ea79060e087df10d3,7aa16714,21,DNA,0,1000,69846,1,ERR9801031,-,43aeadbbd6b781c08bf9e9556073a659d61b79842b942eb81f3b395a42dc03b8,2022-08-25T21:11:45.000000,1953514
sigs/ERR1549734.sig,652dc0a6a36161137932d01d5d7084d5,652dc0a6,21,DNA,0,1000,69856,1,ERR1549734,-,f28b0b0866713dbc821174360c4bcdbb6ddfda7ee3219863ff0b5069d8eb1505,2018-10-05T19:09:45.000000,2643825
sigs/SRR12694447.sig,3dcb16cb1559ed8778d3a9065ede6eab,3dcb16cb,21,DNA,0,1000,69866,1,SRR12694447,-,194d24fcef9142783952c31079a456bdd6f97f27b1fc167e778ec40e2aebb8c7,2020-09-23T17:18:39.000000,2100796
sigs/ERR1592506.sig,b8d46f2bacd8baa9893757a2f38e1462,b8d46f2b,21,DNA,0,1000,70049,1,ERR1592506,-,b5ead83842d39b04fd6c1372670be622c4bd860129c3d39257f77e8dca2fe014,2019-09-26T06:28:00.000000,2287424
sigs/ERR9796654.sig,657e6014abefa48faf8f9902362655d1,657e6014,21,DNA,0,1000,70086,1,ERR9796654,-,d504441e3594b9f12021cf8d518067b61a2844fd5cc3e0ed8df2f6f722747717,2022-08-26T11:13:23.000000,1909348
sigs/ERR175664.sig,7d71d998407289243d40405fb9986291,7d71d998,21,DNA,0,1000,70228,1,ERR175664,-,717a1de1a59e9ce54f8b0f24e3913827de4935e363c14af8f0298f631da2158a,2018-10-05T19:34:18.000000,2480258
sigs/SRR14371388.sig,b19fcdaf55fb378f0207c00ec68ff6fe,b19fcdaf,21,DNA,0,1000,70234,1,SRR14371388,-,531436818647df9e5884b2f64a5fb61e5fada39792483cd7ab2eaf84b59baa2e,2022-01-05T20:48:39.000000,1900541
sigs/SRR9304231.sig,271fd18a24bffeebd3e95945b6f8661d,271fd18a,21,DNA,0,1000,70546,1,SRR9304231,-,1b6c1f3ac53cfce5aa602a9a5e6fea477cfc552b243370810ec79107b3bbd632,2019-09-26T08:40:07.000000,2175563
sigs/SRR10350867.sig,3bed931829266e28834113b05683d66b,3bed9318,21,DNA,0,1000,70664,1,SRR10350867,-,e4e10a959e00504607c3f3f5bd0c4a7edccad9d8d53deadeeebad1c1eed17094,2019-10-29T02:00:19.000000,2462599
sigs/SRR30608884.sig,fcdec60e0eec40c937455cddd7269c77,fcdec60e,21,DNA,0,1000,70752,1,SRR30608884,,5dbc2712cc537d1538bacf93ab54c222ae9190377d8f61f4489ca974e84045c9,2024-09-11T05:22:03.000000,1866513
sigs/SRR10084950.sig,08213351d6f328e2ebd1700a11d8da92,08213351,21,DNA,0,1000,70757,1,SRR10084950,-,d6e9215f4eaeb8ed98374b705741b4f7d194450c822361d607ae7a1ec56204b0,2019-09-11T02:51:58.000000,2148546
sigs/ERR1045654.sig,c9bf618a27323f84366b49c81b8881ea,c9bf618a,21,DNA,0,1000,70965,1,ERR1045654,-,ddfebdc9a23a9573330694e206f0251da4fb149f1e67eee48777687c8fe316e5,2018-10-05T18:18:43.000000,2485877
sigs/SRR31115723.sig,5049af7f5c6727205559597f52a4ddd7,5049af7f,21,DNA,0,1000,71208,1,SRR31115723,,6f27035ce0796318229b960571fd96210f18b4b3c12f03bd6433ef3ce8e92e3a,2025-04-23T18:24:29.000000,2058799
sigs/SRR8926773.sig,c3ca8079086aa041f3dde9b982cccd43,c3ca8079,21,DNA,0,1000,71216,1,SRR8926773,-,0a64044a3b5d0ccf692b389ff73c9325be20c3fd93001bf834f9719faa00375b,2019-09-26T02:51:36.000000,2228979
sigs/SRR11122681.sig,0fc6c8ee22a38d4e1e6865b5765274b7,0fc6c8ee,21,DNA,0,1000,71377,1,SRR11122681,-,0001a56bad67ab7c189abd55f22e458f6e634858f99b09c10f3ba4840ec85012,2020-06-07T11:12:15.000000,2055780
sigs/SRR15723158.sig,56a56af02c89dabc503dd4289e14fcc9,56a56af0,21,DNA,0,1000,71549,1,SRR15723158,-,27b6b46fa63a05752319c39294f96bf5f721f829ba001ee787c1ce80296fe75a,2022-01-03T17:47:47.000000,1988532
sigs/SRR12559975.sig,b0c177d99e3c0475f50b5abb038bef7f,b0c177d9,21,DNA,0,1000,71635,1,SRR12559975,-,abd8925b76a40732a6338fe8263cb5f1a871325f2f1541db6c93b808d823251e,2020-11-27T17:26:33.000000,2233459
sigs/ERR984252.sig,ed0dbab42a56d39daadcc2f5bc40fa77,ed0dbab4,21,DNA,0,1000,71718,1,ERR984252,-,abbe0483370dc1a1dfb06962ea56685fe24c47cb17ddeda611f02ae80d8ad1d1,2018-10-15T05:02:33.000000,2699274
sigs/SRR5883583.sig,ad681276293a297d54802fc95bea6dd8,ad681276,21,DNA,0,1000,71838,1,SRR5883583,-,7a74b8eace1f04954f1f5371e340b2969754eb591faafb5157404f6d09342441,2018-10-17T01:48:44.000000,2393752
sigs/SRR12916688.sig,4c0b05ef29109d4e7aa58babc596a648,4c0b05ef,21,DNA,0,1000,71907,1,SRR12916688,-,1f9a835c593635eb3b1ad801e10c6787d4bdd839cd4feab2090fa72eee169377,2020-12-15T01:43:24.000000,1826485
sigs/SRR11038043.sig,02d16f8b66dcab002f83c8a26a98802a,02d16f8b,21,DNA,0,1000,72072,1,SRR11038043,-,87ee67c3f16cbc2983bdc06f149a67c2f868ee9d8085071cce33af2deff636b9,2020-05-23T07:02:33.000000,2400267
sigs/SRR15695744.sig,29c26461e25392bc060cecd1d54f06dd,29c26461,21,DNA,0,1000,72103,1,SRR15695744,-,b042ca539bf0e5a2bf99002a3d61b076c6359fc2eb66be9009df6369b77c9c98,2022-03-18T21:01:04.000000,1907172
sigs/SRR9118419.sig,8faddb37d5a6f504c9b528c6f17e9304,8faddb37,21,DNA,0,1000,72283,1,SRR9118419,-,5a0c9abbee986109d2596c05117e44ecdc05aa0a436dc19fa27a514b88ff02cf,2020-06-07T12:30:52.000000,1993338
sigs/ERR331269.sig,9524c8e756b5e298d0219bc2846a2e7e,9524c8e7,21,DNA,0,1000,72320,1,ERR331269,-,ea494c4cec2bb4f293acbc14aa7a3160579ee5c1d5f6286e11917cbca1280568,2018-10-05T20:41:23.000000,2551570
sigs/SRR31174783.sig,33a214773fb07dc9f473e1514273887f,33a21477,21,DNA,0,1000,72361,1,SRR31174783,,c043d7430a4acba641f13ececd534c7634265fc51467b96af1b251667eb4f962,2024-11-01T09:42:21.000000,2074123
sigs/SRR11447764.sig,b32a1bba16a83d68ab5a8f2c5e1ed6f5,b32a1bba,21,DNA,0,1000,72384,1,SRR11447764,-,769c019cdee8f4fc846c0ad62292a44a15f7a4af07d74666ed10ca853e08e41a,2020-04-01T04:26:47.000000,2441714
sigs/DRR173328.sig,bae9765045fc9198ee955c5a17c71e0e,bae97650,21,DNA,0,1000,72510,1,DRR173328,-,a7af859e72155e229d0728eaed202267e083ce84bb5ced963d6191128e7639ed,2021-03-26T06:25:42.000000,2063669
sigs/SRR10527919.sig,0e803db683cad813beff70ad1ef8af9f,0e803db6,21,DNA,0,1000,72561,1,SRR10527919,-,fcfa5ffe977ffa6c16de86c71f8ea7d8ea46209710c1e02116e5038c01b37692,2021-01-06T09:09:29.000000,1966643
sigs/ERR586058.sig,bf69d8a17290968c87752bb3e0348597,bf69d8a1,21,DNA,0,1000,72855,1,ERR586058,-,eb1a6f7ed4714b0f666fa226765f3c949bcf71e4c5bdc349efe91e050fa04cd0,2018-10-05T21:43:05.000000,2724458
sigs/ERR10419994.sig,9d5cf3d751e5a2130ddea50160229c7b,9d5cf3d7,21,DNA,0,1000,72905,1,ERR10419994,-,fb0672c63600e11ff25b82bc13b2ace3708306b186b6b1d9e6f895b7aec0b0f8,2023-02-05T09:08:02.000000,1899297
sigs/ERR1541657.sig,97b3794473b1d6b40b4d338dc8c1d096,97b37944,21,DNA,0,1000,72927,1,ERR1541657,-,65dc025a5b3fe3f420564bfc8de579fd018207019ed28e7d49294ea2235f5492,2018-10-15T14:37:29.000000,2589522
sigs/ERR373949.sig,f0578fadf7061209c60e4877e35c339c,f0578fad,21,DNA,0,1000,72971,1,ERR373949,-,5b490e3d0c1ac9eb1d6dd7f0b4edcc8aefe96258a69a84259d12ad02f62c37f0,2018-10-05T20:55:00.000000,2593148
sigs/SRR31115961.sig,255317a83aaf54abb25f2b0a5a14b6e3,255317a8,21,DNA,0,1000,72976,1,SRR31115961,,076ac780544d01ccaab647e4569a4abf7fd883c798deea6e911357b63cb8c49b,2025-04-23T19:11:50.000000,2063412
sigs/ERR663275.sig,7dd2251bb8add0bcdb644d1a2f79b2c5,7dd2251b,21,DNA,0,1000,73060,1,ERR663275,-,c1f914c596712a194289aeef200b40e7d03000b771f05eae6b672d9305e3b37c,2020-12-09T02:20:38.000000,2127655
sigs/SRR3323118.sig,d2b4fd94f747e5e5e0331a0fc28ae3bd,d2b4fd94,21,DNA,0,1000,73666,1,SRR3323118,-,f6c76fe8900074d79285344aac10fab64a11d367dae339c896ef0c327fe707bb,2018-10-08T22:21:11.000000,2542560
sigs/SRR30296952.sig,c474d165d220055d27f06dfd9443b190,c474d165,21,DNA,0,1000,74241,1,SRR30296952,,0bfdf9e4039d20949623a623531f7dbdb42721c6aed05bd6b5ac891e2b67339b,2025-05-02T06:39:31.000000,2146324
sigs/SRR30292945.sig,000646ab9d99ef6715b85b87b59f1cc4,000646ab,21,DNA,0,1000,74287,1,SRR30292945,,6afad76ed31a963aafcb6cb2565af81bcdfde9281cdf51d4436b215eb5a96aa6,2024-08-31T17:37:16.000000,2148678
sigs/SRR447239.sig,bf2ff4e23c0abbf75c3deb7f2286f357,bf2ff4e2,21,DNA,0,1000,74370,1,SRR447239,-,dca7c04d6e66e1c82d17a929ae490c1ef43eba7ffda4f804f422b4adbbd3a3f9,2018-10-08T23:47:55.000000,2905747
sigs/ERR12889601.sig,7967291d98dccf07042a6a7e6173609a,7967291d,21,DNA,0,1000,74476,1,ERR12889601,,79e83824491fa6c110231364ceb76246ac523ba9bc4496af154cc66668131ef1,2025-05-06T04:13:47.000000,1489915
sigs/SRR24918502.sig,e6157a3d5fb5e6093085d9d897c8d162,e6157a3d,21,DNA,0,1000,74501,1,SRR24918502,-,56902fc332eaf6cbe07b19cb7cfbc4c493d29b8ef02b8289a0722f08deacf9b2,2023-08-24T05:45:27.000000,2041876
sigs/ERR11494796.sig,0ba44854bd66da493bea8f6ccf32505f,0ba44854,21,DNA,0,1000,74783,1,ERR11494796,-,e231582b1d6fdb713b88e8693fa3260e3a8020517a84ef940c93d2944e777a73,2023-11-11T16:38:56.000000,2158224
sigs/SRR5055253.sig,e96ebcdb24f62e58381b1ae61b13ca7f,e96ebcdb,21,DNA,0,1000,75056,1,SRR5055253,-,80cfb6b2904cc6c4af87469f648e695a627b071bb05ca744e52e08c6cbc9129b,2018-10-16T05:40:15.000000,2092376
sigs/SRR3027652.sig,b9471160819d468c571a50bebf7dc669,b9471160,21,DNA,0,1000,75277,1,SRR3027652,-,5c63a2181a8d3579f8b803b3612952ccb925d77c0048da9da23ecff08aec5c98,2018-10-08T21:58:13.000000,2214276
sigs/ERR10900973.sig,a0db3a7a31136716893fc0916dc51f52,a0db3a7a,21,DNA,0,1000,75609,1,ERR10900973,-,48853a12dd6feb010a52823afda96fb7ff870b0e386b215d3045021394e6b207,2023-08-22T02:06:46.000000,2054283
sigs/SRR6394438.sig,8aeb108ba287f31192c419fab53063f4,8aeb108b,21,DNA,0,1000,75639,1,SRR6394438,-,8db9365f502c65af07303b697143acbdad128b1977813fef36b7e58141328f30,2018-10-09T02:26:09.000000,2623144
sigs/SRR10852246.sig,5a7ddf83238d7ad6d9b985e7ad05545a,5a7ddf83,21,DNA,0,1000,75842,1,SRR10852246,-,5685351496b1c4c25d9eba9ee5c12b99543ca3a61edce45a405523c68c2e03ad,2022-03-08T05:22:10.000000,2219110
sigs/SRR11455053.sig,e9e4c7d90418b7a6099b58d0ebf7ed1c,e9e4c7d9,21,DNA,0,1000,75844,1,SRR11455053,-,29484a04386904d5dec9b8cb0293b615403f906e0ad980f4690180cdf37724db,2020-04-04T02:35:04.000000,2536718
sigs/SRR11305739.sig,96676decd8246073a757e9bf0abcce87,96676dec,21,DNA,0,1000,75947,1,SRR11305739,-,6fbd51bc46f0945430dbd4b6d057483ee3208c07a047c4732c18d238b7454b44,2020-06-08T23:35:49.000000,2200532
sigs/SRR14143026.sig,f84b4229e1d37739fe908566052c881f,f84b4229,21,DNA,0,1000,76230,1,SRR14143026,-,fb90a1766e266aec78a21a233a6b92d20bf15bd00e4ade183eaa7de4b5e9d48f,2021-04-07T00:57:22.000000,2142438
sigs/SRR5438404.sig,88b09a556fe78cfd1d5daacba0cf0d5a,88b09a55,21,DNA,0,1000,76270,1,SRR5438404,-,e23c3199ea4b4a37fd64d9c4f3cb8f65e84cd66231fb6c248de573ec7a69b5f3,2018-10-09T00:53:12.000000,2213201
sigs/ERR3263750.sig,524e221265d3e31165499a777ad48a19,524e2212,21,DNA,0,1000,76291,1,ERR3263750,-,cd097aff16fe36e6585eb9529808ff7475a1a39b6a4f5ae2d6aaf09c3bc70d25,2019-09-26T07:55:11.000000,2163662
sigs/ERR4797577.sig,fd9d920fc525cb891fc2b8e1b364b899,fd9d920f,21,DNA,0,1000,76397,1,ERR4797577,-,70bf0a3b693437aee4b6d4e70616faa2289018265f4be77b58676be90ca23cfb,2021-12-04T20:19:46.000000,2357115
sigs/SRR6967785.sig,09436d5c100accd8d957fa8cc67dc598,09436d5c,21,DNA,0,1000,76530,1,SRR6967785,-,19506a07d4daff23e74aa3c71556fb97c0d28f458a55481b46597694b71c68a1,2018-11-06T03:47:00.000000,2241089
sigs/ERR714007.sig,7360e65115f53fc8021fc43a1194ed1c,7360e651,21,DNA,0,1000,77061,1,ERR714007,-,07562d25ed99eab8e905e04776aa08dc28a3d2de9c5bf676806711d2faae715c,2018-10-05T21:55:03.000000,2896232
sigs/ERR12354431.sig,8fd2f725628d14c29022a9616604681f,8fd2f725,21,DNA,0,1000,77581,1,ERR12354431,,d449a83128cfc6c521a5e7fe4cd5defb579414201b58f9276dff9f69c1e0f13a,2024-01-13T14:07:37.000000,2311680
sigs/SRR2141251.sig,62db4008f8a8d1061db7c660b877b687,62db4008,21,DNA,0,1000,77604,1,SRR2141251,-,d7c1a14cc6bb8f815dc2ebd13c3549d30507e3b117e1e0bf093ff8562c687623,2020-07-02T05:33:13.000000,2192439
sigs/ERR433588.sig,01674fe99c3ae2ba4d21fbe5a36112a3,01674fe9,21,DNA,0,1000,77769,1,ERR433588,-,e468799e18e9d3bf28f574897cac580ee47bad1949a8354934a646cb4fb5c203,2018-10-05T21:11:13.000000,2849571
sigs/SRR12339224.sig,8e47d9ba8a459ddd12eade6e45769fd0,8e47d9ba,21,DNA,0,1000,77910,1,SRR12339224,-,0bdb706c71828d6fe8e3eeb966018aa43172e265f7534a28f2723585bfbe512a,2021-02-03T19:00:29.000000,2253654
sigs/ERR976291.sig,d54ce77bb60053948938eb929ce0bc92,d54ce77b,21,DNA,0,1000,78287,1,ERR976291,-,232314c102d9672afe14220d9c487b3bdb1d74f15b13de2038fee44bd2c47903,2018-10-05T22:27:37.000000,2940372
sigs/ERR234683.sig,06c369e8ca879b36e8b15788dee76942,06c369e8,21,DNA,0,1000,78356,1,ERR234683,-,80a28b27952c2177a3cc7a015078b94a9225658f4ad19611f7d95ae75ef1d0a9,2018-10-08T09:54:30.000000,2765468
sigs/SRR17319871.sig,9ea1e034d90f65b4eed4b498272e6fe6,9ea1e034,21,DNA,0,1000,78580,1,SRR17319871,-,008e81188bb49fef315dc3d8c6c62852359d955b7abcbb293513d959d917afea,2021-12-24T17:09:30.000000,2204345
sigs/ERR1674780.sig,7c845c57daff5aa9d66ab4633696b2ba,7c845c57,21,DNA,0,1000,78881,1,ERR1674780,-,eb715b0b56fe7c93a81fd518e1d88f8c68b90c48e47b443ea59324fa11b80e6b,2018-10-05T19:24:54.000000,2551110
sigs/SRR14634844.sig,db957003445f129475bf9dc73e0ecf77,db957003,21,DNA,0,1000,79037,1,SRR14634844,-,d32bf15fbb1a0b5d0b6d58a9260b601456505d6313608107b60688eaafbf276a,2021-05-26T18:13:54.000000,1958760
sigs/ERR8650650.sig,bbf3cbbbf9cd50a0422b61b93ef7e194,bbf3cbbb,21,DNA,0,1000,79293,1,ERR8650650,-,799c140d2121a17d367327c6e4ece82c22720f4e315731431d3f5e31bcc49906,2022-08-25T12:26:21.000000,2189987
sigs/SRR25389485.sig,a9996287d977129a444af0cb30e2ea12,a9996287,21,DNA,0,1000,79657,1,SRR25389485,-,5be38c3a46ee713c7e25acfd5afe74e2ac1a4752d757a6fa21eac7cfc16f2696,2023-10-10T19:48:47.000000,2174090
sigs/SRR29773852.sig,1fb05114840d5daa50f419464a51af85,1fb05114,21,DNA,0,1000,79740,1,SRR29773852,,d4b8ebe2fe02b1d0f01c032f1aa02c4b20ee66e0faf83aa71cf86282a2d58fec,2024-11-09T21:07:47.000000,2451973
sigs/SRR16917370.sig,4005defa1b9c4651da365fab340c2350,4005defa,21,DNA,0,1000,79945,1,SRR16917370,-,b98901d4e2ae451ecedeb043063a33fbcf387c5daa4bba75bb55fefbc6866375,2021-11-12T17:29:18.000000,2339719
sigs/SRR27485735.sig,a4fa2f8bcc4da3b5f1db5d7b6eb26209,a4fa2f8b,21,DNA,0,1000,80129,1,SRR27485735,,38fc72e1fbc02b95766a96a8348a134f9481cfa080b22ef600fe73f5a9e5f576,2024-01-12T20:37:48.000000,2327550
sigs/ERR1302689.sig,6f513caf12ddc69b9cb8502342c35c09,6f513caf,21,DNA,0,1000,80383,1,ERR1302689,-,feffe665c3019d2de1fa1e6d505aac831eeff89250bd9730a634a80546a06254,2020-06-18T18:56:58.000000,2304916
sigs/SRR20227080.sig,d5d42853db72ff057c86bae90ad3f33f,d5d42853,21,DNA,0,1000,80405,1,SRR20227080,-,9d4c8bc5983705ff06804b6fa1f770262fa4f234105126ac587867ca681fb7b5,2022-08-22T17:01:56.000000,2326531
sigs/ERR7253153.sig,f78f911c76f9f614e4a5b185dccf9721,f78f911c,21,DNA,0,1000,80448,1,ERR7253153,-,e7c8dcd8d2a16fcf34f6ac070f604847eb0ec8077171b8499c1fe46a74b64e66,2023-08-25T01:56:26.000000,2425077
sigs/SRR10315466.sig,b5dddfadef4429341e5072198f101a1d,b5dddfad,21,DNA,0,1000,80456,1,SRR10315466,-,f2fe3f07565b2f0337247ef2fe049ebc5a783eb8fe781e5ed213fd103aebba3a,2020-06-09T00:34:11.000000,2773124
sigs/ERR13188869.sig,301d9e9fc35a3b8764030d38553ad203,301d9e9f,21,DNA,0,1000,80457,1,ERR13188869,,d490037c80cd6d21336680ab6e4e7d0b865587abd3838391c36a3be10830caf8,2025-03-03T11:02:22.000000,1359703
sigs/SRR2101330.sig,e962acb7cca5f726872f1e66437333bc,e962acb7,21,DNA,0,1000,80573,1,SRR2101330,-,74524da848424e79b6ac860904d993f45caec74f4bbd1794ffd21b795bc8caa1,2018-10-08T21:18:49.000000,2211366
sigs/SRR26702964.sig,6af67eab80f465220bd19ba54c584537,6af67eab,21,DNA,0,1000,80684,1,SRR26702964,,9cab71905523fd932792b981d591b6e63c6c9c5e5f213e1841cfe8e106cc8b43,2024-01-27T23:30:18.000000,3148517
sigs/ERR11253629.sig,b706f2eaf839e635602bdb03ceb0b446,b706f2ea,21,DNA,0,1000,80965,1,ERR11253629,-,f347900022080901a5767a516ba6f77779cff3d69f1d9ac6f721af5c3f1faf72,2023-08-21T04:48:57.000000,2428885
sigs/SRR9722303.sig,32d01c9d6405555e65091d5038d6c52f,32d01c9d,21,DNA,0,1000,81153,1,SRR9722303,-,779ca9895dde74efa50706cb0e2c6a6da0866b6028dbd77e3e19f33560b1b604,2019-09-26T18:11:32.000000,2960570
sigs/ERR10768082.sig,f9d1e36c184aa2a0b5ea6740e279079f,f9d1e36c,21,DNA,0,1000,81175,1,ERR10768082,-,d5400bf4263255f96d4686ab8457a3dae2145a504b7263c2c529154b13bdcf66,2023-02-15T05:34:56.000000,2230858
sigs/ERR3446550.sig,8a10ffd89a43cf22e0fc2f4ca5d5c1a7,8a10ffd8,21,DNA,0,1000,81396,1,ERR3446550,-,ba88116902be8a3cf334b6bfef5afef4b04bd49eeb4358a9b5c7b3857e782741,2019-09-26T10:06:45.000000,2968091
sigs/SRR11349048.sig,31aef2b57774c2921eef655a851eee81,31aef2b5,21,DNA,0,1000,81634,1,SRR11349048,-,148b62c68e20146982480ebcb0022b7ad93aa16a1cfbfedf33c2f747756bbe8b,2021-01-06T00:19:02.000000,3022663
sigs/SRR29052800.sig,eab2242eb1f378a74c73a6b0e7a60a49,eab2242e,21,DNA,0,1000,81706,1,SRR29052800,,34e074ffb140887e21b4e3d7c47456c2f9892ed5dcda833294699e59c68dc56f,2024-05-20T07:32:03.000000,2172134
sigs/SRR17302245.sig,6e89d79b66adf02050d8c0503862c612,6e89d79b,21,DNA,0,1000,82055,1,SRR17302245,-,ef56f727a1ffe7bddf8b625fb5d72dd8a9bfe23ed38c2af369d00ed0deb5c641,2022-02-09T17:55:23.000000,1763394
sigs/SRR27607893.sig,dad2f59dbea2430e90e735c218bc63b4,dad2f59d,21,DNA,0,1000,82104,1,SRR27607893,,97089089b7a4f5bfeaa17574108841136d1fba30fc6a747756bb689079b7254f,2024-01-19T22:57:20.000000,2330964
sigs/ERR1737297.sig,2214c514bdef93850ab61ba42db29027,2214c514,21,DNA,0,1000,82131,1,ERR1737297,-,a54b24efc868fec3ee50fcf3eb885deb0404854a36b02a90301a8435d3f6b902,2018-10-05T19:30:54.000000,3001755
sigs/SRR33054612.sig,ae452a00cc8fe01a973af0ee71744ab4,ae452a00,21,DNA,0,1000,82365,1,SRR33054612,,1ce33f8e5ba2e77f46748ad859a791fe619b4fc9a0acfb504d668def365fad3c,2025-08-02T19:44:13.000000,2985635
sigs/SRR27078805.sig,9401599995cc96db26fb4ab5c5da2f19,94015999,21,DNA,0,1000,82430,1,SRR27078805,-,48ef88c18232fbdaf205384c355ccb0b3e5fe94dbf73df5de0dd80b5523de7fc,2023-12-06T20:46:07.000000,2036815
sigs/SRR1800210.sig,f16f05433e0cd0eb79741316fe4c96cb,f16f0543,21,DNA,0,1000,82535,1,SRR1800210,-,09e11a1901dc65bca64029f4f1a32affe4ff39ddb7b344460d5ac6019d078eff,2020-06-21T10:49:53.000000,2158302
sigs/ERR4889282.sig,600dbed255359b70c7042fa5f224dec0,600dbed2,21,DNA,0,1000,82729,1,ERR4889282,-,7a93ac72257fdc57a1eabc6513f7e5ba4ab025841db9448bb4d715d54cca6f20,2022-12-27T06:13:00.000000,2106932
sigs/ERR3857663.sig,f8aacb4ecb4d13f5de44d88bf5dc6b10,f8aacb4e,21,DNA,0,1000,82846,1,ERR3857663,-,950e91cb64475b4585320fa57028bbff60400deb4d33473bee59f4ab6a89eba3,2020-07-08T22:34:28.000000,1966355
sigs/ERR981817.sig,c82a20195696b4fde3769a0c8a848c75,c82a2019,21,DNA,0,1000,83148,1,ERR981817,-,07c73389b0a8fee8e3ffeba42c8cda2e5e2c4a0e73f3cc4193733323f7044d01,2018-10-05T22:29:38.000000,3100001
sigs/ERR14062479.sig,6a44be8f8b32fe46f7314371a41b79dc,6a44be8f,21,DNA,0,1000,83192,1,ERR14062479,,28c883e55236c4b9c413629bf0922d30137e28df40f81e489cc75b99773f1751,2025-05-06T04:54:02.000000,1546634
sigs/SRR7886174.sig,59c8140ca6afca7f773bbdb3f7e9c7b3,59c8140c,21,DNA,0,1000,83328,1,SRR7886174,-,240ef0533e01dda6e1fdcc3268e26ad42bc492b00d72e8e3abe7cf2a794973db,2019-02-22T03:55:54.000000,2716588
sigs/SRR2967936.sig,aaa7d8809ee679463f21b0c3d28d1f95,aaa7d880,21,DNA,0,1000,83458,1,SRR2967936,-,790012201a8dc65f4ce8967034fa57f57a7a4f804cac61951e6d68cb4a2e8c93,2020-06-23T00:56:39.000000,2240566
sigs/SRR22257494.sig,875674f8b4a9f837039d8cb1ded16243,875674f8,21,DNA,0,1000,83544,1,SRR22257494,-,264098db5ad6d309ceb6f0785825f3e50d04e8a9c5e55a00d4614c406ef4b597,2023-01-28T17:23:49.000000,2347856
sigs/SRR1049171.sig,e4f5af8745d4a073144ead93f030898e,e4f5af87,21,DNA,0,1000,83578,1,SRR1049171,-,72e0e7bc2d721619056c1954905b6e5b51f79f7d26892e23c6faa2157fd2dfa3,2018-10-05T22:52:19.000000,2955754
sigs/ERR2663686.sig,c3428e316e87cb12ffc823a34f7dc0fc,c3428e31,21,DNA,0,1000,83647,1,ERR2663686,-,6f11d94c8870fae6a3c0e8b3167f04b3dbf40675d77849637f3976294210c8c6,2018-12-03T23:00:25.000000,2761814
sigs/SRR8699551.sig,dea9f2cf763769596fe2291a16e488b3,dea9f2cf,21,DNA,0,1000,83723,1,SRR8699551,-,c1b1be48d3dcebbc442120784a461e05687450a5bd077b9e9a5fb98212925512,2019-03-10T03:00:06.000000,2572775
sigs/SRR31989834.sig,a33848b7ca9f92413b8356de88c0c220,a33848b7,21,DNA,0,1000,83878,1,SRR31989834,,cf116f92b8e328610baec85890139e49922861346246a2a1a00d9fa7cb473575,2025-07-10T13:57:27.000000,2566830
sigs/ERR049967.sig,140b11a8e73e16153548564ec611f4a5,140b11a8,21,DNA,0,1000,84031,1,ERR049967,-,4d68467eb58eeda7ada2c57b582fe0c2b88cb5e6ffac68e4e14b56ffc8d51efe,2018-10-05T18:01:32.000000,2908707
sigs/ERR026276.sig,960e1688560794d67fc95175e81eba82,960e1688,21,DNA,0,1000,84103,1,ERR026276,-,d09d81768f6736f7dec39b85a10b42a918395d8ace806a37c66198109d2841b3,2018-10-05T17:49:10.000000,2807803
sigs/ERR2737837.sig,4af14b1c344966f8562477ec7ea00ad5,4af14b1c,21,DNA,0,1000,84183,1,ERR2737837,-,a6b22d5c36c5a132baf47c807693b572e8a27cd446928c1ad958d6985c1b6fa1,2020-06-20T03:03:49.000000,2256515
sigs/SRR11008239.sig,796f3de2fbea6e1d68a65ecedda9f34a,796f3de2,21,DNA,0,1000,84324,1,SRR11008239,-,0a4c10379021c25c306bbc6c8e4c207f0db2ab81a774d8c0040d0dc4353e4a38,2021-01-06T00:41:23.000000,2483629
sigs/SRR13740060.sig,39db5f0ca471354a6418d60c4ee6388a,39db5f0c,21,DNA,0,1000,84446,1,SRR13740060,-,e47f88cd0c9eecbc57751154cbb230df45b45c134ae723c34f32bd9ffa05f4f0,2021-02-27T21:18:57.000000,2220240
sigs/ERR221287.sig,763f088edd032f745eac88a47a593767,763f088e,21,DNA,0,1000,84603,1,ERR221287,-,c86981b2c4870d0ffb23a7197387b37b4a71f4854b8c26f012177a34cb33b666,2018-10-05T20:16:28.000000,3187720
sigs/ERR4284906.sig,2a10d6049c6dbbbfbf43a71ba6cbd86d,2a10d604,21,DNA,0,1000,84612,1,ERR4284906,-,0f606a75f2353b714468f3b49f2c55688c465a1080c79d4a9fded4bd9d59add5,2020-11-10T19:55:04.000000,2899245
sigs/ERR10492907.sig,faae0b42f55bd660eee22b712b513fbe,faae0b42,21,DNA,0,1000,84831,1,ERR10492907,-,78e3b851a8cb926ac0d63c8743eed34deb5fe70c791c4b268b3d7d861d15a06f,2023-01-28T01:16:09.000000,2014129
sigs/ERR2683528.sig,5b3ea47d41ae9aa88ad8ecf494041c57,5b3ea47d,21,DNA,0,1000,84832,1,ERR2683528,-,0694d74b19f5504e5c93274bd28811e659d9998035bdbbec48272c934853ca7b,2020-07-10T15:36:27.000000,1874996
sigs/ERR10677253.sig,98b703d69caf7024c0efb85b89f436f2,98b703d6,21,DNA,0,1000,84998,1,ERR10677253,-,d131b594bb0e96e367f23094e4f4ef758438b9af1566397907c674d919d47e3c,2023-01-17T01:49:41.000000,1982543
sigs/ERR12891189.sig,30b35e25642af6bbe07c8e59c5577157,30b35e25,21,DNA,0,1000,85044,1,ERR12891189,,ca7d938d45d12f103f677302f65e1cdc40060a46c0fd84c5ebb8f580ed13cd56,2025-05-06T03:10:43.000000,1667599
sigs/SRR24688703.sig,e49575ebcc5d3c987718e845d6d40ccc,e49575eb,21,DNA,0,1000,85475,1,SRR24688703,-,ce508fcc7a597110e2b290f8cd1ad9bd80aa8eb78bc7b877ebfbe7c57cd25faf,2023-08-17T07:04:20.000000,2068180
sigs/SRR940466.sig,a5bf26ad2ec6014da3b8e95ef37ad64c,a5bf26ad,21,DNA,0,1000,85622,1,SRR940466,-,4aa2f3ce47d445bffe10b1945154f7b1e1bc448c6bedd0c88f8eb08d8283a673,2020-06-20T02:12:07.000000,2313049
sigs/SRR11448038.sig,75ede642938bb342ef9dd567387206fb,75ede642,21,DNA,0,1000,85642,1,SRR11448038,-,ef509f3ea630636cebdbe6c1724477f341bac074732b2c4fc7d045b89781acb8,2020-04-01T02:56:20.000000,2807901
sigs/ERR4799083.sig,5385c8656bee57c8373b08d3d195c238,5385c865,21,DNA,0,1000,85725,1,ERR4799083,-,bc8b354dddc8764a65e6af08ea4b42069c7581350a98d6b3708375639b6900cd,2021-12-04T18:31:04.000000,2402733
sigs/SRR21540558.sig,3230adc6e00aa4598f9c73b77d5039f6,3230adc6,21,DNA,0,1000,86239,1,SRR21540558,-,18bbbb6c1ace16f03c828af8e0d96eba5369562e9a881ebaeceb1a08ca713332,2023-02-04T08:43:58.000000,2392468
sigs/SRR23364630.sig,b4040b42622b74c5b82125b9d293edea,b4040b42,21,DNA,0,1000,86307,1,SRR23364630,-,f9d65225447e51633e4572377a3fd52afa576694ccb99785297756bfe86f5fd2,2023-02-10T19:19:54.000000,2405038
sigs/ERR3449366.sig,4de51cbc0616cbe55bf907277b77cb2e,4de51cbc,21,DNA,0,1000,86328,1,ERR3449366,-,c40206ca5c2da7be5cfc58724b4297ab461d118bafe0f6ee7bfc46bdf0daffe8,2019-10-01T15:51:38.000000,2798610
sigs/SRR9217758.sig,d327152fd9d5c151a4ece09831a661c8,d327152f,21,DNA,0,1000,86381,1,SRR9217758,-,46325780e3dd0ec01ea7705c4cd7cc086119f1dd061e2eb7138ba111f2e0f68a,2020-11-07T02:24:25.000000,2429555
sigs/SRR12882139.sig,64bd034be21890e16659af72f5d95f08,64bd034b,21,DNA,0,1000,86714,1,SRR12882139,-,d524a825e36f4db9265eaf8907d61e588d3a08f1490f5abeeb47c077be34a503,2021-01-21T00:37:53.000000,2415036
sigs/ERR3455818.sig,4ac085dcb70259e656fa684e5626996a,4ac085dc,21,DNA,0,1000,86760,1,ERR3455818,-,433eb58542403fec1196faec7600453540a1257572b66a7c912507a6b1f846f0,2020-06-09T06:27:20.000000,2218697
sigs/SRR8325627.sig,913c931a92150e659f60968896bff5df,913c931a,21,DNA,0,1000,86827,1,SRR8325627,-,ea246f9b1211824a24a9d597dc3e6532beec37032ca81da23f1bde4321e9e5df,2018-12-18T01:38:40.000000,3161845
sigs/SRR7235167.sig,c66cfbd7592bbb70f0c1cc6fff18dca7,c66cfbd7,21,DNA,0,1000,86831,1,SRR7235167,-,647005331e01afce3d06503d05ee51284efe09429319b802ecdcc06695d066cb,2020-06-09T11:00:33.000000,2382856
sigs/SRR33650434.sig,d9f10586e13b75a2e9623d5a514918c5,d9f10586,21,DNA,0,1000,86860,1,SRR33650434,,44da500c50e247a13b4d8b2bf5ccf3f0955a2766ee76007d453ed27375f85abc,2025-05-21T19:10:37.000000,2341783
sigs/ERR025985.sig,c7b1adfa98f183ac978529f5fa09bc8c,c7b1adfa,21,DNA,0,1000,86954,1,ERR025985,-,7cd81940b1841711717a185e14e36b40a26279a3131c336494f9773514d6cea7,2018-10-10T08:16:16.000000,2781268
sigs/ERR4031823.sig,637aa81198692c3b36d0b33710bef37b,637aa811,21,DNA,0,1000,87058,1,ERR4031823,-,e2581bf3e1c6fa25b2900036e7d3b41cac245478d3065e2de5024c4fdc2247e0,2020-10-03T18:06:13.000000,1849704
sigs/SRR29659206.sig,473ee01974be5ef74aaa78f81f3a9344,473ee019,21,DNA,0,1000,87062,1,SRR29659206,,a0d5ff79df1037de16d6d1b9cb1ca5674e97974116513fea8c6e84c0f38df417,2024-07-01T17:44:31.000000,2247325
sigs/ERR13337385.sig,9a908ecde06cdd641866bf04fa28057b,9a908ecd,21,DNA,0,1000,87162,1,ERR13337385,,d96093f4042dba57e447622d39b27fb5c7e9e97e8982cdf4784ee388a49106f8,2025-02-28T21:45:17.000000,2557489
sigs/SRR14861918.sig,cef3da7c87b714a1e219c337fc1dde2f,cef3da7c,21,DNA,0,1000,87402,1,SRR14861918,-,733ced849d246a0ca73c279a27bdec541d2a95c81981cf8390d0cd0059d23256,2021-11-02T17:32:57.000000,2479832
sigs/SRR1167070.sig,f0cae234c2a29d14f05704a0cb44934d,f0cae234,21,DNA,0,1000,88704,1,SRR1167070,-,934fda5e1eeba79e5377168337b7f767c2bc33de989d984054d9653282fb6a49,2018-10-05T23:06:10.000000,3180025
sigs/SRR545377.sig,052b2d36b405e139a45c09df71b181c2,052b2d36,21,DNA,0,1000,88837,1,SRR545377,-,cb79c49a98e47de32f575c5502d56cdc54a38280687c045c2eb3f45ec6be4533,2020-07-08T00:49:49.000000,2388877
sigs/ERR13014421.sig,0d329da559feef1730bf129537155c37,0d329da5,21,DNA,0,1000,89109,1,ERR13014421,,c0efed7d88ed28670e13ef6d644b58bb15225997fc1bfac1bd7aed2b8991aabe,2025-08-12T08:02:37.000000,2265517
sigs/ERR1877957.sig,04f816b3cd741a1ab02c3001dd3bb878,04f816b3,21,DNA,0,1000,89222,1,ERR1877957,-,3848fcb50a6edf4bacfa7c1352d7929e19305b7c6847ac361c60d5d9d87bd269,2018-10-05T19:49:00.000000,3267595
sigs/ERR550796.sig,f83c85f7ec1fce15edc708e7fd634753,f83c85f7,21,DNA,0,1000,89228,1,ERR550796,-,a7cc91b4494309ab90d69a3af5f87a33be7e0a22640f213045efb2ef92794835,2018-10-05T21:33:28.000000,3284898
sigs/SRR7474060.sig,772764e5139fdaac5fce71e21867fa4e,772764e5,21,DNA,0,1000,89275,1,SRR7474060,-,9a67eae6df93ecad0c400bf41370b9b9395586a5c9230cf31a55a9f12ff2e298,2018-11-07T08:52:52.000000,3200163
sigs/SRR27388019.sig,36d1469e3bb51f87c7808940bc79fe28,36d1469e,21,DNA,0,1000,89907,1,SRR27388019,,9eb5aa24ce267cd322efb0c01c88e0b699134314ed080cf198e3f9053fec65be,2024-01-19T21:45:31.000000,2663013
sigs/SRR6397454.sig,16505873a184ea47ea0e26f9f5ddf5bf,16505873,21,DNA,0,1000,89911,1,SRR6397454,-,3461a9d6b7402040c271af031f837e7875e8d4ad492a79504c0edd6cba07e459,2018-10-18T09:26:28.000000,3263942
sigs/ERR2718899.sig,75463e90b8b3aa70874faacc5dc7b402,75463e90,21,DNA,0,1000,89981,1,ERR2718899,-,702faf78466701c1919674b5523a38d368fa428f305096edc323ee4f81157d2d,2018-11-07T01:32:24.000000,3189367
sigs/ERR1681164.sig,3cda8e15faa69f3f5761e8193b324ad6,3cda8e15,21,DNA,0,1000,90019,1,ERR1681164,-,775f089e533f4677ae2836c016acbec34ab393b68d38e54175691ba3374ccc6f,2020-06-21T20:46:23.000000,2522458
sigs/ERR321357.sig,3a4a29037e7ebd1ccacb17b723c4cdb9,3a4a2903,21,DNA,0,1000,90614,1,ERR321357,-,675a7ebd23d899455244c3309e2821ef3fc1a0cffb3d0787d71255add9852b54,2020-07-09T12:56:58.000000,1921180
sigs/SRR5810514.sig,9398782663cf187f8055146557bf6dda,93987826,21,DNA,0,1000,90731,1,SRR5810514,-,969864e8bbe7f57ca865e254f6cb8284684bfdafc0a26dd9cff9ca4739f5edc8,2018-10-09T01:19:53.000000,2641981
sigs/ERR751492.sig,b32cf14dc37056ab9735cfba6143f237,b32cf14d,21,DNA,0,1000,90925,1,ERR751492,-,1491c6e8750b18c50af3901c8775efe4736c53ad439f7f8a8628e75d6db2613c,2018-10-15T07:12:15.000000,3172904
sigs/ERR1945639.sig,5cd50a1c82124cbf7be54f39ed9c9f80,5cd50a1c,21,DNA,0,1000,90945,1,ERR1945639,-,b5c114008b37ff9bcc269d68eab29c72ab1689d819009eb91c4c42ac429c11eb,2018-10-18T09:16:09.000000,3319545
sigs/SRR4217697.sig,1ceeb23d0dc2385e0e82d22903323797,1ceeb23d,21,DNA,0,1000,91525,1,SRR4217697,-,3bb65352e08f9d2c18574bd28c202b94f250880150b3084dabbaa270b743fa64,2018-10-15T05:49:36.000000,3218767
sigs/SRR21701298.sig,482e26085b7b2c361e30f9d8626c2ecf,482e2608,21,DNA,0,1000,91725,1,SRR21701298,-,da6004da9a1a106b81b99a38a59c83810ea764a6d8591567491141a775d13802,2023-08-21T17:54:02.000000,3056664
sigs/SRR10821160.sig,2a35d210fa719372c3012463fbf0931d,2a35d210,21,DNA,0,1000,91849,1,SRR10821160,-,effccb34388cd4f08378a543a2f1bd569d0eeb6f565a1a22ac6aff545b225ae4,2020-01-04T03:11:13.000000,3011862
sigs/SRR20036337.sig,2a396710d4fe9e5817b80c85cb5fafae,2a396710,21,DNA,0,1000,91880,1,SRR20036337,-,e3c567b4b4d68eeb5dd194005ce457410b93815e3c93671016d457ddd64bd30b,2022-08-25T11:54:35.000000,4633914
sigs/SRR8133326.sig,19a259da81eed4c023cc592253565e9c,19a259da,21,DNA,0,1000,91995,1,SRR8133326,-,f790bd029dd534796ec72d6f36de61de80222ac4b7ef895ce9799d2ac7684807,2018-12-04T01:30:57.000000,2729704
sigs/SRR23760918.sig,38158d31d3509898e520502d52d81cab,38158d31,21,DNA,0,1000,92445,1,SRR23760918,-,026b819d2c0fc19110e6f6c98aba913bd835a30fe299dfd8c837da28704ab460,2023-08-23T07:40:34.000000,2469316
sigs/ERR14208493.sig,14e6e7e94220ce84c3b3a262a3ce885c,14e6e7e9,21,DNA,0,1000,92569,1,ERR14208493,,3727207012a6c6503f84299f033e6e3de9fbf8b290b3fbc3d43921cc8ace5c52,2025-05-06T04:16:59.000000,2648888
sigs/SRR5343263.sig,af80aa5e9c47cbe6fc1324048fa38041,af80aa5e,21,DNA,0,1000,92915,1,SRR5343263,-,fdec5ab0eee8feb5d57ea7db8ded7157c9ddcf4d9278c7b9dd34807f600a12e8,2018-10-09T00:43:01.000000,2756287
sigs/SRR7820757.sig,512609013a90cb312d2111c2e82b3f5f,51260901,21,DNA,0,1000,92935,1,SRR7820757,-,e1fb0c0a1e371dd44f863505dcaff86c630beec5aaed794a78587f63a5dc892b,2018-10-17T02:53:22.000000,2675226
sigs/DRR204892.sig,87de299a5a46313e370548cdba1239ae,87de299a,21,DNA,0,1000,93018,1,DRR204892,-,f268d32dd5d2f8dda9a9e1ba75ecdc5c7d12170f514846e3d699f2402db3190f,2021-08-04T17:10:42.000000,2643331
sigs/ERR212159.sig,667065e8fa39433134d304bdce87740e,667065e8,21,DNA,0,1000,93356,1,ERR212159,-,ab023b72bbd8475cf07f25f950b51432c03a59249d476b26145d51e515d288d0,2018-10-05T20:08:21.000000,3133657
sigs/ERR3908548.sig,66a1b79755f4c4f6d807ba9a1352605d,66a1b797,21,DNA,0,1000,93438,1,ERR3908548,-,ea4b676f80ae20362cc62ae1f716c5824a200d17715f891328812048d6f5ce5a,2020-02-27T02:33:19.000000,2897096
sigs/SRR4280567.sig,591d7809eb77b2f2eb82336086c1c33a,591d7809,21,DNA,0,1000,93459,1,SRR4280567,-,edbc97b419dd25eb81fdc7c45c8ab5b635f40a137ef0110ea4a69d2a1bc21df3,2018-10-12T06:59:28.000000,2556516
sigs/SRR1159782.sig,c85ac280ce7b0f63d58cdbf998ae4d13,c85ac280,21,DNA,0,1000,93637,1,SRR1159782,-,db1d212688b468c9d0559084cffa5f139441d7b08063f7253f565d672dbaf70b,2018-10-14T02:07:08.000000,3103810
sigs/ERR10901386.sig,21475d7c4d74fe5caa48f1c15a4f0bb8,21475d7c,21,DNA,0,1000,93684,1,ERR10901386,-,eb0a9c10f806e0418e8ee7ce475a7780abd62ee3ea05dddf5ede4c9699106a2f,2023-08-22T01:35:12.000000,2318973
sigs/ERR3420597.sig,0aa90baa8bd37463a854e7cdbf0353d8,0aa90baa,21,DNA,0,1000,93791,1,ERR3420597,-,6acea2c147da785eb147c21fea35fcdf0b220d0bda9a54660f7e7f852fb4f40f,2020-06-26T01:53:32.000000,2358625
sigs/SRR20302653.sig,c52d0509787f09f0b25af16329484bec,c52d0509,21,DNA,0,1000,93858,1,SRR20302653,-,7e4081ac6b532c53a8f74a20cff2b08eead739a8d53e1448d64aeab1e3b320a6,2023-02-02T21:02:57.000000,3204065
sigs/SRR17574007.sig,c2f1f1310563485dee01db04c5923c1e,c2f1f131,21,DNA,0,1000,94255,1,SRR17574007,-,200b5c0afbf4fe0a31cb15d2254303e5a57c7ab81ba43f1de745d35970c4ed29,2022-01-13T17:26:30.000000,2696861
sigs/ERR205847.sig,d53ff5da113547e12385956165f44100,d53ff5da,21,DNA,0,1000,94303,1,ERR205847,-,f1f68cc7376f6fbd0e76fe7de9ef6287a557d55c1fcbebd66355d5a896e51ca1,2018-10-17T20:50:29.000000,3527040
sigs/SRR33400201.sig,0deba6d4ded1915bf76169985ab6c31c,0deba6d4,21,DNA,0,1000,94350,1,SRR33400201,,720a30505ed010384b1cfd6c98aeade5346d8a7816aca884dffdeade5a0fa1a5,2025-07-28T22:36:52.000000,2809969
sigs/ERR12354855.sig,d8c50e550a6b39806be2a4a7f67e4a60,d8c50e55,21,DNA,0,1000,94520,1,ERR12354855,-,d98cdb0e58dd8db8035bd0274a2a8eb0252b02bf869fbeccf99177f1b44752ea,2023-12-19T09:16:19.000000,4430601
sigs/SRR1980229.sig,f755ac142ae4e564a6ac791a1c70f8ed,f755ac14,21,DNA,0,1000,94529,1,SRR1980229,-,07d7f7b8fff2c9ad537ec52991b28ab5e36339b449b110084ddf39ebb24ac599,2020-07-10T23:21:44.000000,2203884
sigs/SRR4020005.sig,daed4687acd6c8fc82f5e07ac91668a5,daed4687,21,DNA,0,1000,94981,1,SRR4020005,-,89798b4363dd640a49b94c1048aa977a80b94e2cbd738fd80b5826de80f0d83d,2018-10-17T22:57:56.000000,3359060
sigs/ERR2309880.sig,28ac08f70b151858400b6dc40f800f7b,28ac08f7,21,DNA,0,1000,95424,1,ERR2309880,-,d0aa1a09e3a5443f9c2f29dd4e921af8df3f7875d2c3130b7cc3ad7fb8b076c7,2020-06-20T22:33:32.000000,2651354
sigs/ERR1301831.sig,fb93cf3518fa2266b1416b33876b73bd,fb93cf35,21,DNA,0,1000,95714,1,ERR1301831,-,e06b93a9218a16f75d9a82f0cc36e5476355d48739e49ff6beb5162462844710,2020-06-19T11:02:52.000000,2689568
sigs/SRR29046057.sig,55c32872d55b36d5ce754ee419e0ab4d,55c32872,21,DNA,0,1000,95888,1,SRR29046057,,6ab8ee14248c27a1adfdf6ea06acccf4669c9ac53b9225f6a9cf4ae4fc8bec8f,2024-05-18T15:32:19.000000,2712671
sigs/SRR10016707.sig,6c448784e447d89e03a80a4f0351e1e7,6c448784,21,DNA,0,1000,95967,1,SRR10016707,-,bb773cccca43795221ea7b8b0bfe99ad98fb7053698e6f75ae6393c28738a126,2022-03-08T07:43:53.000000,2333715
sigs/ERR3441089.sig,0ddfe717209fe33b2659d3a6bc5b71dd,0ddfe717,21,DNA,0,1000,96389,1,ERR3441089,-,895b3c7c0ca2175edb4eba79c8441e86f85f0d2a3bdd5e5a1057da90d43a46a0,2019-09-26T10:10:34.000000,3119269
sigs/SRR1371313.sig,341c1589a5dce830fd82fb99f0e0c0ba,341c1589,21,DNA,0,1000,97029,1,SRR1371313,-,daba6a784904cd355b7643f3df8e667cad5a1a9d9cca6e35be4caa22870b82cd,2018-10-15T19:23:17.000000,3362641
sigs/SRR24889996.sig,f66222d02cbd4e7200a6918e968a18b5,f66222d0,21,DNA,0,1000,97075,1,SRR24889996,-,0b645f38bd26d4fc99100116f5556085981046bfb46e1fea68b32fca5a820da3,2023-08-21T04:54:59.000000,2466999
sigs/SRR5034421.sig,e00ec891e7cc25a024754069ef8059a9,e00ec891,21,DNA,0,1000,97651,1,SRR5034421,-,6aeef558fb8a98d223f8764ebc284c85e334e8ab09177f56cfb9ad32a1afd4c1,2018-10-08T23:58:13.000000,2685062
sigs/ERR12563147.sig,6d6a1f7020ec52bcc9fc1dc130b84076,6d6a1f70,21,DNA,0,1000,97708,1,ERR12563147,,f5ef9f959c3da1b28dc7a5bc776ee6094afbef2efb8d52baf22e2e26021a5745,2025-03-02T21:59:08.000000,1719551
sigs/SRR18521862.sig,f1851dc3d10dc58633358084cf80a3f8,f1851dc3,21,DNA,0,1000,97749,1,SRR18521862,-,d3687c207ef7591bd8cd8be89c8be39fbffc333dd46ce99520ad5024f5aa4ea4,2022-04-12T02:44:31.000000,2583624
sigs/SRR26110294.sig,94440dd122303a374d4678afa8001a3b,94440dd1,21,DNA,0,1000,98076,1,SRR26110294,-,f25b1f408196cebc93fa4716766607a1216948fdf5a663fa5449d46d323cb514,2023-09-20T17:11:43.000000,2691080
sigs/ERR14979629.sig,329a36db96e461a1c47ecc34f2a79a75,329a36db,21,DNA,0,1000,98082,1,ERR14979629,,2e491442f5153bf8a48c454accd787960c331272c5c0e5ce1c1f4634b738bda2,2025-07-07T15:05:16.000000,2399718
sigs/SRR4140123.sig,65f3fc40fd80a9bafe158ca181b895a2,65f3fc40,21,DNA,0,1000,98261,1,SRR4140123,-,a44cae5d2e937364b16d87d821d821a71495ec4d2b64b71a6489db5c12784e46,2018-10-08T23:27:35.000000,3552395
sigs/SRR5023932.sig,53955193f9609438910c2a4a46398500,53955193,21,DNA,0,1000,98474,1,SRR5023932,-,e03a7c09ddda04ce014eab17caf1718206d6761658a12cda893aa86b84700a45,2018-10-08T23:57:02.000000,3065256
sigs/SRR307109.sig,398bdd664ad8aab11bf812b8a8ad8508,398bdd66,21,DNA,0,1000,98527,1,SRR307109,-,cbd950116cef7fadd57c87db3224bef4258556aa7e72c96107b88da846d5583a,2020-06-21T22:37:05.000000,2525394
sigs/SRR6045454.sig,5a0fe7c72ab55bf0a5769560d24f56e1,5a0fe7c7,21,DNA,0,1000,98686,1,SRR6045454,-,a851c498284e9aeec6b2b4f02694eca5e535b9dd0808cbf257559c664a26add5,2018-10-09T01:49:50.000000,2615546
sigs/ERR10828767.sig,34da7fe577afcc39c944d62c98cb728b,34da7fe5,21,DNA,0,1000,99065,1,ERR10828767,-,10337ec2df8821fde5dfd7b5692f6e249919d087c5242b310db9b04d4d6f43aa,2023-08-23T11:54:15.000000,2950061
sigs/SRR27947010.sig,6b17d6e69b3872359213d508a0f98fe9,6b17d6e6,21,DNA,0,1000,99295,1,SRR27947010,,ba7421d280371c86c9ddecb44794ebecb91d492941f3af4066bc64cb0927ac85,2024-03-25T04:07:39.000000,2305049
sigs/ERR3771781.sig,932e2feced9df091c6f1d5515531cebe,932e2fec,21,DNA,0,1000,99962,1,ERR3771781,-,3dcf3fb0b1e213d1a5a589d75894fe62c8887251d28d541f8f8c87b004524757,2020-02-05T04:14:30.000000,3381758
sigs/SRR28033830.sig,7ce39edaea6c9b3245569ff207f912dc,7ce39eda,21,DNA,0,1000,100071,1,SRR28033830,,136765ac9a4d2a0927c50239b28817b19de7428506845d0685ef9cb85b5c5836,2024-02-23T20:38:08.000000,3031558
sigs/SRR26268150.sig,b35f700e6c12e6aa61f2ce6bf5fc4143,b35f700e,21,DNA,0,1000,100324,1,SRR26268150,-,f820c85827c99ee70369ae409e1d80561fbdf268ab9827477b586fde969c8f35,2023-10-04T19:12:35.000000,1375358
sigs/ERR2524925.sig,b851af6a20b1ffe28f5fd81226d30cbc,b851af6a,21,DNA,0,1000,100336,1,ERR2524925,-,d47e0e2b820a1b8bb1e0036d9aac98e62cd3ec769e2597b1391bd1bcbbda7593,2018-11-07T06:23:04.000000,3668916
sigs/SRR6010209.sig,994005ac3f59449e487b460dd40d566b,994005ac,21,DNA,0,1000,100660,1,SRR6010209,-,9eb4c2b8751a73d0ac6f4d32ac5a1c64a3840504b0c16c33ef77a74ce67c25ab,2018-10-17T14:22:10.000000,3029596
sigs/SRR21177920.sig,b8edd086f133d9d82e01d2520db55c79,b8edd086,21,DNA,0,1000,100709,1,SRR21177920,-,6d776ab73fbd08199455af1dec714d258efbc542879570877e9cf883cf498a76,2022-12-29T21:50:23.000000,2890295
sigs/SRR22259490.sig,a7c17c5eb80bd7ea255c10e0772c4555,a7c17c5e,21,DNA,0,1000,100910,1,SRR22259490,-,e4c5e86395b053f29da14b8de8837b2a8452a3f46f628e2ae6e4933c36ea19e5,2023-01-28T15:33:21.000000,2850526
sigs/ERR3548280.sig,9bb1b8c79de2e43977aed9a335f0c94e,9bb1b8c7,21,DNA,0,1000,100969,1,ERR3548280,-,b780d1869f5b7fc4983486f9de1292f654ce1d0fee892f4b7c1ed4dc7b58ccc3,2020-11-21T06:51:49.000000,2570548
sigs/SRR15988567.sig,41ae8b96b828e5444894df888c5a4be2,41ae8b96,21,DNA,0,1000,101042,1,SRR15988567,-,7ebfa23ed27fb022e06b44a4273080c37dc97e7b5c96138d1f23926f3d2f44f8,2021-09-22T17:08:25.000000,2802403
sigs/ERR469675.sig,6a7273416aabd2fe3cc92c9d2aa2416c,6a727341,21,DNA,0,1000,102213,1,ERR469675,-,8e4bbf9cacb17721b47152b2e7073225f864a3ed9b25df4c4ca45843bb60d9d0,2020-06-18T08:15:00.000000,2180351
sigs/SRR654221.sig,ef293ef987b1af14aeeb347f7dc74a2b,ef293ef9,21,DNA,0,1000,102458,1,SRR654221,-,92f5a9ed838b28ccd95d0c3ae8dc0d1e7ba17dfd879196a6129cb85b29a533d3,2018-10-16T08:06:15.000000,3197838
sigs/SRR8136779.sig,fb4f2d68d432fac101bbe0457b47034c,fb4f2d68,21,DNA,0,1000,103052,1,SRR8136779,-,cbc237a267c7b511e330db049e5b7455ba5bb603fe81e550c6e5318c61c1e824,2018-12-04T00:46:45.000000,2932657
sigs/ERR2641289.sig,f71f917634bf94281cca7718f2597986,f71f9176,21,DNA,0,1000,103167,1,ERR2641289,-,a2dda97b44c6bdf95a006ed38a6be732cc1f0ba3a7c3a12c4587ffe55d40b38b,2020-07-09T10:43:58.000000,2399930
sigs/ERR1674597.sig,0ff760e3c853f4e41ef41395921166e2,0ff760e3,21,DNA,0,1000,103335,1,ERR1674597,-,b80304bdf547ea1fea354f9761588b7b8c3fd16fa65e45ea561b799f2caca500,2018-10-05T19:24:38.000000,3394906
sigs/SRR9984822.sig,98275d4fcc955e61e0dfcc3b11c78212,98275d4f,21,DNA,0,1000,103584,1,SRR9984822,-,411d79f8135fa431c7010e04b911e1c592c3c45629441cf6937e6dd4d5d67b78,2020-06-08T03:14:00.000000,2830094
sigs/ERR9796821.sig,6d1b5db28664f95a203b81759f81411f,6d1b5db2,21,DNA,0,1000,104083,1,ERR9796821,-,3d874a2d546c52b4e3b790a9cfe5740e14d957c47db4aab3fceca44d2f1c43fc,2022-08-25T22:59:58.000000,2818070
sigs/ERR2356083.sig,fd4472b8e802209c72ca831b7fecb89f,fd4472b8,21,DNA,0,1000,104817,1,ERR2356083,-,a40aec49d0eefa347868653d872c374d5e7c6db086be661ad71b282f92f11a4b,2020-06-23T03:24:15.000000,1543789
sigs/ERR9802863.sig,964c7a00b85f46919d6ed0cb3b0ea98c,964c7a00,21,DNA,0,1000,105257,1,ERR9802863,-,8b3d9db22f45ffb0b93d4dc9d899b5d5fa371639b0383cd2bbf71cb021c46126,2022-08-25T19:37:12.000000,2801000
sigs/SRR6795873.sig,1ed238c5379317f99886c7e9e574cf86,1ed238c5,21,DNA,0,1000,105541,1,SRR6795873,-,f6cba040633d474017c899176ec2dbd58925f955d48aa1b13919609a61c5d46a,2018-10-16T08:35:17.000000,3695299
sigs/SRR18283399.sig,ec69dcc1c991d6bd17882ec8a4fc8c68,ec69dcc1,21,DNA,0,1000,105843,1,SRR18283399,-,6a800eb4193017178c56eb425920677d6a678dab1bdd4711fd88a534eed4b381,2022-04-25T17:16:50.000000,2506006
sigs/SRR10917245.sig,2ab520495004521844363af8ba2048df,2ab52049,21,DNA,0,1000,105902,1,SRR10917245,-,62f1391f5ebf7995aca3f17c635834478078452c8cddf9ac6b42c6b856f12edf,2020-07-23T09:30:18.000000,3720583
sigs/ERR12861762.sig,b34046f0670e10ad5c93b7ff988a6601,b34046f0,21,DNA,0,1000,107204,1,ERR12861762,,8669ce191b0f8109a581727b56e32dbc689a294823e14e6a01fc81eb2aa0163d,2025-03-05T03:31:55.000000,2775065
sigs/SRR32940902.sig,575de48a7bf4579731483bb77a5c87f7,575de48a,21,DNA,0,1000,107207,1,SRR32940902,,e33ac6a9226560944014196fb1af7ddd291582864a4cb91ce7af964bf83c9048,2025-08-02T18:19:23.000000,2229910
sigs/SRR5116920.sig,31b443f88bf58be8f6fc6fa4c120a01b,31b443f8,21,DNA,0,1000,107327,1,SRR5116920,-,975e98e9b53c92867716c7d7df49bf8557a5d28475826127d0a17f040cefb47b,2018-10-09T00:13:19.000000,3226688
sigs/ERR9799029.sig,5fba782e7067c50ce1668d4caa0fe939,5fba782e,21,DNA,0,1000,107514,1,ERR9799029,-,160f1c57d293ba69ec4825c2f6e7ac2e53307038bd99c4a3d409054bccc60710,2022-08-25T21:36:02.000000,2820613
sigs/SRR9178325.sig,75fded253d72108e0c2be26511afa6bb,75fded25,21,DNA,0,1000,108259,1,SRR9178325,-,d5f9f080e2e52abf2d13086384b6ef3fddf6a3e1a494d0264d1617b48afa57e5,2020-07-08T02:49:37.000000,2421233
sigs/SRR1763626.sig,356e7b08c4316486e31d403ff8ed9727,356e7b08,21,DNA,0,1000,108919,1,SRR1763626,-,c23cc0c5874950a349695426ec7f9e5094856107ebd41736a3050849d27b377e,2018-10-05T23:41:06.000000,3680533
sigs/SRR7294353.sig,a2053d6d81b6cfe64e019093f8d978ce,a2053d6d,21,DNA,0,1000,109015,1,SRR7294353,-,42e41aaedf747dd7d65bfe52dee1cde4310abacdf8afcbe6c869e6d3827a834f,2018-11-06T09:29:40.000000,3605629
sigs/ERR107467.sig,a142851f6766a1b5742084fefeb7c153,a142851f,21,DNA,0,1000,110272,1,ERR107467,-,e3fa050aa246ee3ad3317d6bccdd76dffb25a00e7b2f6041790778bf7fa34f4a,2018-10-05T18:23:18.000000,3855128
sigs/SRR32888416.sig,f1e0429cafcef315641bda037f9e9784,f1e0429c,21,DNA,0,1000,110322,1,SRR32888416,,b3708f619ebe8e9f4a1662b698d51b7b6fc0c60b858a32a572344947e0c6d114,2025-03-28T18:17:55.000000,3405298
sigs/SRR617732.sig,430dea055f92ec144f120c74125c8981,430dea05,21,DNA,0,1000,110324,1,SRR617732,-,2588fc5b8f88fe1d26df0781df4888268075a55fbaa57cb00cad6f877a9752a7,2020-06-22T15:19:21.000000,2864337
sigs/SRR34410507.sig,d9684370a4d0c557a572e57c8116d2ff,d9684370,21,DNA,0,1000,110417,1,SRR34410507,,ace7fc9f6099b799dc2698a5c445e06a5a855fd72174f94433d0ad94deb70f54,2025-07-08T18:04:11.000000,3404748
sigs/SRR28224656.sig,9fe349cc174f46850ac97bc8f490a3bd,9fe349cc,21,DNA,0,1000,110456,1,SRR28224656,,4ea0cb5d5cf93ca636dfd8255dded40f053fe3d750c852ec976b7b64b0ada41d,2025-05-30T18:51:12.000000,3046323
sigs/SRR545661.sig,548cb82ce1f82d7523be581e40b6492f,548cb82c,21,DNA,0,1000,110637,1,SRR545661,-,60380d0661551fc1657a153eb40cf246f6adaa282d496054247c4ccaa4358395,2020-07-08T00:27:23.000000,2640605
sigs/SRR23876327.sig,e7038083243464be51f7de686e0ed441,e7038083,21,DNA,0,1000,112091,1,SRR23876327,-,99c10693fb126cf86a9f29265bebb603427c27a446be3ad5cb6ea1d58259d3e2,2023-12-01T20:24:49.000000,3295591
sigs/SRR17177992.sig,9ce683a4c06a9e606e56914c6217c490,9ce683a4,21,DNA,0,1000,112194,1,SRR17177992,-,85c99c7af83f115731d1daa615a31477ff839c9783cd732ef15725d58e9f3096,2021-12-24T17:20:10.000000,2651620
sigs/SRR540393.sig,0cfe6466c8708f57b741c27d5bc9d0e2,0cfe6466,21,DNA,0,1000,112232,1,SRR540393,-,4944359db5207199410cffe2c3db7abcdb00b76f15140833cb4aebc648260009,2020-07-08T22:50:43.000000,2454274
sigs/ERR066298.sig,9c21861ceabb839ee7c6aef6188b928c,9c21861c,21,DNA,0,1000,112276,1,ERR066298,-,84818c5a90dec69a8f84402b52323fd486f2679a8e9b2073828843678ce3e512,2018-10-05T18:07:00.000000,4137280
sigs/SRR2124383.sig,69de204e956d6bf4c7c55ac58e182d86,69de204e,21,DNA,0,1000,112550,1,SRR2124383,-,9fe431368fb180a2c653273a407b901a2dde7deb5aee683ce72a7e4508f3405a,2018-10-08T21:21:40.000000,3729197
sigs/SRR32940910.sig,11b7351c5aec4533ad473bbab3ba9d2b,11b7351c,21,DNA,0,1000,113004,1,SRR32940910,,0ac30590f1eb9fa002a839c1d21b59406752f0357cfcc628f1e866d6b97a8469,2025-08-02T18:34:01.000000,2420930
sigs/ERR10745320.sig,634919bf433c876dab2d9a9d2d54c5ed,634919bf,21,DNA,0,1000,113014,1,ERR10745320,-,8dee42b9537a07db283351364772f0d9879f7a34858a3d20dde1ae2655c4f5dd,2023-01-17T09:13:58.000000,2624950
sigs/SRR5349446.sig,faf555f44c737767a2d1108796a078a6,faf555f4,21,DNA,0,1000,113127,1,SRR5349446,-,da795ba1c67e0b046053546839bcc651def9c3112073a514ab2fd999c1d4b819,2019-01-02T04:50:24.000000,2989797
sigs/SRR22857731.sig,e0b81b57ab5d5293648bec0191337c1d,e0b81b57,21,DNA,0,1000,113141,1,SRR22857731,-,cb3a4ed39282616a4b89df24fe4466cd0563c0a651be04824e9a50c00870f6d0,2023-01-18T09:12:57.000000,2984449
sigs/DRR171291.sig,2fb6530663e6b77520c63baab8b6bdd9,2fb65306,21,DNA,0,1000,113363,1,DRR171291,-,4055186e606d95eea3e4f62939a005d401328344e9cc09c8204b1c88e84756db,2019-09-06T02:46:30.000000,3521103
sigs/ERR707077.sig,fafcf6ca365320ac6a3c2d3f941d4f76,fafcf6ca,21,DNA,0,1000,113936,1,ERR707077,-,fa036b6cea366ea32581710eeb09548f663d92195358b3f524091654f676ef08,2020-07-10T14:50:25.000000,2579533
sigs/SRR10918233.sig,4a22d3f0cc5748d50256ff57bcda237c,4a22d3f0,21,DNA,0,1000,114267,1,SRR10918233,-,63b2c67e5fb273cfe13de3a677954fd6b881630c9997cf8bff0278c75942c6c1,2020-06-09T04:47:30.000000,3021527
sigs/SRR33572739.sig,44fefbbdbc41dd366d6045b1eac3c48c,44fefbbd,21,DNA,0,1000,114480,1,SRR33572739,,1804db920d41675147c2455b1980facad00438e351f2d306e5513bf136bd3bfc,2025-05-15T18:09:41.000000,3507457
sigs/SRR18431685.sig,5d08ac0cedc55a3130ecb391134b9c0f,5d08ac0c,21,DNA,0,1000,114533,1,SRR18431685,-,87a5b490f2869b3c9ef3ed24dd41e56d51a784e3f3766a11c5944595d393ad2e,2023-02-01T06:46:07.000000,3455021
sigs/ERR2789333.sig,e1593f376f0d11a925ad0d2be659d715,e1593f37,21,DNA,0,1000,114698,1,ERR2789333,-,3156e4b8ff40518f0190092df624593ad3247261d5dc898ec2ec6dd0ff72bed4,2020-06-19T05:25:22.000000,3253276
sigs/SRR28621081.sig,468bb6f224227fc97fbee0f63c8a67ff,468bb6f2,21,DNA,0,1000,115681,1,SRR28621081,,6b9eda02e2d5663c497ec7f37c4a9917b6745b07c7bfda30d25ac715678b1836,2024-04-12T21:40:21.000000,4148365
sigs/SRR7841123.sig,adbca7587a2d974bd84ec63c8bf63808,adbca758,21,DNA,0,1000,115691,1,SRR7841123,-,cb67cd3bf266099c5c049efcdf176e74cd14c89c04c1fd86493cd19516955dca,2018-10-17T17:11:54.000000,4208370
sigs/ERR11682729.sig,0a64cff74007c047dc2962d6c67ba57d,0a64cff7,21,DNA,0,1000,115844,1,ERR11682729,-,efa930ab0a4616b23470cc6340053d2c53d7aa9444e325d6b8de67ed1ac583a5,2023-11-10T23:16:12.000000,3315874
sigs/ERR13258609.sig,079ca2593c51c03a537075c8e95c79fd,079ca259,21,DNA,0,1000,115948,1,ERR13258609,,92cb31bf0fcf1eb1d84251a988113d31f3174b077a9b0da45b6afaea0d64386b,2025-03-03T12:04:05.000000,3853127
sigs/SRR7280911.sig,3ea7da502644d59df6665d4f27e1985c,3ea7da50,21,DNA,0,1000,116118,1,SRR7280911,-,974eb146374157cbec03afff00034b7623137d2d903f307ed96735fefd65b289,2020-07-09T22:50:07.000000,4390529
sigs/SRR32400686.sig,6ea72a5c7a1f3c881f406b9594910b5f,6ea72a5c,21,DNA,0,1000,116285,1,SRR32400686,,1b2bf15edc3af7a1756f63b0e6d0df586af283a82431a3de8f10b4c9ec45ad17,2025-03-08T05:50:12.000000,2904932
sigs/ERR9971547.sig,57a94ea508adc825b6c1be89921e31bb,57a94ea5,21,DNA,0,1000,116566,1,ERR9971547,-,2493ae33d0376468a6af960c490d022d9a14685c52c1ef034b0c618de2ba9f56,2023-08-23T04:56:35.000000,3388139
sigs/SRR2247121.sig,4d1974cdab47c0c74a116e7b050d3658,4d1974cd,21,DNA,0,1000,116840,1,SRR2247121,-,ae4c1cce09471626c39dc7afb395413700baa8f153f7ef761e6266d7a7d9267b,2020-07-08T20:38:26.000000,2743412
sigs/SRR5821940.sig,cf5c32729a7f8578e1271c8730cb9c84,cf5c3272,21,DNA,0,1000,116980,1,SRR5821940,-,a4b37a2de75a5aa7be1a3b71462eec44a83c4ff2bd4e5bce72bd1f803eaaeff2,2018-10-18T12:35:37.000000,3337599
sigs/ERR6718270.sig,6bbb753fe12e4b1a99d59e8b2e895335,6bbb753f,21,DNA,0,1000,117057,1,ERR6718270,-,cd4ab75a6f06ac177f9ccbb142448382cc732354899975c813adeae12fbb4ef7,2021-10-08T18:03:49.000000,4180618
sigs/SRR12935975.sig,5c33c0056d2467313451a2fd0cbe1982,5c33c005,21,DNA,0,1000,117646,1,SRR12935975,-,4a0ab0a0a96a625114ab1c47186475d07630554e6af9eeabc903093f33e0227a,2023-02-05T07:00:43.000000,3098533
sigs/SRR23690056.sig,57391f2f018f957d53a42cfc539076e1,57391f2f,21,DNA,0,1000,118040,1,SRR23690056,-,0326554b9f8a25245f6245b52e186f6ce51c080ce9bc3d0926b2efee910996bc,2023-08-22T01:00:03.000000,3206693
sigs/ERR12043084.sig,855a64919bcb61a05195f7053ce26e3e,855a6491,21,DNA,0,1000,118507,1,ERR12043084,-,d79e05ccdb5013c492f06f22b97031e8723c19fef6c53009838049a84ead5bd7,2023-10-02T17:20:30.000000,3307005
sigs/SRR13232375.sig,d3488ae6849837784c915fa125f487b8,d3488ae6,21,DNA,0,1000,118900,1,SRR13232375,-,cabb10aa000977c940edf93389d082e0113daf6fa0851b308fe856a3ea9287a1,2020-12-12T18:08:13.000000,2964098
sigs/ERR11736254.sig,a0ea0783020c0d2bd32a921dca4c5c8b,a0ea0783,21,DNA,0,1000,119692,1,ERR11736254,-,5d808eb7f4fdb0fe00a7e4043bd1ee7ab01239a50584d0a4c562efbc1b2a85a2,2023-10-31T19:44:54.000000,3402350
sigs/SRR24458714.sig,a4c548194cb7a8d6dd68549ff85898d5,a4c54819,21,DNA,0,1000,120357,1,SRR24458714,-,06c0cf974d884742ac87249e35a9b536f4d30a0f97b6ed8361801d351ba50324,2023-08-20T10:07:56.000000,2743890
sigs/SRR8543486.sig,2db104f31e12d3d5b5ed34864edb5efa,2db104f3,21,DNA,0,1000,120485,1,SRR8543486,-,6ebe993ad3efc48cd2161642ffe25bacfb7a78c2092fe50efab0047aad9d6ead,2020-06-20T05:53:23.000000,3469984
sigs/ERR11646511.sig,b1ccf42a17404ac8b8da74331fbd4b9e,b1ccf42a,21,DNA,0,1000,120564,1,ERR11646511,-,25a38fdadeb3d9d002d1cad7269d6f180d3cc99144b0739ca9e7e98721a4cdd6,2023-11-11T02:32:52.000000,2890905
sigs/SRR22910556.sig,5c9fb03f08a5fa41989bf1f9eec45645,5c9fb03f,21,DNA,0,1000,120734,1,SRR22910556,-,831eb1241c47c8f1973c79c3b7440ace5754731691d26b05d5fe4074fd940144,2023-01-12T10:31:39.000000,3046218
sigs/SRR2241110.sig,6682b2b57de6b302beec502497faa714,6682b2b5,21,DNA,0,1000,121079,1,SRR2241110,-,7cedbf66423899da311c4284d5a79ad4c70d24f42aeaa177b6f70b7b0a9e47dc,2020-07-09T01:15:40.000000,3338533
sigs/SRR15989344.sig,9bdb4263163080f77e097dff247a6379,9bdb4263,21,DNA,0,1000,121299,1,SRR15989344,-,27b93b302885c9d7ec5878cd99dabf9092f861ca37c56039e7118110fb290daa,2022-03-18T21:02:48.000000,3901098
sigs/ERR10763770.sig,98f4329b4499c978e1f08b18a994de1a,98f4329b,21,DNA,0,1000,121577,1,ERR10763770,-,959c54fcbd93463d576a61f574e7f74e0bce94c1b7ed61849d73c6046037ce7e,2023-02-14T21:21:08.000000,3922106
sigs/ERR12890941.sig,98a8332e100ccc08c105223fa63b5294,98a8332e,21,DNA,0,1000,122462,1,ERR12890941,,a5f86e830efcb13d9e88c0f63ede6c963f555d97a12331a8b8fe5a84863089a1,2025-05-06T03:37:59.000000,2212787
sigs/SRR26802392.sig,6e930084c3d5dd18652ea5c8da4a18c4,6e930084,21,DNA,0,1000,122687,1,SRR26802392,-,1916f8bd96a38094ed52b80dd021fa61f4b72c8fa7209233277691745f998b0f,2023-11-15T17:26:51.000000,3597618
sigs/SRR19348688.sig,465af6aa63ae734ecba972b72298a931,465af6aa,21,DNA,0,1000,122789,1,SRR19348688,-,1635bfcea00756e2f02aeb2d8d9c215494f53a0c1e744a85273f3f42de8b9e81,2023-01-23T21:16:52.000000,5522173
sigs/ERR10764071.sig,537ce4a558e300243f88da9ab3105d23,537ce4a5,21,DNA,0,1000,122940,1,ERR10764071,-,0bbf9db60d3b77d930658ad75c19fd7443c2fb3349e3b8119821372ba8113897,2023-02-14T20:43:34.000000,4698380
sigs/SRR5512032.sig,a0466c722c9f74084fcf09d50768c2fd,a0466c72,21,DNA,0,1000,123090,1,SRR5512032,-,9874bd6326ba8ac9fdf34192da9f273983d17ddab1b2f88e64e50e5ac4d193a5,2020-06-21T20:22:11.000000,1681749
sigs/ERR1193663.sig,939592e1101d0b88f6e2581e783c6d1f,939592e1,21,DNA,0,1000,123223,1,ERR1193663,-,233a394492a6e2cc0776203862e917ca97fb921a29f73fc31768000f595a4049,2018-10-05T18:33:28.000000,3839643
sigs/ERR2528699.sig,722cb97f20f806cf653e60e7e05c01f2,722cb97f,21,DNA,0,1000,123362,1,ERR2528699,-,4ba79d3f2168c79dcdc21d2ef6aaf061c19d333ca8fd0dd583e0f26746fc6340,2019-09-26T07:35:14.000000,3671713
sigs/ERR205807.sig,cdb7784049007e619a025a16a632441e,cdb77840,21,DNA,0,1000,123682,1,ERR205807,-,316d4b83e47520d8ad4818f38e401309d07ccc6bd2e242ad283d49de876c39db,2020-06-21T18:26:05.000000,3248625
sigs/SRR5053571.sig,3b1407e09b4a1481a38f1205e79790d8,3b1407e0,21,DNA,0,1000,123686,1,SRR5053571,-,02264cf9f48efef6dd0ec69019b4d49a6aa501ca5f1be3875f9725c95509ca3b,2018-10-09T00:00:37.000000,3387088
sigs/ERR11801837.sig,afffac008ea3dba13693c8305b56c671,afffac00,21,DNA,0,1000,123944,1,ERR11801837,-,143f7b51c0f7fdefe5e19f56c6e7355d379fb0f82b840f743cf81a8a16e00560,2023-11-12T01:42:32.000000,3902766
sigs/SRR5468929.sig,f99cb036192811e6991b9c02b33cfd3f,f99cb036,21,DNA,0,1000,124369,1,SRR5468929,-,dd3d44df2cd9db8ab2349de36a72b16ecb6482c1d7b584c0c1201df81af1dad7,2018-10-19T22:39:43.000000,3962031
sigs/SRR11484735.sig,20058f5ccaebcbc8f0f3026dcd243972,20058f5c,21,DNA,0,1000,125541,1,SRR11484735,-,9c0c53f3cdbfc4b53b247c1c9809262ac896aca5018da5928d79b2b3d1fc8cda,2020-06-10T09:53:09.000000,3449138
sigs/SRR1765527.sig,0daaacb0d725410d5ad489da2254520c,0daaacb0,21,DNA,0,1000,126079,1,SRR1765527,-,b771653985bd9578f125e3f45b024f6e004b6d0457af30ffbfea6679d867f74a,2020-06-19T05:05:03.000000,2943038
sigs/SRR21602051.sig,797f705579f5be7341ba72f1b1ae7b2f,797f7055,21,DNA,0,1000,126135,1,SRR21602051,-,d5812886d4abc90bb88e2a1ff10c9810c1a3f918a865e685f553e968879de03b,2023-02-05T17:16:00.000000,3591116
sigs/SRR27827183.sig,2130fb3e761991322ac4ed3a5d7f9aea,2130fb3e,21,DNA,0,1000,126139,1,SRR27827183,,6172af5a37d3c5733161dd2ed5cc28d97f59465474b83aab16aff62f4800d391,2024-02-02T02:12:58.000000,2810614
sigs/ERR3322806.sig,6d5dd06ba3956da67b9ff4d53d71e0fc,6d5dd06b,21,DNA,0,1000,127962,1,ERR3322806,-,41c288cc260493768550d3a676c122aef81b12cca69ecebf316be7ef5155fb11,2019-09-26T15:21:16.000000,3990050
sigs/SRR7043018.sig,0ed983b1ed3e7c3692df774de673fa76,0ed983b1,21,DNA,0,1000,128184,1,SRR7043018,-,ad407e8639b979b26bccf05fb471dfe04c3fd3746789ed753787d2462cde4ac5,2022-03-07T20:33:12.000000,3587450
sigs/SRR13041714.sig,bbd9b906e75645d59dc3c242981c3070,bbd9b906,21,DNA,0,1000,128378,1,SRR13041714,-,8ac64d097db474c8857b715134b87022561ea4a5cc546c7e066c876d66dfc025,2021-12-02T17:14:42.000000,3652937
sigs/SRR28498425.sig,f93a0144b2c138483eb25a507b6c1cac,f93a0144,21,DNA,0,1000,129050,1,SRR28498425,,147187f1ddb149dfdb42575730e371593d829707f2db8ecd3a194f6905d251ad,2024-03-31T16:46:54.000000,3210940
sigs/DRR118709.sig,8e02033f3f911c740920a8c739c332d8,8e02033f,21,DNA,0,1000,129227,1,DRR118709,,861e95ba2450db8fc8307bfbc7989561beeb8478ba46126d929afe435e2fee3c,2025-06-01T21:44:56.000000,3506626
sigs/SRR6053295.sig,61acff3588225166aa0d8b6595220359,61acff35,21,DNA,0,1000,129439,1,SRR6053295,-,8ea90a3ee89ac647203cce50dbc5a0ffc224ddc2760e3a5ddd1551b5bbdd058a,2020-07-08T06:11:44.000000,4108967
sigs/SRR23920720.sig,8a73efabae184e7da133193037a2e954,8a73efab,21,DNA,0,1000,130091,1,SRR23920720,-,93e3bbb8aed961cc16498b6a47efb3a5151d4492e30ff5d8665a671e7ba3472f,2023-08-23T06:57:28.000000,3680683
sigs/SRR8359518.sig,ad55ee18ec3f5b482a0b0099ac350c65,ad55ee18,21,DNA,0,1000,131029,1,SRR8359518,-,e308b25ad2ed545b2cff3e1e5b5e0b51d7f8e3a618541b3f4955ab8e1102e24f,2020-06-20T14:41:07.000000,3726478
sigs/SRR18959431.sig,cdf90f905dbf8573d23d9bdbe9ed2ff0,cdf90f90,21,DNA,0,1000,131401,1,SRR18959431,-,b10f4fd82c14a3a3c58780d78a4708c6c10356aa057f971a2b88801f419e8fb6,2023-02-01T04:56:28.000000,3781064
sigs/SRR5963323.sig,8a02cd4433c520de8f270ce107bd7979,8a02cd44,21,DNA,0,1000,131569,1,SRR5963323,-,3603c5f705e8cb13ad0573f6521f23e2caf86a3e9ff78730aca40f69fa30ea28,2020-07-16T03:39:19.000000,4058982
sigs/SRR12001748.sig,79752c49f710d56106fc76192355cd62,79752c49,21,DNA,0,1000,131581,1,SRR12001748,-,9e52414ce10f667708f5a9aa771250e7e44fd6b7178d7b3a0b9046964d156051,2023-08-23T22:55:49.000000,3465416
sigs/ERR2209403.sig,57af744de058130de115a4a8535f26e6,57af744d,21,DNA,0,1000,132123,1,ERR2209403,-,69ef82f80e6966d565d0999c3a58f63a4eb025776dff7407460c1b0ac3475b8f,2018-10-05T20:15:49.000000,4499910
sigs/ERR063786.sig,00b2fe76589de4608693049e2e187701,00b2fe76,21,DNA,0,1000,132397,1,ERR063786,-,8fd1343bdd028c1e92699a734775960a4dcfaad05122e0639ded93390e7a6f80,2018-10-05T18:05:32.000000,4921744
sigs/SRR2502777.sig,65681f6751a9b8b8e9347c831355b1f0,65681f67,21,DNA,0,1000,132901,1,SRR2502777,-,5bb676db3c81a5aedabbebe1f8a9dcf0c149dd8ce4f7fdbf8dbadc5fb7a51e76,2018-10-08T21:38:17.000000,3860400
sigs/SRR27048297.sig,068101aeb4860875a2110228e8fae038,068101ae,21,DNA,0,1000,132971,1,SRR27048297,-,16425a4a260b361b4d5eac7f75ce0b0d44022ab285f4a0f6c0a56ecca4061ccf,2023-12-05T20:08:35.000000,4484454
sigs/SRR15342122.sig,88ab7dcc5de26f954796132d79b70197,88ab7dcc,21,DNA,0,1000,134432,1,SRR15342122,-,fcaa16b1229c7cfd373806fe50a3eed451ceedfb9f57ff391356f4bd357388bf,2022-03-29T19:08:10.000000,3194067
sigs/SRR28360127.sig,d15f4537c16a0c65dd8ef24d27307a34,d15f4537,21,DNA,0,1000,134716,1,SRR28360127,,60475c48b688baed4cfb221e885151241d86c9d4924b297421c8329031744b5c,2024-08-20T17:05:29.000000,2927751
sigs/ERR12561522.sig,217f518e9b46f5c6c9aa85aad24400fc,217f518e,21,DNA,0,1000,135438,1,ERR12561522,,991690343b6640cdf86d96a01c5352ad906c9da181d246755274995a05ca1cd5,2025-02-06T00:56:47.000000,2602978
sigs/SRR31122002.sig,339276a142b101a3087bbb214a5ef071,339276a1,21,DNA,0,1000,135475,1,SRR31122002,,c80b1b4940419662403f473d6e3ee72836bb0e278c6b38a923d1fd8eee16cec2,2024-10-26T20:27:59.000000,3558789
sigs/SRR9670926.sig,64aa2337102b9219b0d83277c54c7b2f,64aa2337,21,DNA,0,1000,136310,1,SRR9670926,-,00d321950d08a122ea36b6807d941ad256a7d271af636d5be404c8030ca716bd,2020-07-09T07:59:02.000000,4974414
sigs/SRR23255629.sig,bac129125432a9c287cd74b495523758,bac12912,21,DNA,0,1000,136929,1,SRR23255629,-,a2e02f7e79e58fc5261c8d374e1cb54e829147970bfc6b26a3af1b3dd85e1326,2023-02-12T02:44:08.000000,3685005
sigs/SRR32455726.sig,4449b8fa83c4f5dcbe899bd73c81949e,4449b8fa,21,DNA,0,1000,136988,1,SRR32455726,,c20808c55491a4406b9a4b39cb1dbc18df7317b8f8292b58973f0f1e4804ec83,2025-03-30T05:32:10.000000,4019570
sigs/SRR29924859.sig,8d1ec2d6e761a7bd8992cb25b433213a,8d1ec2d6,21,DNA,0,1000,137819,1,SRR29924859,,9e5fd795a7361bd5dc847718fd774e90311eac3596562633ec0b3a6a3dc6ffb6,2025-07-03T08:57:36.000000,3973414
sigs/ERR10967575.sig,ad736ad9d62ea216cf557132a7012adf,ad736ad9,21,DNA,0,1000,137978,1,ERR10967575,-,4a7c251ed6f19bf2e897f2f073f18bd18e43d2df6234962f98d86aa37817be99,2023-08-23T10:50:53.000000,4045090
sigs/ERR14845710.sig,0a45657f42eb18bca0eee8d827b4a5ca,0a45657f,21,DNA,0,1000,138057,1,ERR14845710,,0312d4bdb039f458142e35a52b003072a9fc312f36f8ad1028042b61568545b8,2025-05-05T01:32:45.000000,4290395
sigs/SRR10150306.sig,eafd1dedfdfa84adc0cd6ba28cdb69e3,eafd1ded,21,DNA,0,1000,138647,1,SRR10150306,-,6f72e90484b8c4834310e3515fb40f0637407be9d51bf19e7fc821c1f4a8e21a,2020-06-05T01:34:11.000000,4132084
sigs/ERR13910590.sig,2d2fcf9e742ac0e4014e9ec40b1120d7,2d2fcf9e,21,DNA,0,1000,139628,1,ERR13910590,,c3fda43fa29e79f346be6b962ef20c548c2d05dcacdb0b1dc6f0a0880e35ef97,2025-03-06T16:47:09.000000,4392927
sigs/SRR29012123.sig,c5a920591ae97e36f3b4755d8631a4a4,c5a92059,21,DNA,0,1000,139635,1,SRR29012123,,ee53c2012ad99ebce81b558be496468db15b738b94e837874413f5cde53e0058,2024-05-20T07:09:22.000000,3972924
sigs/SRR6118454.sig,1e12882f326afbdc02543c68e1a028eb,1e12882f,21,DNA,0,1000,139973,1,SRR6118454,-,e31ded4332ac6579fd772d2996ffca333677800c5661150a57be3110485f36f8,2020-06-21T12:32:46.000000,3847226
sigs/SRR6505396.sig,c7477944c8386fb84fc8ef5a2dfca3b1,c7477944,21,DNA,0,1000,140003,1,SRR6505396,-,fc64df80135b8f45b905ccf4b0c86bb3128cd53b6689e268a35209f4f6b36df3,2019-01-03T04:44:18.000000,5063594
sigs/SRR3175454.sig,34f7cf6942c50ee6b09ea261e6e548d6,34f7cf69,21,DNA,0,1000,140346,1,SRR3175454,-,748858dfe03929e16d5db4ea3df919e6934d363f8d3c77d3a41743f82f003269,2020-06-22T10:46:18.000000,4054414
sigs/ERR2194156.sig,87121422a676c81623d2f6488e42dad1,87121422,21,DNA,0,1000,140627,1,ERR2194156,-,667303d3145b9d306d87466af5d0eb8604523511c210ee23727f9aecb5b6d99f,2020-07-11T01:36:13.000000,3316583
sigs/SRR24256191.sig,22fc27f9e85a2de0cdf660a7a71f8da5,22fc27f9,21,DNA,0,1000,140728,1,SRR24256191,-,9c2832b34acc9057a70676eec7914ede36bb325457f00aa5f6d680f76a730799,2023-08-22T19:04:40.000000,3884993
sigs/SRR13201175.sig,1c9262cb569ba649be8d19e775be6ab8,1c9262cb,21,DNA,0,1000,141587,1,SRR13201175,-,409ad1fc9818b95cfd496b40ccd164dc884637f07ab9d04637cc9b8f28b9311b,2020-12-07T21:11:04.000000,3843189
sigs/SRR8404661.sig,8fb47b32746fb1eb08cacb9fcbd3e1ed,8fb47b32,21,DNA,0,1000,141726,1,SRR8404661,-,bf86f8236b51671aea2e2b6f3a0489d6fa03bbb6c9390e6fbbb7771a7ec1d52a,2019-09-25T16:35:09.000000,5053304
sigs/ERR9971639.sig,55b9a9d767788d2b506b33d63fa48b9a,55b9a9d7,21,DNA,0,1000,142753,1,ERR9971639,-,1729902b93f35e94cb0ec9f61d090ed2eda7f74a77d57b01982c77f8806ffd12,2023-08-23T05:27:04.000000,4141289
sigs/ERR2528866.sig,47bb1d4228ce66b468c4e0baef4b36e5,47bb1d42,21,DNA,0,1000,143961,1,ERR2528866,-,fc968cae40a29f20ec1f246b5bfc24e0089e60d07dc04482e6b0d229cafabd7c,2018-10-17T04:12:56.000000,4034984
sigs/SRR1173342.sig,2d109692aa865947f792ee444406bd0e,2d109692,21,DNA,0,1000,144423,1,SRR1173342,-,e081b60589a8e7343337ead4e7565c4731246ba96245ac92dbe666b0dad91f01,2018-10-05T23:08:56.000000,4378409
sigs/SRR26133608.sig,a04216fc09242b355db01286d67529f0,a04216fc,21,DNA,0,1000,144496,1,SRR26133608,,77e26f56f0f1bcce28a6699e1fa4955394ab76d6364cd4178b0056b5bf5899b4,2024-01-10T23:15:07.000000,4926590
sigs/SRR23204169.sig,99f660b8408f2755d368c3f50c9f3349,99f660b8,21,DNA,0,1000,144682,1,SRR23204169,-,7eed0d663fbeaa2205d01d853b10b43f03043e9108386d3f6719ac524e05e107,2023-02-14T12:00:21.000000,3618612
sigs/SRR528497.sig,7ca1b92ae5fb362ea62710e362cc156b,7ca1b92a,21,DNA,0,1000,145765,1,SRR528497,-,4668b761b53e1ac1633e30c313d6100e3a540d8f4d1378e63a17fe7f0d468db8,2020-07-08T02:22:26.000000,3365939
sigs/ERR15097048.sig,2c4a7140bb5a5d1df2b66e9eeb13844f,2c4a7140,21,DNA,0,1000,146001,1,ERR15097048,,72c0a7db7b1dc3cea5f0386227e5964c023861ed609ba561d1ec2ef606c87ee2,2025-07-04T06:07:56.000000,4576301
sigs/SRR1162592.sig,a4acb5c621c3db6279da4e159b8d7e33,a4acb5c6,21,DNA,0,1000,146382,1,SRR1162592,-,34bd31231e3ca0592446247dfb0b7dca180359c756977bba880ff4e7641fa4e4,2018-10-16T12:00:37.000000,4860202
sigs/SRR5085213.sig,694dc42118e14c5f54bb92846afd1a50,694dc421,21,DNA,0,1000,146510,1,SRR5085213,-,bf1f36a60d72f52f0fe12b85fa05d6dfcc4fb2d0198c2b8ed193e823af52810b,2018-10-09T00:09:44.000000,4861394
sigs/SRR1736725.sig,493834d37318e6d64443618c10d5b982,493834d3,21,DNA,0,1000,147258,1,SRR1736725,-,f9d36e27fdb2a82c512d136894d8ad8cb4c8a76cfb31a79befc049d988dfb5ce,2018-10-05T23:39:44.000000,4778883
sigs/ERR1971850.sig,ae1decf72efaab11c7516d6962389082,ae1decf7,21,DNA,0,1000,148030,1,ERR1971850,-,3c9320ca25379ba827bee26b486d2c1ecd5024c6409181049bf8775d1a32c38d,2018-10-17T03:53:52.000000,4787817
sigs/SRR15114136.sig,8b6eada8d5d02b5b19a3099909fafa0f,8b6eada8,21,DNA,0,1000,148095,1,SRR15114136,-,56eb4c804672b7f0671117883234dc8136f7b023b1a86950f8a7ae46e04f4a28,2022-01-03T09:46:04.000000,3956488
sigs/SRR5535695.sig,785d83712e7855110cf63ed4943a6a79,785d8371,21,DNA,0,1000,148184,1,SRR5535695,-,a0aadf7d0833cd5566114bcc3218f2b348a8997733a8fdfed3f5676c2f5224f9,2018-11-10T20:04:46.000000,4878830
sigs/SRR25023280.sig,b27bed1f4877125375ec92d7b4ddc12f,b27bed1f,21,DNA,0,1000,148969,1,SRR25023280,-,cd98f631503eea0a7b8ed8ecba7b2e77dd7e813ab305ef07095106f58c0936d1,2023-08-21T23:48:45.000000,3332625
sigs/ERR2718569.sig,265c4c9960307923165719e56177f514,265c4c99,21,DNA,0,1000,149219,1,ERR2718569,-,358042bd056b13ba4e1140c797673464e3d80c0d652c3d0b9077e38c56ced057,2020-06-19T09:17:12.000000,4055306
sigs/SRR8428177.sig,911fb9328efeff36ac15d2622869f15e,911fb932,21,DNA,0,1000,149282,1,SRR8428177,-,873d9a07a1928af59032ffb619078d1534c48269e378c20f531b1e270e3925df,2020-06-21T18:23:52.000000,3631473
sigs/SRR22424825.sig,2d493997973378622e7962d4648bc59d,2d493997,21,DNA,0,1000,150340,1,SRR22424825,-,9cbbd7ba9796b988b38c87c09652c5cfcce697b852221777c1a69f20e8259a43,2023-01-28T05:38:10.000000,4094023
sigs/ERR7340341.sig,c369f8725a74cdc97a8de468e6d90524,c369f872,21,DNA,0,1000,152531,1,ERR7340341,-,b0d243377f4a423929a35f02463f0293c26d64c74c0968d2c779b99a58704ce0,2022-05-06T14:26:09.000000,3617864
sigs/ERR209562.sig,c1494ae68519791ca67f279a493929b0,c1494ae6,21,DNA,0,1000,153087,1,ERR209562,-,4c63e10af592143e4e4c39aab734925dc1e07f5ca6b461cf20d6838ddd7b0a39,2020-07-08T14:47:00.000000,2889914
sigs/SRR12114248.sig,0f97f860c7bb1830c944f60a915f8f0a,0f97f860,21,DNA,0,1000,153776,1,SRR12114248,-,592a83d7e9c3ac2be083239043b65d140f39580bec04f8f7528d76f67b791e1d,2021-01-18T02:45:50.000000,3981927
sigs/SRR13776398.sig,7ed01526fb1b794ec6fa7f3c55cbe2e3,7ed01526,21,DNA,0,1000,156153,1,SRR13776398,-,b9e1c871bc819055fee625f2ca118f99bc3429b40261113771ed09e331d77729,2021-03-26T07:58:29.000000,4033427
sigs/ERR719890.sig,3693ed3c9245b33290054250c77faaae,3693ed3c,21,DNA,0,1000,156802,1,ERR719890,-,07de2050d632a097ed5ec84db22fc5cb7ca7c523074e0bf021e353d16305b76e,2020-07-08T15:51:02.000000,3603700
sigs/ERR9752395.sig,feb31e5b6a503b80a30d8ebc805b88dd,feb31e5b,21,DNA,0,1000,157063,1,ERR9752395,-,2f5ffdd9ee5072145fd8a7fb807516ed8c3e8a012abb4cfbacd6c44e8706381f,2022-08-23T00:05:15.000000,4171611
sigs/ERR046782.sig,824fa7d7e37b4d50e9b494605478ef15,824fa7d7,21,DNA,0,1000,157477,1,ERR046782,-,185087e1b46433d4d202ee8357f938e7fd3c5aa8b38fca360544d91199401f9a,2018-10-10T05:07:39.000000,4998636
sigs/ERR2102096.sig,b5471938bf9047937a35859d3a1ad6f2,b5471938,21,DNA,0,1000,158795,1,ERR2102096,-,cbbcb432c001c0bbb01f63f513949ffb9a86bc5f60fb8a90f275893f2d47a257,2020-07-10T10:43:49.000000,5204811
sigs/ERR9669036.sig,6ce524e9c8d5f9ef412bd9aa118b6677,6ce524e9,21,DNA,0,1000,159048,1,ERR9669036,-,d0070d9312d254caaa916fe268ab85ece9a156e9507c1e0069eed9036ad844c6,2022-08-26T05:30:58.000000,4851493
sigs/ERR12197273.sig,93901fa51d5b4a555eb64df3dcf15558,93901fa5,21,DNA,0,1000,160322,1,ERR12197273,,3c333f22be8cfebaef5a2507169ba3b0ae4135e1178c10bd8618a7fdefc56161,2025-07-13T22:49:48.000000,3039371
sigs/ERR10786220.sig,c796763ce923b3d9ff9816d1958ea353,c796763c,21,DNA,0,1000,161531,1,ERR10786220,-,013c9e161efc1848bb0d0600aeb738d15dc41cc9587e7fee7d64a0dcbe52126f,2023-02-14T11:59:14.000000,3841309
sigs/SRR3407783.sig,77c0a6478be6e04eaa94f80822d6e728,77c0a647,21,DNA,0,1000,161859,1,SRR3407783,-,2486e869c3724b3294eb7d172506b7f5e19b8447a0285c541f3292a7f085732e,2018-10-16T00:10:16.000000,5665841
sigs/SRR26031386.sig,81f7c2c74d34b7d3d9abe37020144f12,81f7c2c7,21,DNA,0,1000,162273,1,SRR26031386,-,58fcb4bd8178a4b0284ef560ba5444985013cc731bc0ea8f09a677f0b6abf33c,2023-11-01T19:27:17.000000,4711139
sigs/ERR14006120.sig,7932bc4cff2d09ba9c7a2195184a69a2,7932bc4c,21,DNA,0,1000,162957,1,ERR14006120,,caabd3bc9da1f33cc09749d3980ce51315d845aca3bded159173469caa8de672,2025-03-08T06:40:38.000000,4735814
sigs/SRR29331567.sig,09f6b943fa32596630e4e35194161fe4,09f6b943,21,DNA,0,1000,164256,1,SRR29331567,,7c0a06bc0652234373f3909bba0dab20e8f5ad0afe7946f6166c790f58f11c36,2024-06-10T08:09:09.000000,7806960
sigs/SRR14338682.sig,10048c5b91ff1670463d69bdf4e38b6f,10048c5b,21,DNA,0,1000,164851,1,SRR14338682,-,9b5209f50d5dae1878e0308d572b0798537a4d05e51563be49a901b9c54d8cc6,2021-06-01T20:27:52.000000,4687242
sigs/ERR2724040.sig,6ac6a26a1dadecdf87d6aaf8fc46b982,6ac6a26a,21,DNA,0,1000,165135,1,ERR2724040,-,7fcc7fd998ad72c75a293d786e5a83011470b550f5a3c06dddcb50792aa0e1f8,2018-10-18T09:52:25.000000,4195416
sigs/SRR16944313.sig,3aae9bca28f72530f76c19d7f68fa1f7,3aae9bca,21,DNA,0,1000,165232,1,SRR16944313,-,58a628af8a77c68256f9b4844ba116e2e15875a4c14889d852d6c7be2fdbbd69,2021-11-16T17:59:54.000000,4489594
sigs/SRR20749926.sig,1ae70196546f694260d7604328e27379,1ae70196,21,DNA,0,1000,165352,1,SRR20749926,-,1ff6f213085ef9418481309026df079dda23d092678c204f1e9246fcf30cac13,2023-01-28T17:03:31.000000,5193715
sigs/SRR5912882.sig,5bd61adf0850fbd08aa631d746f98d42,5bd61adf,21,DNA,0,1000,166254,1,SRR5912882,-,a0cb2532a5481a07c2909ce52d6e6d3712cba38e41a262635d1b24eeccb18257,2018-10-09T01:37:04.000000,5089444
sigs/ERR2739019.sig,023023ed3cd5e26bdc8ffefc4cc0ca3c,023023ed,21,DNA,0,1000,167408,1,ERR2739019,-,8d4fc7fb8727b6cf2eaa0e2a7c9397771b57601af335b8b88e2197e6505b0043,2020-07-10T09:00:40.000000,3987393
sigs/ERR054299.sig,5a4daf9f53f5e3dc6221e897a420445d,5a4daf9f,21,DNA,0,1000,167736,1,ERR054299,-,f6377bc0c8dfd1eb564df5855bdfbb65b6fafc947acf5d3a4fb0c3b7de1048a5,2018-10-05T18:03:34.000000,6107106
sigs/SRR29541826.sig,7dc989b03d068b1de618dfe124ea713a,7dc989b0,21,DNA,0,1000,168060,1,SRR29541826,,192b1e8330f713d43ede006c103d7fa5fc981a569d5dcbc459ed5a9588ac6e6c,2024-06-29T20:24:24.000000,5059368
sigs/ERR10880940.sig,b10a98d046cb002e2272b945e3d414cf,b10a98d0,21,DNA,0,1000,169421,1,ERR10880940,-,20aadb2a7972e8fce7534e6433cb378a7bbce86eaf478c053fbcc529d36df856,2023-08-21T04:30:06.000000,4530362
sigs/SRR12151884.sig,934bc6e945ca7285561e6ec0fc9ee5de,934bc6e9,21,DNA,0,1000,169778,1,SRR12151884,-,d40dc2dcf24bb59da109885bb64ff4560bb814235674ac18990f0cf6174a8a52,2020-12-10T00:13:48.000000,4837632
sigs/SRR10561725.sig,dffdcdb27db2ab6fbd897c62c3a13747,dffdcdb2,21,DNA,0,1000,170500,1,SRR10561725,-,8a38a4d9d5644988e985c74113e0d18366c0c3874fe3879cd0a21106d85267a2,2022-01-01T12:46:32.000000,4278584
sigs/SRR29905411.sig,ec8be69fd0855b9b7faec7c3878db7d7,ec8be69f,21,DNA,0,1000,174991,1,SRR29905411,,b3d71d78e06eb965c651004628560cbec394807b905b7480cbda42b4d0ea417e,2025-08-16T22:00:46.000000,5397610
sigs/SRR27731256.sig,77ff78c00088cfbc45b1d219f29981e5,77ff78c0,21,DNA,0,1000,175291,1,SRR27731256,,ea73bb9d1f4779bb04f0abe2fd0136fe9881e667e8ac34289dbca32311be7686,2025-08-07T21:10:36.000000,5771395
sigs/SRR21563454.sig,8290f6bdb7762e5663eb14a6f09b64d2,8290f6bd,21,DNA,0,1000,175393,1,SRR21563454,,0eabf6a709abbb75373d1f9155a0c062acda502dec90729057948ae10db6947b,2024-03-31T23:52:52.000000,5307640
sigs/ERR3054984.sig,b98d0c6ce959ae9f8fff1f99856764c4,b98d0c6c,21,DNA,0,1000,175432,1,ERR3054984,-,2d6627ad7ebe5f7dfe02670e994155ddb8fdd34d69443f0116d9770bd1b87343,2022-03-07T20:44:44.000000,4644738
sigs/ERR047104.sig,6e5071d1a7320e05edc1bcf44ab8488f,6e5071d1,21,DNA,0,1000,175508,1,ERR047104,-,0e8549227ec949f21d4e38849cea6a5e1ae8a8f9ef58aa738f3954f0592d8280,2018-10-05T17:59:25.000000,6512914
sigs/ERR4564640.sig,62a2b3aaaf9d7c35190ab893066e73b1,62a2b3aa,21,DNA,0,1000,175789,1,ERR4564640,-,d4448cad1505aa841fd1671a78a133785ac3a51b3ed4cb36720eea082c61d909,2020-10-05T01:33:18.000000,3975234
sigs/ERR12191256.sig,a8c9ccb201e316e62e871310ff682342,a8c9ccb2,21,DNA,0,1000,175973,1,ERR12191256,,510ed4c282da064b74dfa8c09d8a2bb4dbda5918fcf4059094000ba4f5b8d8a8,2025-07-13T23:19:31.000000,3388866
sigs/SRR15679779.sig,f9c2f02eccf7ce3d0898a8678767ab49,f9c2f02e,21,DNA,0,1000,176343,1,SRR15679779,-,75fa1fc7a3c7c0b1d0f448cff9f4e54f13319b226ee95044c079208ae4eb3933,2021-09-23T19:46:44.000000,3876128
sigs/SRR11788100.sig,ad4bee4d72a3b9582b3ca3bffd688dd5,ad4bee4d,21,DNA,0,1000,179052,1,SRR11788100,-,ce299e8e225ca679d0bf4bae1b8327c724dff6c40585a29b9a2fe584a93b391d,2022-05-07T06:17:17.000000,5194368
sigs/SRR25078912.sig,7a955ed9191ba763b7fd7a3280bd7c2e,7a955ed9,21,DNA,0,1000,181519,1,SRR25078912,,9c9969f006c06459ddb69d9d83ee2582de1a5a053c3a033dc0832f297b8674c2,2024-06-28T19:50:59.000000,4142516
sigs/SRR4125418.sig,3ce1410341745043045cfb82ce09e7c3,3ce14103,21,DNA,0,1000,181550,1,SRR4125418,-,f3c63065aaf3aa5fdd0662fac6a5507a744805cd8101f6eb0ccb89a00bcf8b90,2018-10-12T06:06:25.000000,6299584
sigs/ERR8025521.sig,c0fa9bad509022aa416cd4b7fda5c14d,c0fa9bad,21,DNA,0,1000,182095,1,ERR8025521,-,07b74beb5cdafd567dc9cec7364b746ede9a9d8207a723ba127f2e6cb4f3081a,2022-04-12T04:24:29.000000,5528165
sigs/ERR1728141.sig,072b37a67c5e7131a381774e0aafaad5,072b37a6,21,DNA,0,1000,183261,1,ERR1728141,-,f0511d661ea796c72fbdb05f6968c353d6c5a53b7c3975b01b31937f1517e6a0,2020-07-08T02:09:09.000000,4143435
sigs/ERR3682236.sig,6d9ecdf5d0b06f27be7a1b474b402939,6d9ecdf5,21,DNA,0,1000,183290,1,ERR3682236,-,dac99511777700e1f7166cd239a1e24323dd868c296a30b37b15d3195e1985bd,2020-07-07T23:59:22.000000,6386663
sigs/SRR5963321.sig,fc30c22939a4be8039362df07cffbb1d,fc30c229,21,DNA,0,1000,183813,1,SRR5963321,-,017d68f9b6cd0113833a672a317fde74ee62e379e04b20e62c6fe7af84d76b98,2020-07-17T21:04:43.000000,5301279
sigs/SRR6312622.sig,dbbe6aa78aa04862cbd3d0624707e2ed,dbbe6aa7,21,DNA,0,1000,184087,1,SRR6312622,-,1dc6889fe5b25c8000445d4443483231cc2aa2766d79b2d04d5a03b07a509469,2018-10-09T02:15:38.000000,5096874
sigs/SRR23826086.sig,c01130c59620ca099232e68f9a188df3,c01130c5,21,DNA,0,1000,184380,1,SRR23826086,-,9495d416f61e5f2704c92f7fb3a187eecd5d6780091c76056c7226d0be411655,2023-10-08T03:40:48.000000,5109713
sigs/ERR9830366.sig,e766e22e4f2ed2211f3e2f8b53bb267e,e766e22e,21,DNA,0,1000,184724,1,ERR9830366,-,b91cff2c2118f1114ed691a09c2facb186a00371e521e4802b7204bec3be819d,2022-08-22T03:32:47.000000,4661964
sigs/ERR5084263.sig,34f8c3e7df8d01b8e4afb0802a6ed79f,34f8c3e7,21,DNA,0,1000,185064,1,ERR5084263,-,587674f31c048aa3eb866457b1ac9cc143c9bb8fa4677c03ee26007a93eb618a,2021-03-26T12:26:12.000000,5172288
sigs/ERR4406865.sig,cd892039db0d24bfdbb5a51bc9ef7eb6,cd892039,21,DNA,0,1000,185117,1,ERR4406865,-,b05449e74cf5fec3964b17b57ea0ae97cae5584303e722c97bd34dfdcfa701a4,2021-01-17T01:45:40.000000,5043274
sigs/DRR317776.sig,131b228b374125254403883a8891b46b,131b228b,21,DNA,0,1000,185691,1,DRR317776,-,9a58ed9ea4db595f7ec215bb2e8caac65181c13318001e5705a5ac727f1e4f87,2022-01-13T17:09:12.000000,6074445
sigs/SRR11536464.sig,49b20b8f9d84fb32bea08d14fab54025,49b20b8f,21,DNA,0,1000,185893,1,SRR11536464,-,b61ad697ecd644ce3a2f053c4c255679c0054e554e93f14c6db8ac81a6fd88dc,2020-06-08T11:25:00.000000,5716564
sigs/SRR26893936.sig,21f6f93ad5f3ce4bf942586e97ba9977,21f6f93a,21,DNA,0,1000,187215,1,SRR26893936,,341517ec63157a71601c7c63fecf42d91507e3f59ee7f8f36f31081dd0f71b62,2024-08-05T19:02:14.000000,5819129
sigs/SRR11586611.sig,35c81104a9d4d6d613850ddc13cc60b9,35c81104,21,DNA,0,1000,187671,1,SRR11586611,-,2963c5a024e63b5242e441cea7d03c45879b1e330671a81e39d36ea609c1987a,2020-06-09T09:17:58.000000,5357963
sigs/SRR530365.sig,6c7d834ccc97a4069877d9708f91e4d5,6c7d834c,21,DNA,0,1000,187769,1,SRR530365,-,0bc3265952526208c036d18e5c59be06f25900d428eb526d709a0e693f36c033,2018-10-09T00:39:45.000000,6464145
sigs/SRR4006774.sig,e6370826cea8456a870ea91f2356d31b,e6370826,21,DNA,0,1000,188156,1,SRR4006774,-,cd5f0691ab10197ce87ed895d142919e3d0f3d0887f3c5e102191fbe55257bd5,2020-06-20T01:59:13.000000,4823625
sigs/SRR33320810.sig,ed7646568982bb4daaad5f3e81d298ba,ed764656,21,DNA,0,1000,189211,1,SRR33320810,,4b6a2d7acf60675288a7dd4f84b982e3e43939b6050176671abb28e4676a80a0,2025-04-27T18:02:16.000000,4372899
sigs/ERR9806980.sig,76d84045320169349254d928ee15ba1e,76d84045,21,DNA,0,1000,189477,1,ERR9806980,-,fae993bcd4a0f2f63962b68cd631908f5ae17f63d4a71fc53da5c648807a829c,2022-08-25T18:43:16.000000,6131115
sigs/SRR13359658.sig,32b5fc2d2a5d92dc9d1c866428e952e9,32b5fc2d,21,DNA,0,1000,190369,1,SRR13359658,-,07cffde495e9f29433d266e6692afaf9d0579480a0c03a8b6141d1c89721ba13,2021-01-16T23:49:29.000000,6335471
sigs/SRR9268747.sig,7f13a16ba3278a9d9d8ef4a59c26353c,7f13a16b,21,DNA,0,1000,190846,1,SRR9268747,-,e6bd4548a5648100a9ae3db65f30e3a465180e2cb0b6a9acb0ea3a59cf6b409b,2019-09-26T07:22:54.000000,5334697
sigs/SRR11125512.sig,222b491dcb6fc58014db43369805e6fc,222b491d,21,DNA,0,1000,192238,1,SRR11125512,-,a5526afc83ad17b29a53e7f229b25845ffaf789d6827b38938323c8ba93ab73b,2020-07-10T15:05:15.000000,4538540
sigs/SRR24725457.sig,bc4648d878cc42128dee2845ee699757,bc4648d8,21,DNA,0,1000,192918,1,SRR24725457,-,d805ae77aaba4b259173b1b35aa6b719f9a2b0d60e1c38f421ac1ee73c627c2a,2023-08-21T05:17:45.000000,2603251
sigs/SRR6663998.sig,ac28269b918b6ef91bd7e61eb1d16a1f,ac28269b,21,DNA,0,1000,194189,1,SRR6663998,-,b11440aff35dc86ff0cbfa56c0c838df1c48a2013bd96ea4f5e6c5d664e91ea1,2020-07-08T13:34:00.000000,6317125
sigs/ERR13654775.sig,c97c73d430b5bc5635ddad01a55f51d7,c97c73d4,21,DNA,0,1000,195649,1,ERR13654775,,1c9cf10003d80565b7b1510ed7d91dfa1b7f0b9622f76eed9e8d6a2d9bc810e8,2025-03-05T06:27:40.000000,6749463
sigs/SRR4235854.sig,b7130dddbf83856e1c62bbd9ab422c52,b7130ddd,21,DNA,0,1000,195934,1,SRR4235854,-,889944d2e0f5c5af0670a9983a04c238f4d8910b888fb20f244aee8c41b2f66b,2020-06-20T23:27:10.000000,5173175
sigs/ERR8610107.sig,b4908763bcf0233a7953e145906539fb,b4908763,21,DNA,0,1000,196123,1,ERR8610107,-,c0b673daea5f9c427dd26f548b2cd6b5c1e731b14cdfdd4daadb0d563db2a263,2022-04-11T22:04:18.000000,4998778
sigs/SRR7974425.sig,e51bd7e53ce0fba91520da75fdda5a7a,e51bd7e5,21,DNA,0,1000,196736,1,SRR7974425,-,d534d9ff6efb57689b1a031ee94cec4b2eb8b3393ef20ea4757cb7de25064d25,2019-11-08T04:55:23.000000,6612965
sigs/SRR19637526.sig,97b1333f4438107fd27052e79897fdc6,97b1333f,21,DNA,0,1000,196945,1,SRR19637526,-,6c54dec991e3cb5c30dab6f11ada971af98bcd2c460f3bc1e88079790fa5808c,2022-06-14T17:20:00.000000,4442740
sigs/SRR6256434.sig,940f3f1187b2ce9d4f34647f795397bc,940f3f11,21,DNA,0,1000,197559,1,SRR6256434,-,04ac70f598a5cdc858cc551b021998c4124d13cd2691a8fd7f5180c61dc53efb,2018-10-09T02:10:52.000000,8377862
sigs/SRR10564166.sig,4fe44ee135dc1b5bfc533889e0b97c8f,4fe44ee1,21,DNA,0,1000,198583,1,SRR10564166,-,6d1104d507470cbed452e6d9f776ddf212311024f64b0c0a8f1e911d04d01ade,2021-12-31T23:55:44.000000,4869406
sigs/SRR13726018.sig,884e8ae236108d7e13ae1b95d3a566d6,884e8ae2,21,DNA,0,1000,198736,1,SRR13726018,-,bea2e7dfc926de5cfacbd894443004180f96694491baf2134239322808cfd250,2022-04-11T07:32:15.000000,4653699
sigs/SRR27029438.sig,bb50f50fe050e81e04b7a7b8b87e54e0,bb50f50f,21,DNA,0,1000,199003,1,SRR27029438,,31bd26f3c3199ab604e70d336d620659367a7be5bea0dc1f8643c7d1718cc41f,2024-06-25T01:47:29.000000,4665440
sigs/SRR10564157.sig,da17989a50495c64e15326abeec0d135,da17989a,21,DNA,0,1000,200119,1,SRR10564157,-,2728a0d1bae27d0effbeac16c71ec140fe65cb7c8fa36ed7b7274cd864a0024a,2021-12-31T23:17:27.000000,4959316
sigs/ERR10452832.sig,c827061a2a7d05855d0f6172cd281aac,c827061a,21,DNA,0,1000,200796,1,ERR10452832,-,59cfea43181b5f804de9db03bd9d15e727ecae786254cd4177eb2a7c8c9f3801,2023-01-21T19:35:09.000000,8015668
sigs/SRR6118409.sig,f75025bdecf877153f3ce14b31f0aad9,f75025bd,21,DNA,0,1000,201337,1,SRR6118409,-,b9cf974b42487ed894bc7252e7f374f6f2e3cb9bea1643f7e29e1645e7155489,2020-06-20T16:54:56.000000,5377307
sigs/SRR25321368.sig,094c8e228789900739c939fdd2453380,094c8e22,21,DNA,0,1000,203682,1,SRR25321368,-,0d75d0f4e16ef8a714081ce337aeb14b521c2edd38255e45bf87b52b7d4971d8,2023-10-05T19:48:18.000000,6533730
sigs/SRR13243533.sig,3e5c7111cc423aa5636db3d081b84ce0,3e5c7111,21,DNA,0,1000,205597,1,SRR13243533,-,bc98f247e13cef4d4102c480a7cd0796578ece65dc18e3edb966191324113803,2023-02-22T13:26:21.000000,5103770
sigs/ERR11478404.sig,2bca6c39771300364665da71f3a414ed,2bca6c39,21,DNA,0,1000,206708,1,ERR11478404,-,f713bc7a190acb66808aa85bc337fedfffe33e73e2c44a09d3b10d56b8d779df,2023-11-09T05:49:48.000000,5654800
sigs/ERR12218760.sig,b8542439213e3c0d22a117a3689d1fc8,b8542439,21,DNA,0,1000,206920,1,ERR12218760,,a67de7f61ba9464296be895a7283ad46c246acc2650352db4fdadd09e7e7829d,2025-07-14T00:22:31.000000,4910475
sigs/ERR12195235.sig,65e6b03290540f2745bbdc2f2ed7c642,65e6b032,21,DNA,0,1000,207415,1,ERR12195235,,2ea8093a84320be05fd6a136485380519605d9077b0a87ee92caa516405829df,2025-07-13T22:03:48.000000,4193145
sigs/SRR31693679.sig,bcb8a66a66b93290006db5142f3df547,bcb8a66a,21,DNA,0,1000,210199,1,SRR31693679,,d18fd98ceda940054431c0c5363855371b15b5d6618f64518a0281762e1b7cb1,2025-03-05T13:18:56.000000,4811507
sigs/SRR4305512.sig,e7cbcf87026b58e6b1b3872fec1da1f0,e7cbcf87,21,DNA,0,1000,211097,1,SRR4305512,-,816fa86cf01036436ea19d499bf458b81cc1dc7c82cc8aecf1c26a82b32597a8,2020-07-08T12:31:46.000000,6379277
sigs/SRR5936177.sig,1daa0af90b91d39a09352ee5897c62a9,1daa0af9,21,DNA,0,1000,211561,1,SRR5936177,-,3ea7a63bc371e089484f6d1a73ce59f872128de86b07fcc3542e941155d8a21c,2020-06-22T07:01:11.000000,4871539
sigs/SRR28765356.sig,d13013f47876980dd6ab859ebb60d8f9,d13013f4,21,DNA,0,1000,213351,1,SRR28765356,,5b2b63efc51d4ab83c811d49bf48b6b64c4e1577310dace8a7e297b8c4edf6c6,2024-04-23T20:12:29.000000,4832375
sigs/ERR10300000.sig,277dd52c0955db062d8b52e1eaa931ff,277dd52c,21,DNA,0,1000,213518,1,ERR10300000,-,7cc6b1c6023b79c3a83c85b2615361695cf1b74df49c78497c0a0c83078dd101,2023-01-28T02:24:28.000000,5652453
sigs/SRR29379125.sig,891d333cfda3242c3ed6cd15cc77bebc,891d333c,21,DNA,0,1000,214427,1,SRR29379125,,e63df28b28889f87464561d3a25d142a06cf22ab707f24fd7115750ba95b3756,2024-10-04T18:20:22.000000,5553557
sigs/SRR26957773.sig,aa366297a75df5b61d83f9188b384a58,aa366297,21,DNA,0,1000,215813,1,SRR26957773,-,23424526fc0b623d9f7bfa3864ae2418e6b7f26935faf14a8c83b24292a06e4a,2023-11-28T17:27:15.000000,6066962
sigs/SRR10562207.sig,7198b196d566dfcdfd6868083248cbd5,7198b196,21,DNA,0,1000,219076,1,SRR10562207,-,f531956d1642b603dad0e0ef4710d738a45a373d1d1c44bf14ca1e6d31753460,2022-01-01T11:21:45.000000,5265352
sigs/SRR21959300.sig,461598540edc0c778c3e37731352fcf4,46159854,21,DNA,0,1000,219112,1,SRR21959300,-,119a002c655bb80ed8198f0657e7323d3be22a33ebe98c711e34971f25be91e2,2023-01-15T03:23:22.000000,4759590
sigs/SRR33295402.sig,24543e38690d8e463075f341f35c0672,24543e38,21,DNA,0,1000,219216,1,SRR33295402,,68cdda56b0a8b7cc1096dd220c4a7abd006dc83e2f91de51b6a3c648db043f6f,2025-04-24T18:10:41.000000,5109671
sigs/ERR4562019.sig,e2111f5aefe1e710b5d03c3a8a753597,e2111f5a,21,DNA,0,1000,221407,1,ERR4562019,-,bb7bb7d65834156dc5b40cdb09017ba14822a7a3a3ae7bfafe305795876309ce,2020-09-05T19:20:07.000000,5193710
sigs/ERR4163339.sig,1cf04c6549dfcedd2bda81b1e5a09298,1cf04c65,21,DNA,0,1000,225618,1,ERR4163339,-,f8a54f35949bed51b9a2d119c12a71711943c50a467b7a57d500bd88ce537ea6,2020-07-10T12:24:45.000000,6178842
sigs/SRR17255640.sig,2ad37419e8ecb5c040d3b25a461d6714,2ad37419,21,DNA,0,1000,226396,1,SRR17255640,-,fec620c9899324744f55ef864f7dc425c6721ec26baef5d54ba1cb6609834384,2021-12-18T18:50:28.000000,5221347
sigs/SRR23614859.sig,ffd22fe6a20df8d44eec3961748fb81f,ffd22fe6,21,DNA,0,1000,228763,1,SRR23614859,-,f1e52c2b9a50dd98356eded1c67a628de2e1129f5224a492f48e245f651bd2d6,2023-08-22T01:24:54.000000,5316156
sigs/SRR22474736.sig,65ecd03286e90972ec9b13395946a9d8,65ecd032,21,DNA,0,1000,229551,1,SRR22474736,-,906af595e1116f9e5300884365569ac66625059882d84547705a43a9fe4079bd,2023-01-12T12:55:28.000000,5526108
sigs/SRR10053238.sig,a5f54f9e55068e74ee9257df6b7f3ee9,a5f54f9e,21,DNA,0,1000,231009,1,SRR10053238,-,6ce417c68e88a18a37abf0007d867ff012edcd7e719b6237edbe563b5484f367,2020-06-10T04:13:31.000000,6331131
sigs/SRR5028772.sig,5dfe6c74074f2e27886222d8673cf9fa,5dfe6c74,21,DNA,0,1000,231204,1,SRR5028772,-,f6b3e9465c134c8cbb45095a17f8feb07d304e5e15b2a42a88b70ef77d29f03b,2020-07-02T05:02:57.000000,6185628
sigs/ERR10114891.sig,fddc17dae4f131462fb89a94dda49b96,fddc17da,21,DNA,0,1000,233318,1,ERR10114891,,322065c9fc3043f23d17163fb0889a57cd314919c83d5903b6d466e4fa13052e,2025-03-02T08:06:23.000000,7348808
sigs/SRR26637651.sig,37d04bb6e80ff54ebaf7f4436a6e0dc8,37d04bb6,21,DNA,0,1000,234933,1,SRR26637651,-,ae91a00866ccfc688b0023b495e9186f61a6d90360359fa76e9b3dc5bee4df3a,2023-11-02T20:06:54.000000,6367507
sigs/ERR14783633.sig,6069c3d9a7156c6c21936008c3340c8b,6069c3d9,21,DNA,0,1000,236665,1,ERR14783633,,7972096395d9241836111df7d1228a57d6b4759efabbfd6a15b7b8a7bab648e7,2025-03-28T18:37:53.000000,6423499
sigs/ERR14696856.sig,1de5936453ed3d8c42c4d6bbccf3540a,1de59364,21,DNA,0,1000,237083,1,ERR14696856,,38f61ec68d84b9629e00a3a82ba9a2dfb985608134920ae80fa27657e96df8da,2025-07-14T19:17:17.000000,5904052
sigs/SRR13740319.sig,ddc095faf7ae9b137cc69fee4bc6adb8,ddc095fa,21,DNA,0,1000,238994,1,SRR13740319,-,62f0714f262e87fe3e0368a7b9556a1bfe044af2a9b2dcf860f3a4db448b2b9c,2021-02-27T20:22:59.000000,6041340
sigs/SRR28620467.sig,0536edee8f90fb4d83e89a2901536f10,0536edee,21,DNA,0,1000,240046,1,SRR28620467,,b7a2a88345b702a34a6c74f478f3ea1f1615164e89515a52be1ed77b7d79b9d0,2024-04-13T19:58:01.000000,8296581
sigs/ERR311181.sig,b4318a7df14a3a90e04506b44eef1631,b4318a7d,21,DNA,0,1000,240072,1,ERR311181,-,aee3af84d7f4aab07ce9289faa39b8ad595daaf51b69a7bd9038bcc072c7213c,2020-06-20T14:48:47.000000,5468344
sigs/SRR22671879.sig,2aeb030e0b65da0bdcc8f2f408240aeb,2aeb030e,21,DNA,0,1000,240874,1,SRR22671879,-,c31fe558f61c2fcc0a2c3d988de64e1ef3738a7b7bbc9dc9459cfe0b14fdff23,2023-01-17T16:32:33.000000,7493619
sigs/ERR1354122.sig,6229c882b50903d469755088b3eae34f,6229c882,21,DNA,0,1000,242099,1,ERR1354122,-,22289ba124800645b29bbeee6b960da2e99c66c5f965d714a4589708793abe5c,2018-10-05T18:50:53.000000,7357513
sigs/ERR6496062.sig,13ebc9bcabfbeaac9eccd2e351922c82,13ebc9bc,21,DNA,0,1000,242413,1,ERR6496062,-,3c43636211bb05173219f3ad09d7f7c055fc8e453eb5ec9faf1ebb4411f9628c,2022-04-11T20:46:26.000000,5500979
sigs/SRR26957865.sig,3c81723e36d45e5062822e3d28fa5cb4,3c81723e,21,DNA,0,1000,245364,1,SRR26957865,-,377ac8c24e80ceb48efc51b61a4bf45a0c3d92126b82e53544ea4ddcab5423a3,2023-11-28T17:59:30.000000,7086760
sigs/SRR8698504.sig,5bbcdd932433213f16cf34d543da47dc,5bbcdd93,21,DNA,0,1000,246260,1,SRR8698504,-,5001771488b3f5fd67c394ad63df0d4dc2308403659481176714cc5e0ef04e11,2019-09-27T10:10:57.000000,8767779
sigs/ERR3682260.sig,003301b087253789c08de7714169c221,003301b0,21,DNA,0,1000,248226,1,ERR3682260,-,60bb2af9e111e4598e476639d7250c2614400f9df5432370ec3bcf6e2287cc8d,2020-06-25T21:14:10.000000,8950908
sigs/ERR6086914.sig,8bf4d55eed6f88e287213033851ac191,8bf4d55e,21,DNA,0,1000,251032,1,ERR6086914,-,343be17c5d33b6d7496d896a2fe98448d708d64e2be4718193a1158d944d4793,2023-11-11T05:01:48.000000,6604455
sigs/ERR206435.sig,a2b05935fd8d78e7cd8185c7c2e9b253,a2b05935,21,DNA,0,1000,251106,1,ERR206435,-,3833366e2a4a7e50af43b72ed07c630f436cc7b57c6e60212e17fd9861bb6f2d,2020-06-21T22:15:32.000000,6290236
sigs/ERR13244740.sig,77b4e4c072dd36426b86e7f256f02ca1,77b4e4c0,21,DNA,0,1000,251261,1,ERR13244740,,19e1fc276c9d723fe5ab716d030c90f1cabfc85766af7545e0e20b5ada4706cc,2025-02-12T03:05:31.000000,5913850
sigs/ERR4091319.sig,7f6d8ada34e6680dad1ce930daa888df,7f6d8ada,21,DNA,0,1000,252812,1,ERR4091319,-,50a6858da42811ae339081f7b93ca577abdb583fed0f41dd346f1461d843b055,2020-07-09T03:04:56.000000,6191509
sigs/SRR650258.sig,e32f9eb9a6748e22b996e106f8f286dc,e32f9eb9,21,DNA,0,1000,254635,1,SRR650258,-,2a8254e5696ffb2d711e16d14d8add8ce07f97287550bb3eec16af2616a2600d,2018-10-09T02:40:08.000000,7894057
sigs/ERR5002016.sig,1ba2bcd07e71d33ce1dbd61c8962294e,1ba2bcd0,21,DNA,0,1000,255089,1,ERR5002016,-,8045bcb4e104e72eb20b5f32375253bba4e07b59c3b61af83285c8a8de72b67c,2021-01-16T17:32:38.000000,5842978
sigs/ERR14676008.sig,08604ce6dfcf4b87c49eca2e4974c485,08604ce6,21,DNA,0,1000,255265,1,ERR14676008,,b51ed2d66d6dac6f26dcf7e318454b8b8833a3206b1f0cf16a219b3749d0c5b8,2025-07-14T17:54:54.000000,6850343
sigs/ERR14894005.sig,72cba22249baffa8936aa048fc53436a,72cba222,21,DNA,0,1000,256136,1,ERR14894005,,bc86dff6867f51152a351a675c8d542c10d309d7d19e7d4618536edd03d8307d,2025-07-07T04:18:18.000000,5670122
sigs/SRR6054462.sig,8667a47de21abaf43dc9d7244fb25b08,8667a47d,21,DNA,0,1000,256333,1,SRR6054462,-,1a79427b1e7d0f1195d775b399e064bb110ef15ba94b92180f531ab6acebb7ba,2020-07-08T21:52:28.000000,6212405
sigs/SRR30234735.sig,cb2cc07d0a018f3e550d6cc6f389bb29,cb2cc07d,21,DNA,0,1000,257117,1,SRR30234735,,77b5bb662852620b22084d9f51e06d7a86b415a25acf20dea93c45d8220d500e,2024-08-16T18:27:26.000000,6256435
sigs/SRR1592257.sig,f1cf6f000232ef667961854c6028b333,f1cf6f00,21,DNA,0,1000,258363,1,SRR1592257,-,90d5e3341bd9a2471dbad72a94e4f9041f3ce730d604c8a4f4c347fdc9b2e7c3,2018-10-05T23:30:58.000000,10781789
sigs/SRR26718127.sig,9573180ba5b9dbf0dc133aee60f2a4f7,9573180b,21,DNA,0,1000,259313,1,SRR26718127,,6d9982ba875ea05e9b12d538e099ca86e7db76f0a604c4a288dadb7f85e472b3,2024-07-06T00:42:09.000000,7028530
sigs/ERR2764870.sig,353ca40d81e09df26a86dc2443b755f2,353ca40d,21,DNA,0,1000,260645,1,ERR2764870,-,bfd581fe5035f7e06250907c7ffc068007f5a5a9e266dbae0390638850b43649,2020-07-08T21:50:43.000000,6568005
sigs/SRR23880951.sig,9fe6063e42594e7f2a59033d3de2f599,9fe6063e,21,DNA,0,1000,261385,1,SRR23880951,-,7425748cd650b24268d482a582e54149758d7bfcca18e00134a71303dff10070,2023-11-16T20:28:19.000000,6286800
sigs/SRR16643166.sig,66af64a4fc083e909d73fb6316b30bb5,66af64a4,21,DNA,0,1000,263862,1,SRR16643166,-,c7c67bcec2ec969b69053cf52e8605e09cb38ee7adda68f93344dd99694434fa,2022-08-23T08:41:36.000000,6247421
sigs/SRR12996264.sig,a137faf357488462bc6491724e19c31c,a137faf3,21,DNA,0,1000,263945,1,SRR12996264,-,70c50a51f5c6d8c6d45c61f4fe124be0b34c24b4ef1dbea716bf7841897c5868,2020-11-06T23:50:40.000000,6715326
sigs/SRR24458844.sig,9f8b7c35bf9530a307754d75849ff051,9f8b7c35,21,DNA,0,1000,264834,1,SRR24458844,-,9aa53683785cabb41f6314678db70dc8fb436a0ba954063cb06235ad72f2cea5,2023-08-20T02:48:21.000000,5924979
sigs/SRR7267768.sig,699071584004b8c5e74c575c70f564a0,69907158,21,DNA,0,1000,264971,1,SRR7267768,-,1b4aaa17667fb491eb804c7fb76620ed4cd6e84d04e8698c298d2c55788bce58,2020-07-08T20:26:18.000000,6817627
sigs/SRR15442395.sig,bfd2cd7da704c1ca9278a81d7471882e,bfd2cd7d,21,DNA,0,1000,265713,1,SRR15442395,-,7c9a9943ec6c82930603abeb73e81a0176577859357f829ce5c975914e36a853,2022-05-05T07:41:43.000000,8413004
sigs/ERR12520035.sig,3b9629bab8f81269da1061387495d3fa,3b9629ba,21,DNA,0,1000,266481,1,ERR12520035,,c5476c518610e729d947f3bdbd1d797d75d3248e8cc8e0bcc0b14ed130be8c98,2024-09-06T10:40:11.000000,10409199
sigs/SRR24799379.sig,a142547110cc481da682efbaeecc103c,a1425471,21,DNA,0,1000,267106,1,SRR24799379,-,2d4cd5419be375dfed17bbb82d7b506859febbc9e5d5e8a24db637abb84d8539,2023-10-01T19:26:03.000000,8253305
sigs/ERR10394932.sig,0a8923bb26778f815392669ec4844572,0a8923bb,21,DNA,0,1000,268313,1,ERR10394932,-,6955925ac0ec2633df36ca0c40617426e9b62f605060c5256e2a78e45cf7d6fb,2023-08-21T05:54:04.000000,6378133
sigs/SRR3886552.sig,ead2fa9760bfa8e47c6a182166158a77,ead2fa97,21,DNA,0,1000,269361,1,SRR3886552,-,0e03f05f1eab8c5c57e299cf83595b510d61514ef88069d498dca19f143243f4,2018-10-08T22:53:55.000000,8495154
sigs/ERR15118066.sig,3b455ab1b573846a0eea5945685f0d50,3b455ab1,21,DNA,0,1000,269772,1,ERR15118066,,3383f2458b8e0b9d7952263195b32a301413dffa82a0eae7b440870a60a238c7,2025-07-14T09:56:31.000000,6989997
sigs/SRR8503498.sig,e1186ad6a4ad88991c258320a00ba240,e1186ad6,21,DNA,0,1000,271262,1,SRR8503498,-,703dfc02a5eebbbc50bacd0c3158f527d6d0cee698dd1948cfffa7412d74ed35,2020-07-07T02:15:06.000000,7961148
sigs/ERR2506031.sig,410ba7974ce9fb417d157b48ff9a4006,410ba797,21,DNA,0,1000,271463,1,ERR2506031,-,fc4b05137945384b87a608b1222dd36a7fd3bf843d5356522b805379c8981177,2020-06-24T04:05:31.000000,10164569
sigs/ERR2738446.sig,79431c381d66c8afb1a18b73303605c7,79431c38,21,DNA,0,1000,271673,1,ERR2738446,-,4663c26f6e6491fc1c573a4c98210e528558558f2941bbf984fbb299838330b2,2020-06-19T08:52:05.000000,7827188
sigs/ERR14674836.sig,e7f8ada9a61c14c4151ae834270cdf9d,e7f8ada9,21,DNA,0,1000,272136,1,ERR14674836,,3de58b1687f588abb06f63466851768b4b683afb3c95595bf95ffacba24eb047,2025-07-14T21:42:59.000000,6947584
sigs/SRR29873200.sig,7c20bf433de056759558f7bc2c03627d,7c20bf43,21,DNA,0,1000,272331,1,SRR29873200,,4d10a91f41dbfb950c1d90f3d7b229e6e27c8aef6939c9f21a4eb985cf927565,2025-03-12T21:06:16.000000,7087514
sigs/SRR6669163.sig,e0e03ebdf3696b1163ce35def02a3a35,e0e03ebd,21,DNA,0,1000,274376,1,SRR6669163,-,40c003ee96d0389df81d0db28efdb1e3cfe788b550d5c2f6ca8adc7c5c27ff78,2020-06-25T23:31:54.000000,7226786
sigs/ERR2892237.sig,e6c0d8aa6cf306582ee7e36810832af6,e6c0d8aa,21,DNA,0,1000,275342,1,ERR2892237,-,da1a9575e4f3777d0c063f5f34a26aba3db9179723b90686bd1b031a0fe398aa,2020-06-21T05:23:21.000000,9601607
sigs/SRR2022621.sig,60fc157df2dfefbe433a903230448d5f,60fc157d,21,DNA,0,1000,275342,1,SRR2022621,-,ad8a22d331529baabc15feb79f8ef93d6af15390ee086516815412514c9683f0,2020-06-25T10:43:23.000000,6484266
sigs/SRR19536620.sig,ad55f0f5df3de9f28e666517974b02b9,ad55f0f5,21,DNA,0,1000,276136,1,SRR19536620,-,88e2e73decae143b452415cb6c45d152d1deb744a37217eb83c1467f4f7e2bc5,2022-08-19T18:35:54.000000,8570301
sigs/SRR5467266.sig,4492493f34e9a4d950dabe39a8bd2c2e,4492493f,21,DNA,0,1000,276253,1,SRR5467266,-,f044666889a589d5c285f92feda601584cca0025cfc7c16f510d936d1dbdab14,2020-06-21T07:01:02.000000,6768508
sigs/SRR22401098.sig,17e128b51c0f356459a07cfc8b32f59f,17e128b5,21,DNA,0,1000,276356,1,SRR22401098,-,763132ac9fe1a0e1a579f6c98108671bd673caae834c8dbf69523b5970fb295a,2023-01-13T12:26:14.000000,6122124
sigs/ERR3503947.sig,d7397a530c433a44854ea34d40aa1880,d7397a53,21,DNA,0,1000,276445,1,ERR3503947,-,d3b636d1b27e1641613151d87c0e0e08796702a9d15baca26f6a3b6c4a727330,2020-06-22T12:37:43.000000,8471925
sigs/ERR3523574.sig,75c4568e22a92db6679a81fc73bf5271,75c4568e,21,DNA,0,1000,276957,1,ERR3523574,-,eb1d266b9196c27e5df794f806e690d4a989ea726fcabd93b23561dd03706786,2020-06-27T01:26:22.000000,9607285
sigs/SRR21919637.sig,d807748a19ed1a00961eddca75e36cba,d807748a,21,DNA,0,1000,277228,1,SRR21919637,-,c34384f3259f10841bfc9b14dda3f61af5f9361b42ee039c2a0c380bcf4182dc,2023-01-28T01:53:51.000000,6652332
sigs/ERR13867777.sig,72df0a4cfc3184ab1185e7c86a521654,72df0a4c,21,DNA,0,1000,279416,1,ERR13867777,,93997094afbddc03018b9aea90f07ab4c430d3966d38594c2bd7e34cb219522e,2025-02-09T15:06:33.000000,6873755
sigs/ERR4571069.sig,50b045041885271585a7289b6cccb801,50b04504,21,DNA,0,1000,281332,1,ERR4571069,-,7158b50e1f68f2814eec1b1219eb73e7c3bc8a309edba8aadc3ecc5b1cf1cc2f,2020-09-17T18:25:21.000000,6872870
sigs/SRR28867654.sig,89a184506ac33881bfe62071c7e0a2fc,89a18450,21,DNA,0,1000,282555,1,SRR28867654,,cd024b007deb39b9689dc875374b8c27f73c6747837007be8aae472b4540d322,2024-05-03T22:26:14.000000,6814406
sigs/ERR3357560.sig,e70cd9624cebf4bee4cab4497dfa52c9,e70cd962,21,DNA,0,1000,285412,1,ERR3357560,-,06dcf75d0b31e30ceb414b5f32309806c003453a037aa5bc3ae9951636a4225e,2020-07-10T05:21:33.000000,6359027
sigs/SRR5165766.sig,78a28261e332cd1289b7b33a0d6ac956,78a28261,21,DNA,0,1000,287667,1,SRR5165766,-,b4060f10c8f4de4ec806fcf3ab46bb1bbdcde5c61d1bbec0a584112828e38152,2020-07-08T17:37:28.000000,7531781
sigs/ERR2591508.sig,8692370c3b7871858d9f2509d7304f41,8692370c,21,DNA,0,1000,288451,1,ERR2591508,-,7a7ea2d644a8c9b9bc90e53ed4066187a1e210bcc5df00a12151c9d17ab6386d,2020-06-26T05:09:17.000000,9780248
sigs/SRR29873161.sig,258fde2fc76c554965dc54bff857fba0,258fde2f,21,DNA,0,1000,290204,1,SRR29873161,,484bd8e2303d1acd062c76ae3bc6376778a4c42dd1728065e4df6382daa8c23c,2025-03-13T02:26:27.000000,7353139
sigs/ERR11512734.sig,4e0b975b1e9db6ba34723841195ea753,4e0b975b,21,DNA,0,1000,293047,1,ERR11512734,-,a9bc9e5874c239773a6331a7f7e48e43ed22dd821103947e81ff2469faa40954,2023-09-16T12:28:36.000000,8208807
sigs/DRR173016.sig,8de6b49e53c8f6cd4c02bca34f277892,8de6b49e,21,DNA,0,1000,293751,1,DRR173016,-,236705fe3de2ca37f033f973f9f5f19e8d12b645ac15d560238214a985dbb7ce,2020-07-22T22:02:35.000000,7623770
sigs/ERR4019157.sig,8ba13efda5fefa3ee7903b2a9cac294b,8ba13efd,21,DNA,0,1000,294457,1,ERR4019157,-,130ff81f16ec3628717648098e96fe3427255e3bc18edd7c5757365a0e171f1b,2020-07-31T20:16:22.000000,7188618
sigs/SRR12321277.sig,2572675654d930bb1fb16f23aaa29b72,25726756,21,DNA,0,1000,296470,1,SRR12321277,-,c25849ad4972ca71e3af3ae423291216fac422b905ff0d03bb966d2f315b1374,2020-09-05T18:30:51.000000,8649166
sigs/ERR9805765.sig,664ef0cb1905b13b4a4c8dd68ffe8fc9,664ef0cb,21,DNA,0,1000,296927,1,ERR9805765,-,cf3da1513075b8ec4966589fb6cf60c7fe72596cab3f087f97948242319b809e,2022-08-25T19:56:02.000000,7952000
sigs/SRR7062929.sig,fb4ad6c7a0c5a62cbbf7e3e092fa8b14,fb4ad6c7,21,DNA,0,1000,298149,1,SRR7062929,-,66187888f54b6e974e602499a2ce6d86641c05299747f4e06afd253ca676b8dc,2020-10-25T06:44:46.000000,8587266
sigs/ERR10900766.sig,908fe9ee737172b593de0ee749405b4d,908fe9ee,21,DNA,0,1000,298534,1,ERR10900766,-,c5ee83f0c64878986e2f5073da671922773d195f412df21c212ecc50c6b10944,2023-08-22T01:58:28.000000,7342683
sigs/DRR099875.sig,f75a58a3a2b2ee9361bcd773c3295d0a,f75a58a3,21,DNA,0,1000,299595,1,DRR099875,-,31dd8909d82ba947f734ef11ae66419af4edbadaa25f7a256dec42d7eb95838c,2020-06-17T21:53:39.000000,7078691
sigs/SRR6984592.sig,1d4fe15048e114c864038bcd58f7d74e,1d4fe150,21,DNA,0,1000,300388,1,SRR6984592,-,192c5f54a2b0413e71a80d62c8e3fdf1ff007225fa8dd58b51b30f91d0352123,2019-09-27T05:28:49.000000,8092258
sigs/SRR19357566.sig,96da0396d094eef590ec32c4c04c0c80,96da0396,21,DNA,0,1000,301485,1,SRR19357566,-,95241e5073f77c867afdd3a1c00ff397c497a9536552dafb856a718cacb2b31b,2023-09-13T19:22:38.000000,10395078
sigs/ERR3698263.sig,47aa3eb9a89a5623af6168a0d208050f,47aa3eb9,21,DNA,0,1000,301564,1,ERR3698263,-,9bf9711f930f9afc4dd3ba783971c0cecb8fcd7341f1d80bce5f86f30726ece4,2020-06-20T03:02:42.000000,8011898
sigs/ERR4865571.sig,b1f1757b9011a12c68c253a4d000b7cc,b1f1757b,21,DNA,0,1000,302678,1,ERR4865571,-,c6f1a17c5447dd590a93ad4c426d773b4a8fa8800ca3f789b0ae379f736d4d75,2021-01-25T23:35:44.000000,7612040
sigs/SRR7696672.sig,c2894376f3498f13289e545087afb803,c2894376,21,DNA,0,1000,302695,1,SRR7696672,-,40ec61b41b87fbf93c80b69714de7ea06a020a4ec0eebac1a04c5b47eee14389,2020-11-15T12:52:54.000000,9605450
sigs/ERR4593999.sig,0b6a741dc93d99db04b5382f9bb74023,0b6a741d,21,DNA,0,1000,303481,1,ERR4593999,-,5ca90e539e0191442402bc63e165e250f762a551ccd5c8a76c99e7ea6dd5bf96,2020-09-19T19:29:02.000000,9907259
sigs/SRR22401107.sig,9b38a8cd3510663f80f6092d6bb6e34d,9b38a8cd,21,DNA,0,1000,304463,1,SRR22401107,-,e4eb59e664587f6fc77668b8e5968291ff17a4f53b9e1db022e9c525ac1c878e,2023-01-13T09:12:43.000000,6847299
sigs/SRR18726953.sig,4ed83609e7482f944c3b9d6dd061ae3c,4ed83609,21,DNA,0,1000,304959,1,SRR18726953,-,1204ecd656a115a9958becfb76902d8510fb9594783141099c30b30a95560f9a,2022-04-13T17:10:53.000000,10217721
sigs/ERR14656761.sig,7abf4232be678b08e3f917762b79b532,7abf4232,21,DNA,0,1000,305110,1,ERR14656761,,fa895294473729fa98b5fff4952fff7e51815f7f7fcef8351d355db2aa2f4e29,2025-07-13T20:48:29.000000,8209433
sigs/SRR2135738.sig,d9f49fadd2f3d6003222f4105dc968bd,d9f49fad,21,DNA,0,1000,307632,1,SRR2135738,-,705bb6dbe3af9bd22edfc13128bb8ed14e9f4f60f93b4a61dd479f79f246ba98,2020-07-17T07:25:08.000000,8625660
sigs/ERR3654896.sig,c2a1fde350bf4ba5e0902be984381027,c2a1fde3,21,DNA,0,1000,308104,1,ERR3654896,-,c1746f870e0e2ee8f63f2e263ad0e307d3514739ce7fcbd6290e26a68356d862,2020-06-21T20:08:34.000000,10208073
sigs/SRR13271623.sig,8614eaed505e86c812fd527305355c3b,8614eaed,21,DNA,0,1000,308258,1,SRR13271623,-,bed98d19a4d8277ba495612a9ba1ed3896922f375829848305b9a05a39f0ebaf,2021-09-22T19:42:54.000000,7753227
sigs/ERR10471569.sig,7081714d9455b124548fc4a83efab00c,7081714d,21,DNA,0,1000,308704,1,ERR10471569,-,2369a8ef7fc7c94979e3a7873bc3ce730d3cde601262c2a79cc5df55d1396291,2023-01-28T14:18:10.000000,10021877
sigs/ERR3857750.sig,9dd6403c69a9048e6183f267e51b9639,9dd6403c,21,DNA,0,1000,310883,1,ERR3857750,-,42b457dc8bc5acf55fdd4df1ef90a0f9df641a9faf519984cc5382a990782515,2020-07-09T00:43:10.000000,7508828
sigs/ERR10299054.sig,68dfa820df23d5300f233c18a86bf038,68dfa820,21,DNA,0,1000,317523,1,ERR10299054,-,ad76abd23adfbe9e493fbd694e1b28759d9a0a9fcdc60f40e43fd1d97efb652c,2023-01-28T02:53:50.000000,8644065
sigs/ERR11846070.sig,edbc9df64d04cd23dfe068478bd2da1e,edbc9df6,21,DNA,0,1000,317870,1,ERR11846070,-,0256a1a5cd0e1e443cb4a08734154be55485c8ac5823dc305cbf107ed69507b1,2023-11-09T00:00:29.000000,6993028
sigs/ERR14674762.sig,96b4951f4adade11f058b366124a7426,96b4951f,21,DNA,0,1000,319275,1,ERR14674762,,d3c8276e47f67b54c37403fea4bbcb3adae213cea808f6f183238b209a995c93,2025-07-14T17:15:31.000000,7850910
sigs/SRR8526174.sig,9b2df6c830e58f5db9a563f61670578f,9b2df6c8,21,DNA,0,1000,324742,1,SRR8526174,-,20d1c870c1aea6d32eceb441d3833119fad074582d417609be957d0908908ff5,2022-03-08T06:51:26.000000,10003731
sigs/SRR30235496.sig,f5223135296e9417ef7122870c6b4347,f5223135,21,DNA,0,1000,331140,1,SRR30235496,,54a41e5f378540cb7bd13209f7ffb269bad6c9a5e295e8753dd965b0ab6deb1f,2024-08-16T19:19:23.000000,8213380
sigs/SRR30009073.sig,b23f7487878e5ef491969fc990c3ac7c,b23f7487,21,DNA,0,1000,332471,1,SRR30009073,,a014ba5b805f7a697d2c48fcc09d0e488c956602f2faaffd39e3b95820206220,2024-07-29T08:37:08.000000,10675628
sigs/SRR21116710.sig,c9fc74fd03fb773a093f81f455d2b65d,c9fc74fd,21,DNA,0,1000,335785,1,SRR21116710,-,9074bb4ca7405dedbe4e7dbb0c0a19c2bbe5b44645b9baa0da126c4e94ca2794,2023-01-27T09:20:07.000000,12329390
sigs/ERR7125435.sig,8ebe16d7b7025adbdb4e6af8efe4c9e5,8ebe16d7,21,DNA,0,1000,337426,1,ERR7125435,-,a47f4cba4caf734b0213c50ab2e68bbe99de00f558e07d7ecab86cd7f5527fa6,2022-05-02T18:42:21.000000,8350449
sigs/SRR10310457.sig,9f1aadf24e13f4cc6cf2949b5c9404e4,9f1aadf2,21,DNA,0,1000,340522,1,SRR10310457,-,6985ed19b577c805a28d705b2bf18dbebf1ad9118e57f36f9b35ddc1ec7ce177,2019-10-20T02:45:24.000000,10501746
sigs/SRR13621911.sig,e1f5dd6f8c9ef54a8a909317570e8c56,e1f5dd6f,21,DNA,0,1000,340559,1,SRR13621911,-,0e0ff1598b7ac3a4fcec80177fdf30902f972ec687181ecd9742c1751d94d8a5,2021-02-05T05:28:25.000000,7468670
sigs/ERR6279620.sig,5bf0b9b1704d6e7d3596a959b6f939ab,5bf0b9b1,21,DNA,0,1000,346076,1,ERR6279620,-,bc485971f7f4e4311398352e86e1ed64248a783038c780600279db44ea8112be,2022-12-27T13:00:01.000000,8503458
sigs/DRR376828.sig,6e2d3a31e64265dfcb3cac1e9837f71c,6e2d3a31,21,DNA,0,1000,346386,1,DRR376828,-,6ad5049181808603b3d428f5ad3c8dd71b2c50bc442a722fef0d96567dbff23f,2022-05-21T18:06:28.000000,10564744
sigs/ERR3448794.sig,cb8cf96aba0b91a55707ac603ab4b251,cb8cf96a,21,DNA,0,1000,347371,1,ERR3448794,-,b8d4b8ef5e8798fd710bd98a8116a9f48fe5b6ea5c8a16379ac866000bc582fa,2020-06-24T13:13:11.000000,10851009
sigs/SRR11184080.sig,54006064f7d326d306b1b9baab05f414,54006064,21,DNA,0,1000,347575,1,SRR11184080,-,87a945bf3c86c670a66caaaee41fba6d49dcf80eb1a1c88174662c63b82296ce,2020-07-08T20:48:01.000000,8016983
sigs/ERR14674680.sig,a95ba64b19db94678aeabd4e32513cc9,a95ba64b,21,DNA,0,1000,347815,1,ERR14674680,,951c7c5baf26a28fe149fade8223d179e30d8e1b983a1c7dca90590873a73ce7,2025-07-14T15:06:48.000000,8675992
sigs/ERR12869785.sig,12aa7c71a0bb65bcc71040747d9927a5,12aa7c71,21,DNA,0,1000,348736,1,ERR12869785,,347a30de6c7ca78268b6b2c42aa603780fa5a00aafa50dd4d3dd4524993b81b9,2024-09-06T00:20:50.000000,8508710
sigs/SRR2155178.sig,b44aaf8250341606310c4107c207aa47,b44aaf82,21,DNA,0,1000,349816,1,SRR2155178,-,0ee82582de5c2167dda12bdff9a43a465a5ab4c80cf5be6ec0e7b0c409938a8d,2020-07-08T16:54:28.000000,8576339
sigs/ERR3451487.sig,dfa9e6defbe887ba8272e663d71a105d,dfa9e6de,21,DNA,0,1000,355954,1,ERR3451487,-,a0bb0b3b795c6c6aa45e3e3be73afc30c5f26562a99ca8b28e781279389e4e43,2020-07-09T23:26:00.000000,8502008
sigs/SRR10478776.sig,96c2e850d703de68ac5659219b7460f4,96c2e850,21,DNA,0,1000,357139,1,SRR10478776,-,613ad637f715cb75a9fba21538aba77c5f56983c5b5fd23f1ac4c9f720b85c6c,2020-12-16T17:15:53.000000,9729082
sigs/ERR3827198.sig,75486c7ed35acef4d1a10a812ad26f2d,75486c7e,21,DNA,0,1000,359332,1,ERR3827198,-,05ba97aaa95cbf9d58081e856779dd79bdaa36dbb3cd7433a4b0525eddd576df,2020-06-19T05:59:55.000000,8391267
sigs/SRR27829362.sig,987b4b58b7b6fcabc4840104b541b092,987b4b58,21,DNA,0,1000,368458,1,SRR27829362,,3116c57c885e8b5e15161866b4cf2828e186aee154a4985bbfe1c12e3c080834,2024-02-02T20:46:11.000000,9319142
sigs/ERR4594177.sig,6f693c89cc285c0b8cf6d0d4323930cb,6f693c89,21,DNA,0,1000,371805,1,ERR4594177,-,6d56c121704b1ba5d2dd8d8e9e8be0f334a8aa3b9d9e8893a382ad3708b97cb1,2020-10-23T16:52:53.000000,12425993
sigs/SRR26895098.sig,2016f495b44b147b8bd41c1c96af5d2f,2016f495,21,DNA,0,1000,374421,1,SRR26895098,-,99789b0ae88f93091bae839170debfde0781082377bf3bfca0a0bc73257eda58,2023-11-21T19:31:59.000000,12427596
sigs/ERR7130363.sig,a6ae0a0c4734810f52de71e6561fceb7,a6ae0a0c,21,DNA,0,1000,376810,1,ERR7130363,-,cf3fbed175ef68ffbe9d3ddba22e6edfd76eee087493660fb632f61aa2ca596f,2022-05-03T13:51:35.000000,7700773
sigs/ERR4794186.sig,fa9832360bb4189b9b9350671e0d0741,fa983236,21,DNA,0,1000,379905,1,ERR4794186,-,917a1aefc5a2b6934329da97a33172d6ead1bcc3a5f0aed99fca5b547ba06f8b,2021-01-17T16:46:53.000000,9354376
sigs/ERR11777704.sig,6da82bdeb2c810a53953f24b0d8b269a,6da82bde,21,DNA,0,1000,381111,1,ERR11777704,,d2e9d3d8cd1c0e5b52bebaecc5886726d8ab362a6e5ee903f2353ca0bc7f2dc8,2025-02-12T17:01:24.000000,9694080
sigs/SRR11183459.sig,a5473d5b55596a2e03ca0ad2a4e144ac,a5473d5b,21,DNA,0,1000,384331,1,SRR11183459,-,d2964d3fad2f772ba3c372b9ab4973055f6dfd80bd13cdfa4b9ae01b95282687,2020-07-09T07:27:13.000000,8798092
sigs/SRR13773564.sig,bf8284dba524cf6f836bcd76c7f939b7,bf8284db,21,DNA,0,1000,384381,1,SRR13773564,-,662896a40ca2763741900fde398aff92f876214c5c72f143feb7431029cebef9,2021-03-27T01:11:10.000000,10653981
sigs/SRR28159088.sig,5a5fe6d643dda521902d5ba4c32beb47,5a5fe6d6,21,DNA,0,1000,388082,1,SRR28159088,,eb97ce31a211417910df81d4da2ec89db7d127b20714c1c16c9924b67fae4fe1,2025-03-09T16:44:54.000000,10630563
sigs/SRR1747026.sig,971196519a7aed5dc23f74caad6b9d8d,97119651,21,DNA,0,1000,389395,1,SRR1747026,-,a0a1eb2a7dc99f84b9303e8797e6fd2c3832933e67dd476eee8266e457dd2e3f,2020-07-09T20:59:59.000000,8589609
sigs/ERR2363554.sig,d47bdc1b7420ec06f4193da08f688301,d47bdc1b,21,DNA,0,1000,390232,1,ERR2363554,-,f35fbe9070374e312aadd7017abd4ee62b4302889c8b01aff614d19528b2e021,2020-06-21T06:19:34.000000,12117336
sigs/SRR31145820.sig,109d7e5ad4270d8bb8a9e03efbab8dfe,109d7e5a,21,DNA,0,1000,395923,1,SRR31145820,,d40f129bd64a5e891b36169766189395e294e7589e4176c4664b120265e46f8e,2024-11-02T16:45:07.000000,10397824
sigs/ERR9710681.sig,bbea5fb34c34ed3be6fdd21698470de3,bbea5fb3,21,DNA,0,1000,397724,1,ERR9710681,,c31286867535d81bd44506315969997ea0ccc7f05c8b9c3104b6e2f487a2b54a,2024-09-05T10:22:10.000000,9679638
sigs/SRR30234869.sig,4dd9c195d702994a21081e749ece2325,4dd9c195,21,DNA,0,1000,403482,1,SRR30234869,,06fdac116eb3cc3c8a6f0509e42c59ede0506ef80256b55ad98af52232cb1267,2024-08-21T06:09:45.000000,10154019
sigs/SRR21283599.sig,0e55a0ace21ce3aec4309ef0419e91bf,0e55a0ac,21,DNA,0,1000,404033,1,SRR21283599,-,65b21c3d48991021c9311cbe492bb54950b21b9cb5b48ebc180b6bf5008302f9,2023-09-19T23:14:22.000000,10452302
sigs/SRR22533692.sig,d6b116ba0ba86e4ef4aa3d46a4cef04a,d6b116ba,21,DNA,0,1000,404289,1,SRR22533692,-,5a2444dd52adacad326573ca27ebad5330726689b03507ca4d83bd6989087f3c,2023-08-23T16:38:50.000000,12913906
sigs/SRR19742817.sig,0e5a04923853b05fd869d691abbc577e,0e5a0492,21,DNA,0,1000,405221,1,SRR19742817,-,aaddce9df77f0df9bab87228dc1bc291e78096bd44f64c760c441fdeb2e5efc3,2023-02-03T08:13:05.000000,9819635
sigs/SRR798731.sig,5b7a09c88538141b46c872684e754689,5b7a09c8,21,DNA,0,1000,407041,1,SRR798731,-,198e8c34e4dc7bffbd97266b1a29dfe351aa39129b0076b95e1aea2d7b7bd91a,2020-10-24T08:08:17.000000,10706988
sigs/SRR27009687.sig,4148751793ec5ce6d979cbd5dd650c54,41487517,21,DNA,0,1000,407530,1,SRR27009687,,b87ea34fda96c9189864eaf363bf06d1e4422fe0279bd3e148e7ae4669951488,2025-05-16T06:54:00.000000,10599236
sigs/SRR33526525.sig,25ecfdabf5737e9d32e95d9cb3d00084,25ecfdab,21,DNA,0,1000,413718,1,SRR33526525,,7bd579ca2511039eda7888291c980a65e5e58221040439fe86b548365491663a,2025-06-03T19:16:02.000000,9239998
sigs/ERR11840782.sig,5d286e6f6738cbc5dd9e7c8023d534d0,5d286e6f,21,DNA,0,1000,413842,1,ERR11840782,-,85d41a3fb99eba2c09a9e9e5317c7a2011af431101ff6f84aa2068792bb58322,2023-11-11T14:28:05.000000,14042909
sigs/SRR2175724.sig,c62dbd0f0ab24bbefd4487575c071f4c,c62dbd0f,21,DNA,0,1000,414185,1,SRR2175724,-,314e442649e171326a4160c034ec5ff53fdfb406e617141e98ff05cc1ced438d,2020-07-13T07:59:46.000000,9871202
sigs/ERR4083869.sig,9ba15bcdc5667d5de20486e0b47f25d0,9ba15bcd,21,DNA,0,1000,427379,1,ERR4083869,-,bd2915cddd943b4a2eabdd3f493b4f46e43984e1abea2b951b0148f8897a023c,2020-12-12T21:42:04.000000,10018284
sigs/ERR13351277.sig,50c4b90e8811b3dae54945fbc86d063c,50c4b90e,21,DNA,0,1000,428683,1,ERR13351277,,3bf731e68a34d3929e310e20a9c8258288d4bbb7d7b97a006c09d2224500569c,2025-07-14T12:23:11.000000,10772910
sigs/ERR15316004.sig,3a346572be2c53803f76160c0c91b52c,3a346572,21,DNA,0,1000,430102,1,ERR15316004,,7858316b6e7a7a407118ba20164033a4494adab1416f7833f758e56ccb5133d0,2025-08-06T08:43:09.000000,10801260
sigs/ERR4320068.sig,14b630272610932fd997f2e7744364de,14b63027,21,DNA,0,1000,431991,1,ERR4320068,-,a78532a94f7fbebf7610683bf7d3c0bd33381e3d45d260fce2e16e7af9cce8f4,2020-07-16T16:42:10.000000,10112089
sigs/SRR8820140.sig,e454b937ed84e9bf31f9d6c802f44cfc,e454b937,21,DNA,0,1000,433601,1,SRR8820140,-,f96dae8de034cfd2ce2bae93a0c9fd712dc4681ec05c333f0a74b49e33392e12,2020-06-09T16:22:02.000000,11636997
sigs/SRR30977923.sig,d178bf7f1a79d8d815094f0817da3993,d178bf7f,21,DNA,0,1000,437071,1,SRR30977923,,76031813f591e9bdfde059c287350cbc02312b88bea514015b80269250e387b2,2025-08-08T22:52:56.000000,18174702
sigs/DRR234050.sig,af63e588cc5f74993431fd388044c3fb,af63e588,21,DNA,0,1000,444309,1,DRR234050,-,5a9e9c294360bf0c9e1a23b5c219c843a5d0c093de7d42ae773c1a1a675d154c,2021-12-04T20:44:07.000000,10864363
sigs/SRR30009469.sig,e2966fd97f27e0a15d43a88d24470101,e2966fd9,21,DNA,0,1000,444547,1,SRR30009469,,1b329209551b3a50a1c6341e67a94dc256ab764743eab2cf1e15a419ed7a4dd7,2025-05-18T06:08:44.000000,13134541
sigs/SRR25035198.sig,b55c3b1a8ec0011307337a46f64ad9f0,b55c3b1a,21,DNA,0,1000,447829,1,SRR25035198,,dbe3caac091ac44c66be0f4b1765d30e612d942a730ab93ac114eb68fb009b35,2024-06-09T10:26:55.000000,11911559
sigs/SRR27219231.sig,e567cd9116966c49c9b8de2c5c100e78,e567cd91,21,DNA,0,1000,455270,1,SRR27219231,-,abc9870df756ef60416b72867acf4cafda34f888b5142ff3c353608bbdbb2bc3,2023-12-17T22:45:12.000000,13115478
sigs/SRR346660.sig,db2fbe6b921cf963d426dfbd66bf1844,db2fbe6b,21,DNA,0,1000,455920,1,SRR346660,-,52839e3f5a5e6bb11672cdeca47fc7094eff015ee8010cd46783478d8c321c83,2020-06-25T10:52:48.000000,10883302
sigs/SRR32709187.sig,adaa1db98554bd9c8fed414ebdd060f3,adaa1db9,21,DNA,0,1000,458461,1,SRR32709187,,bfce6c06d3243d2d391e2e4c188bf9e001bbb173bfd1476c317dff6b768aaddb,2025-03-16T19:33:52.000000,11717998
sigs/SRR10901883.sig,cd48e6c0f9d07e3e4f374a571e77e28e,cd48e6c0,21,DNA,0,1000,461149,1,SRR10901883,-,e3171a47c25f9c16ade87814148cc24a42aefa0f3db2a8c7f11ea64d60ef9f64,2020-09-30T18:28:15.000000,11666573
sigs/SRR12298690.sig,380619d4f4f531bc69a15363b0b515ff,380619d4,21,DNA,0,1000,469779,1,SRR12298690,-,6bdb8063b0baa65d97e2bc131392d3c23ee7eb2e4605546f0a94e48e2ef52dbc,2020-07-24T17:15:41.000000,13634160
sigs/SRR17643740.sig,d9dc9d3de58c4624a7b2636f298c4106,d9dc9d3d,21,DNA,0,1000,470746,1,SRR17643740,-,565775bd58eb19a6462a34120a53642b7b3df3eddb7c17e78a39058ed370c349,2022-05-02T08:13:56.000000,11805298
sigs/SRR25394804.sig,a7dad2186647f53ee67fd0c031ce812f,a7dad218,21,DNA,0,1000,473364,1,SRR25394804,,3217ac2e6f3810ef504b87986c04d20889ff1a482b82840d3b1f14cc642bcf2f,2024-05-03T08:00:57.000000,13045948
sigs/ERR12454893.sig,01c89f7ddd0539af69eca085a2b7951b,01c89f7d,21,DNA,0,1000,473931,1,ERR12454893,,434951973732e9186f9a47ef9323f71a72901e5b63802d363c00304ba5003a05,2024-01-16T22:29:01.000000,11752510
sigs/DRR227388.sig,3bf367d0ca4f9ce8750ae58682d09c8f,3bf367d0,21,DNA,0,1000,474255,1,DRR227388,-,6427aa64da220e2f1ee7f5828d1adbbdd685cae1fd7869620df18a364316db0e,2021-03-26T05:53:16.000000,13468656
sigs/SRR15520758.sig,85a8215a89ebcb8979e8032dfdcbcfe1,85a8215a,21,DNA,0,1000,474336,1,SRR15520758,-,0d0b1a284cb6d571a0213605b80a6f2adf7817c16fbc8a5c8564eb7f67f02b15,2022-04-16T02:21:15.000000,12461170
sigs/SRR6221002.sig,fa8c1aefadb943984d156f323bf76196,fa8c1aef,21,DNA,0,1000,477963,1,SRR6221002,-,0f5da4ab066c80c9ef9906db4541f2a88ab01753c42c0789e8a1def99d7bdd02,2020-08-28T07:03:09.000000,13194073
sigs/SRR24600038.sig,f0372ea9c24cac1e6d1794b41ed79ce2,f0372ea9,21,DNA,0,1000,484568,1,SRR24600038,,10fc393c6cfd71c0b14943b89f58cf4ab77213a4275baeea1f75ac7a80d7fbec,2024-01-30T02:36:55.000000,14663465
sigs/SRR27405717.sig,22320cbffea0ea195aff8972430df19e,22320cbf,21,DNA,0,1000,486407,1,SRR27405717,,a91e9b20a61dc40cb5709383e88006bdaa56c9662a8e0c913e13a9e0815d8084,2024-01-09T08:21:56.000000,12312356
sigs/ERR1562585.sig,a9e31c8f91ede50db93c9d869a08f83d,a9e31c8f,21,DNA,0,1000,491163,1,ERR1562585,-,f41cb90f4060f606e54c4fa4cb740b815dd5ba96f0fdbce13e79063c55c34281,2020-07-10T00:30:09.000000,11702211
sigs/SRR32820489.sig,331a391e8f6a783d5f4587982984871f,331a391e,21,DNA,0,1000,492443,1,SRR32820489,,fd9b7541997ea39bbfc476475cdbb406500bd2e3a10e9acb38233d4d72446640,2025-03-29T18:33:40.000000,13209875
sigs/ERR3452474.sig,0bc416b1a8a92f5d66905b8cbaa13801,0bc416b1,21,DNA,0,1000,494804,1,ERR3452474,-,48550528b734974c409df2202033eebfe1425449c16da9e6763b04c94d34db0c,2023-01-19T20:08:02.000000,14151355
sigs/SRR22839716.sig,28fbdb978f76501e8f70f594d58fa496,28fbdb97,21,DNA,0,1000,497775,1,SRR22839716,-,696f7bc0fce164fbc81fa5f23d1b57ac5cdc84b9add60841eb02e99f07b2bad1,2023-01-17T18:46:40.000000,12867065
sigs/ERR11080742.sig,4bad3795b76b2919a558c8f6894f5982,4bad3795,21,DNA,0,1000,499057,1,ERR11080742,-,e693a58873e7eb6349b7fdc80f36df8e46a7854c3ca1f5b4813032de37c1b7a6,2023-08-23T05:01:58.000000,12854686
sigs/SRR6344702.sig,3cba179069e12d3c9103858cd2a7b444,3cba1790,21,DNA,0,1000,503176,1,SRR6344702,-,050d60a7d860f74838d82d4f054734fc38d1813ad91e8303bce62eaefd1e9f7b,2020-07-08T22:38:51.000000,11302016
sigs/SRR32433429.sig,d3abb036fc0272d892b8c43a36d88ab2,d3abb036,21,DNA,0,1000,505109,1,SRR32433429,,323b9827fe63da6466be71dbffe641a534760e6a9f91d480f04d97e2299e5828,2025-07-23T07:14:55.000000,12912408
sigs/SRR27434587.sig,7a966ef926c4ebd0ad9412476aec338d,7a966ef9,21,DNA,0,1000,506832,1,SRR27434587,,9b95eafb8968c54664c5054784fae5265f8e8a456a7175aa98bb1b31a46015ef,2024-06-29T21:02:45.000000,12354441
sigs/ERR11473395.sig,278b4a73b070e2bce884afb2b6d8cb07,278b4a73,21,DNA,0,1000,510197,1,ERR11473395,-,11017e002338f99edb88c1f156ddac01477314a27272a8b0b72abcb40b2e8bca,2023-11-09T18:24:15.000000,12838503
sigs/ERR1539341.sig,02157e7511f5e290d5e5a4ed3dafad85,02157e75,21,DNA,0,1000,512184,1,ERR1539341,-,45813a3b6955acd5fa13e26b069af44a3f14dab896738a2aeae5a3b2f7415083,2020-07-18T13:26:43.000000,12024249
sigs/SRR17299241.sig,953480e5fdf21b80dbce48caee1e3a93,953480e5,21,DNA,0,1000,518338,1,SRR17299241,-,566ca2620e152b3eea1f475523c0e778950df3bb2f614a2a6636a20a20d56374,2022-06-01T17:30:27.000000,16433953
sigs/ERR9353847.sig,6d4b484733f5c0e001e0a3d5a4f11cc6,6d4b4847,21,DNA,0,1000,524080,1,ERR9353847,-,91baccbcbede27c2d78dd071101c79bc2006200ea918cf26ff0733ca85722640,2022-05-14T09:38:06.000000,13186420
sigs/SRR32381050.sig,5e9355d4d2af14d966cba15242593ae2,5e9355d4,21,DNA,0,1000,527821,1,SRR32381050,,49c17ff7d82fa6f75353b5986728e74d588cb154f715c405914ebb454b06998b,2025-03-09T14:30:31.000000,15176003
sigs/ERR3479165.sig,416e52464e896a1ef4292a3b936ae476,416e5246,21,DNA,0,1000,536668,1,ERR3479165,-,aca61df0cabedbab7dbef9d54b7bb05c1f8fc7090469a7787887fcd2ae2e4c38,2020-06-25T07:47:21.000000,17119743
sigs/ERR2434522.sig,538b643c08816bf06f748ff35a864a8f,538b643c,21,DNA,0,1000,545961,1,ERR2434522,-,dcdcb365586fbdf969b2738d5763c18636069c7884c09e5a737374c2261977c2,2020-06-30T18:14:42.000000,16101894
sigs/SRR16279954.sig,18755e41c20a58926e1b7dfdcac2608f,18755e41,21,DNA,0,1000,546933,1,SRR16279954,-,ada44e09db2ddd5a96cc46fddb51f981079f081ad25bd884cf47f3ef48fadaca,2022-05-24T18:06:28.000000,14050519
sigs/ERR13446404.sig,35eb582bda0af42a564a54488875a27a,35eb582b,21,DNA,0,1000,548009,1,ERR13446404,,07ae060a515dc4b2170b4044aa6be1fc39563c087edc4f5cff78839c92bfdd18,2025-02-14T16:47:55.000000,13668979
sigs/ERR13945957.sig,d161f0e9ec3a2540ec7b9d3b6beb1427,d161f0e9,21,DNA,0,1000,555157,1,ERR13945957,,c9327ff9580ebcda3380240cda658596e8fe3f5b1a3c7e0ab69283e036324058,2025-02-13T12:36:26.000000,13975790
sigs/SRR4875290.sig,043812bdf1cb606d0358dd0b55e966db,043812bd,21,DNA,0,1000,555424,1,SRR4875290,-,7ef2ebab8e49b3458148de06a05d66f123608241679e60f7161f61a7fbee97b7,2020-07-08T08:20:43.000000,12730010
sigs/SRR3584881.sig,74cb39712dbc3b15698f02de4b7f0455,74cb3971,21,DNA,0,1000,562499,1,SRR3584881,-,abd876e63df09eaf067a74f6e516dddf7cf430d8b5be6131ccfaa30c622080e5,2020-06-27T11:04:11.000000,13304803
sigs/ERR11420252.sig,32e27dc5ffd0f1f3e3c3093601bfab3d,32e27dc5,21,DNA,0,1000,565096,1,ERR11420252,-,824e353f0def082d8ff6433aa7665c18c1f88ac19fcedd391bc8bee8565dc259,2023-11-09T00:49:55.000000,14683185
sigs/SRR20664340.sig,689c312eef47a81d84249bffccd900d1,689c312e,21,DNA,0,1000,567879,1,SRR20664340,-,aa86767cb8af54769650ecadb490794b3027ea90608e1671bc0259d8bd1b6997,2023-08-28T01:07:52.000000,14480711
sigs/SRR30480335.sig,965925d7e6e6872388ff6145c2b918a5,965925d7,21,DNA,0,1000,568367,1,SRR30480335,,049a51dc9253869ab9f2d7bb9d72c27f10adf2d9cc7ae9b9e845896e6aee0be5,2024-09-05T20:02:04.000000,14704822
sigs/SRR21919916.sig,c3ae8dc26c686a5c62b0abd31b9377f8,c3ae8dc2,21,DNA,0,1000,569443,1,SRR21919916,-,e5e6e8a0fe8d7942df19e82c2aaa02ee7be403ca86692c9d1522aee6dab29646,2023-01-18T00:43:39.000000,14459467
sigs/SRR32166381.sig,7182186bca2cb4e41480eb3a4f0fd72c,7182186b,21,DNA,0,1000,570858,1,SRR32166381,,801a929fb89f8b4663e1425950a7af52eb2a8d45a7d992e79d69576e66829d62,2025-03-31T18:22:29.000000,13761802
sigs/ERR675680.sig,e5a86a67cef52e851ad38e0a42b1fcad,e5a86a67,21,DNA,0,1000,574268,1,ERR675680,-,434786ed44d1960266b1291a691abf53b3cf0515d3ee84f7cdf683828023e8b1,2020-08-21T21:35:35.000000,13101662
sigs/ERR11566317.sig,985c656b059ff18b1e194046ba677be8,985c656b,21,DNA,0,1000,574468,1,ERR11566317,-,3a108348011c2d057b3af1d8ce3eacce93a8bf5acac0ceb50900e56752a70a30,2023-11-10T01:53:34.000000,14294613
sigs/SRR5864994.sig,1c1d74fa1198d2bdaa55a650ae9bdc2f,1c1d74fa,21,DNA,0,1000,576740,1,SRR5864994,-,17bf9773d0056ca36646cae5a9ddc8d654077644e4d2cdc8e0edb5fdb20b3b58,2020-07-08T01:15:00.000000,14381818
sigs/SRR22554227.sig,ed209be4c0f2bdc527e2641c0ecdca28,ed209be4,21,DNA,0,1000,582514,1,SRR22554227,-,85105dfec429cd064001eb6c3d7dd596664f4910f32c6f3aec983deb04c824b5,2023-01-12T22:31:42.000000,13069146
sigs/SRR18305218.sig,9b934f924bd871f9ec00b7ec98ef9ce4,9b934f92,21,DNA,0,1000,583626,1,SRR18305218,-,63d1565f4e0d4eeb97d2327740436c05fcca33c25a0e4be8fdf6225a1fdb3f2f,2022-03-15T17:48:42.000000,15206049
sigs/SRR33868200.sig,d8eae7480414b785a6a64610a3086d18,d8eae748,21,DNA,0,1000,584010,1,SRR33868200,,18c27e954afd75987076d7c0e263d8d93a9786732409a824b1e557d244046c52,2025-06-07T19:08:41.000000,14954249
sigs/SRR17548759.sig,7becca890e1ba42e828d0885b13172d9,7becca89,21,DNA,0,1000,584426,1,SRR17548759,-,9818c4835379306d409755aa01fe8f50ddef0c3dfedff0d47d90cd2b87b04846,2022-01-13T18:27:26.000000,19838730
sigs/SRR8868567.sig,d9984e3f49b422d1b75945303c501cdf,d9984e3f,21,DNA,0,1000,591003,1,SRR8868567,-,a1989608ed7f203869f9f3e16b0ffeaa0a7584a2468ce2efd445cc4dd7711143,2020-11-01T01:26:30.000000,13437361
sigs/SRR27825314.sig,aa79a78bb40c647f561b3ea56db260ad,aa79a78b,21,DNA,0,1000,591211,1,SRR27825314,,9f0b9f0aad8d52e48bb32dc3681cc804c0de0d2f8213550d7b3dc0d5ff8b1c0b,2024-08-16T15:08:39.000000,15627697
sigs/SRR10084861.sig,653620ea5bd09feb82211c8e4cbafc7b,653620ea,21,DNA,0,1000,593656,1,SRR10084861,-,522f4cbd8d784359c1c035926a6804981a5ca14fdf8ac7a2c0c520e8f02b8f39,2020-07-09T20:14:46.000000,14435084
sigs/SRR22877767.sig,9b9ee475057799880caca8b3429bc7a4,9b9ee475,21,DNA,0,1000,595751,1,SRR22877767,-,566cb71c96d9fdae191496dc282a701a1944633fa3bef0c30cfeb44ceb548d7f,2023-01-16T23:07:04.000000,14608649
sigs/ERR9514272.sig,707ff3259a0d24593e10a1e989821062,707ff325,21,DNA,0,1000,605129,1,ERR9514272,,c51d85f7b605077eaa82ef01cfdad2c7b25720056f9dfb3c7981c68bd24f1a2e,2025-03-02T12:10:54.000000,16002465
sigs/SRR31745234.sig,1791c52903b1a8e5baeb0c41ba5e54d3,1791c529,21,DNA,0,1000,611044,1,SRR31745234,,b2fde0de2928a972329b35c3e8b198a42f1a948baf42843fb83e41f362944911,2025-03-10T18:37:19.000000,14975957
sigs/ERR13955726.sig,630aff53c6fdf561440f0560d3dc65cc,630aff53,21,DNA,0,1000,613684,1,ERR13955726,,6ba50fb93259138730edb4ad0549223aaf69303eafafc93873d4ed66f48044c9,2024-11-19T06:57:50.000000,15244747
sigs/SRR10680719.sig,ec7bd5c477c89c3774f0f74c561236f6,ec7bd5c4,21,DNA,0,1000,617491,1,SRR10680719,-,b798410322268afd7199cd36d2aae8ac234299f25a502b5318ad79755b7a19f5,2020-07-26T03:33:30.000000,15806854
sigs/SRR25867678.sig,bf031ad54ee497e9a6ee98ef44cc7e60,bf031ad5,21,DNA,0,1000,620196,1,SRR25867678,,46ef1d19762741cf4e2eabdeed8347ebcaf4a1bf505e30a4c119eb22ca2810a0,2024-09-01T22:46:11.000000,14895851
sigs/ERR3450800.sig,2e5b625fbd34b976b8a081ca224035fb,2e5b625f,21,DNA,0,1000,620504,1,ERR3450800,-,6d0dc0da384323a4eaf965f36ef9dafd00097dcf1948c555082c904c205936c3,2020-07-24T16:46:26.000000,14982180
sigs/ERR13326244.sig,0784c432750bfa5c733a575330dfbce0,0784c432,21,DNA,0,1000,620792,1,ERR13326244,,afad6180cd5588e3c2c7fc9892125294cf9dbc84888172019862814f33ce1a19,2025-03-01T22:45:34.000000,14107150
sigs/ERR10378490.sig,45e8dc4e72b4634f839f7b2010098825,45e8dc4e,21,DNA,0,1000,631760,1,ERR10378490,-,253c740852a1f041bb380b8698edfa90d0f64eb78cb386ab28666ed0fb4ca893,2023-01-14T18:25:43.000000,15610670
sigs/SRR27303850.sig,286ffc52ae61105dbbd38e15d4f9d467,286ffc52,21,DNA,0,1000,649557,1,SRR27303850,,65135129a0ab82c8cdd6fe0b4d66382a4fef19ace3f18b956c13ff46650904b1,2024-05-24T03:46:06.000000,16499901
sigs/ERR14651430.sig,dc88cbeaed9908bc3145c41b46d5ad2e,dc88cbea,21,DNA,0,1000,652468,1,ERR14651430,,6403a5dd1fc8f1680c3005be08b3d2d6713041c2fe9b2cae173f6a0e49c297bd,2025-03-11T12:30:24.000000,15817915
sigs/ERR11040772.sig,e149a2abac035ece20fdbc05521542a4,e149a2ab,21,DNA,0,1000,653621,1,ERR11040772,-,029a51ed02c5030c0f22962575addefaa1d1781265d67dfad262131cc38e2540,2023-08-27T03:45:26.000000,15906824
sigs/ERR11456636.sig,cb92ae2c03ee3ba2e794a1e8fd08a39e,cb92ae2c,21,DNA,0,1000,661614,1,ERR11456636,-,b638cd1af4711b07b6c51387f83020cde31c056f063fe8fa1276fa4edfb6e12a,2023-11-14T20:05:40.000000,16526086
sigs/SRR5258779.sig,0c28cbe97480a189c1e9efe8eee2bea1,0c28cbe9,21,DNA,0,1000,664027,1,SRR5258779,-,34b18b753b76783f0fb2f3b328c2b39104cf0de7241ebf92bbff5cd3a25d660b,2018-10-09T00:35:46.000000,17324067
sigs/SRR32527673.sig,166f92fd3e4d420204a31200b2750f48,166f92fd,21,DNA,0,1000,665976,1,SRR32527673,,52436c37004e7165fb1266e714ce83885938465bf8893844de7c85911753acd9,2025-03-06T06:17:53.000000,16625775
sigs/SRR15033940.sig,54f1a80c741d23a5665a2230ca0cf6ee,54f1a80c,21,DNA,0,1000,670569,1,SRR15033940,-,6c129e897e7bd9a764558c30baf2b6263014eae9e10ec27f80e7f0151b9f6c8e,2021-10-01T20:05:40.000000,17637370
sigs/SRR14860468.sig,e55ca40abcc54bf0c756d2ce12c01f56,e55ca40a,21,DNA,0,1000,674132,1,SRR14860468,-,75e4fe0b7f7bf1181d8af7080cd38838eed621d106199d54e2f44e438ac2368c,2023-08-21T20:11:19.000000,18791940
sigs/SRR22071724.sig,6d1427dbc7f7aa43446441be0ba35044,6d1427db,21,DNA,0,1000,676900,1,SRR22071724,-,81044360a182ac7c404c2de546b672a765873ee99259103fbe35b6b53e6f29be,2023-01-12T16:38:44.000000,17951271
sigs/DRR121212.sig,8ce1873504301e076a290b99141a609b,8ce18735,21,DNA,0,1000,692098,1,DRR121212,-,9663e14a8b85a0190d4a8669d2333fdee5117f9a87c9566adff311b6492c7cd8,2020-07-08T08:38:51.000000,16078977
sigs/SRR30883621.sig,186dc86ac803ad3a345100472934adcc,186dc86a,21,DNA,0,1000,693771,1,SRR30883621,,161cdf33848f92a031701e4a986a77eb8418b5f88258726312a16cf71b1133cf,2024-10-10T20:26:19.000000,15977492
sigs/ERR5214336.sig,82fe6e4537b2d8ad9fdd46a16b4c4c91,82fe6e45,21,DNA,0,1000,695004,1,ERR5214336,-,1b62e26872b40cc9e4b1d172a7ac14cd072fc978fb1225e9709d8bb5290b5372,2021-12-04T21:48:34.000000,20826774
sigs/SRR27304298.sig,71f0043e4333d580f5bed4c64b1c13ec,71f0043e,21,DNA,0,1000,695917,1,SRR27304298,,81ad1926b83a36b2b7db5b8a7b997baed66c3a6086ddad8879aaf7e81600094a,2024-05-24T23:31:50.000000,17219320
sigs/ERR7366489.sig,95ccf8f572c7f9f38a10825d27fb3726,95ccf8f5,21,DNA,0,1000,696552,1,ERR7366489,-,ae011214c34bf316d21c128da2b84a2c40e4213f6a0c5f207117e7f9f165f293,2022-05-20T22:59:11.000000,17355774
sigs/SRR13385222.sig,81244f731a917a5bc6609b63fd8f7d91,81244f73,21,DNA,0,1000,704285,1,SRR13385222,-,56bc4754cb12d43efdf86f76d7bb323b7129e4a774e73d1f2ee323bd2deea64e,2023-01-29T09:48:39.000000,18233279
sigs/ERR10378642.sig,6e6d7e428186dda2c25d749a139cc621,6e6d7e42,21,DNA,0,1000,707009,1,ERR10378642,-,bc5163ff98dafa5f97cab6720b04c44d568a389ec4012be347cf3b86e236f2f6,2023-01-15T00:43:47.000000,17528223
sigs/SRR12720518.sig,4478e5604173352b82a2b9b50e9b6dd6,4478e560,21,DNA,0,1000,707164,1,SRR12720518,-,cb3c6e634a0a937cb5d2decc10e6ff450e4341525b36e052222d822df30b0653,2020-12-11T07:15:24.000000,18824644
sigs/ERR11570853.sig,bc5c869f4d243ae6d403bae651444e84,bc5c869f,21,DNA,0,1000,710485,1,ERR11570853,-,639ff59104e83afb17a21b64a13b105ea21ed34768ab0a883415ad27a986686d,2023-11-14T16:07:49.000000,17771737
sigs/SRR24130622.sig,1d9048ad25385c4747272adce5768f6b,1d9048ad,21,DNA,0,1000,711444,1,SRR24130622,-,ed29d0f8502e006556723b9a7cafae7631b9acbbf3a780a4087df270c6c6bc7f,2023-08-21T05:58:24.000000,14219343
sigs/ERR4865940.sig,135af41c6865f97dfe623aa963a9be17,135af41c,21,DNA,0,1000,712140,1,ERR4865940,-,030a3c0d1c2769351f1703e04df320566a15e6e1dfce4bf470575682205d377e,2021-01-25T20:49:31.000000,17536750
sigs/ERR5418051.sig,5a4a0fccfeb5acf5631dd37679d63fab,5a4a0fcc,21,DNA,0,1000,719274,1,ERR5418051,-,10b698d0a0a0d387c9abd709dba2f2ad3a8c6c66726089b5defa6dfcde1233bf,2022-05-12T02:02:50.000000,18086323
sigs/SRR29547601.sig,a90591be04213fddc694e76a3e3cd415,a90591be,21,DNA,0,1000,735967,1,SRR29547601,,21d6aa92b53714ab65eb103b1c8f918edaa076d786ec8c714bc5a2c1cd399c7e,2024-06-29T23:24:48.000000,17538162
sigs/SRR14127963.sig,98708364eaa0bf93e7b8ac240340625d,98708364,21,DNA,0,1000,737059,1,SRR14127963,-,8fd3b0dd9ecfba4c07f0474bb2ca8484d99301cb80c40f9549ba64630b092d07,2023-08-21T20:20:31.000000,17383769
sigs/ERR10378360.sig,4fc5a520582dd6ba7976aeaf68ab9d16,4fc5a520,21,DNA,0,1000,742141,1,ERR10378360,-,7352544d41491e9af90c7c92f65fcc7499e51fa12bba45774805c373956e7937,2023-01-14T23:43:15.000000,18086197
sigs/SRR12203261.sig,202d2e5e9b4edc80210efb9f16fccfe2,202d2e5e,21,DNA,0,1000,743516,1,SRR12203261,-,378cb8bef9f610674e4993ab6c739c468d7e69c1132fe2d8ab7568bc803507c1,2020-07-16T17:38:58.000000,16556347
sigs/SRR28523150.sig,cdbc2e2dbb70a73de0f26a7bbe738cae,cdbc2e2d,21,DNA,0,1000,752243,1,SRR28523150,,f522a57f834e3bfe7bccfaa64a4772a4d08e2a29e507ef33ef4c83faae71df73,2024-06-08T01:49:44.000000,17865771
sigs/SRR7990588.sig,da54884c8d79eb589110fdfbf22cd33a,da54884c,21,DNA,0,1000,752655,1,SRR7990588,-,970c4276aadbf31327a6f7ac103f76d4ab0e8ebca7d3bc8895e874bd19e6db5b,2020-07-21T08:48:29.000000,18613196
sigs/SRR15520894.sig,238f329e28a463818f1a342ec9647908,238f329e,21,DNA,0,1000,753506,1,SRR15520894,-,6485370184389d98a2a1e5c7129bcce6291ff58d426250f46f05ac5f04987e61,2022-04-14T18:04:47.000000,19246131
sigs/ERR3310238.sig,26023a71390b177b5d2419595af3bfe9,26023a71,21,DNA,0,1000,754060,1,ERR3310238,-,4e71796877ffc358ec68256aad8da986cb34e423c88390fc7a9b5b8e1d958a7b,2020-07-08T02:01:20.000000,18960132
sigs/SRR5579957.sig,8001afd6c0240fe43247f43a5e876c2d,8001afd6,21,DNA,0,1000,756273,1,SRR5579957,-,3c28ef3490dbd275c982cb5ba1d448f9977978f53b7ebd14718163776648bb5f,2020-07-08T06:55:24.000000,18749507
sigs/SRR10980628.sig,b5138e90ae85f2024ec1f74a9fcfb3f4,b5138e90,21,DNA,0,1000,760619,1,SRR10980628,-,1a9b73c16dbf464b64caa53a7967152bf9f3b6ee9f5dc801a73e602e724033b7,2020-07-11T01:37:33.000000,16141883
sigs/ERR13302101.sig,c6b4f87be333360aff8325b8987c4b69,c6b4f87b,21,DNA,0,1000,768833,1,ERR13302101,,9c2f53586839991097102a97f7eab9e18f835c0b0d5972398052b880c978dc92,2024-09-05T08:46:21.000000,18584080
sigs/SRR13826151.sig,bc556a8ae78645a4889010098ebaf4cb,bc556a8a,21,DNA,0,1000,778248,1,SRR13826151,-,2abfaf54fdd69151d068bc7b7efdb2868e909525026765ceebcdc7a3b35e1ae4,2022-05-10T08:11:33.000000,20662899
sigs/ERR3357551.sig,a59c0173377f62b83000442340ef1002,a59c0173,21,DNA,0,1000,787145,1,ERR3357551,-,9f4cdf795a829f71c6fc3c39c2b90e009cb457bfdc1fb44b35bec63780f88acd,2020-07-21T19:55:15.000000,17527264
sigs/SRR27310522.sig,6df160e18eb4d1d4bb84b7b54f57c04a,6df160e1,21,DNA,0,1000,793154,1,SRR27310522,,d54abbeb863f892d0b5557a8362607ba67e4729757a773230748c31b9ddef346,2024-05-23T15:59:33.000000,20188474
sigs/SRR33520462.sig,0f997bda2f11c4583dc35fdfc66d5005,0f997bda,21,DNA,0,1000,794803,1,SRR33520462,,ef4e663b386d8b288a20da04899b41bf0efe3bf1b215017db223fa08cc2e694f,2025-05-12T17:48:06.000000,19452708
sigs/ERR11560528.sig,056466abd05cbecf14895a62f0653d9e,056466ab,21,DNA,0,1000,814605,1,ERR11560528,-,ceac198912a60ad4fc6c28368807bcf99489f2e64b5391dbb8665eb55d2292ee,2023-11-10T06:55:48.000000,20242822
sigs/ERR11570058.sig,4ff2c31d4b4a255a30579336e39fee89,4ff2c31d,21,DNA,0,1000,816590,1,ERR11570058,-,8cb6b64eca04de4520676bbc7c1b12eb3b672c5f16fb487d9b136843ba8e08b4,2023-11-09T19:41:03.000000,20141063
sigs/DRR078802.sig,7f265704d40f0e7018acd6fa1d822201,7f265704,21,DNA,0,1000,817624,1,DRR078802,-,770ee5e235b63e21a439f3433a78e7964de5a72de790d9831adc6a84e2ccaf14,2018-10-05T17:41:59.000000,25942384
sigs/ERR11456700.sig,9950214cee69f0bb0a5bb5bf8e74edb8,9950214c,21,DNA,0,1000,845611,1,ERR11456700,-,b906e928b176560144e619159b3c3909d2892e80e9ff76c0ae9451e8d8ab505a,2023-11-21T21:26:19.000000,20757679
sigs/DRR221378.sig,0853092380d3fe22b45375b53d232750,08530923,21,DNA,0,1000,846777,1,DRR221378,-,ad1595ebaed09d2643cb9308bf73f03a8d366671db20a070cd9f0fa827f332f7,2022-04-11T19:43:35.000000,21633428
sigs/SRR32519370.sig,06f1308b1d0900f4de3dde8f5ae7d7c1,06f1308b,21,DNA,0,1000,847219,1,SRR32519370,,71688344eef70c4c760779aa7e33180b4acff9bb73fc90631750f29e46ba24e6,2025-03-05T20:40:14.000000,26834607
sigs/SRR25400067.sig,864a77b407da2174c0251950d8a19c00,864a77b4,21,DNA,0,1000,861840,1,SRR25400067,,7e7e591257190bd83b332288d952b48a7c28fd5769fa2d5608fa2acf0b54d12d,2024-05-03T15:08:31.000000,23099563
sigs/ERR329796.sig,34558c0101a5dc08b58c147d6d51bc9c,34558c01,21,DNA,0,1000,868768,1,ERR329796,-,2d398c024b260fedd84222f6ba609a9e69b98bcd6a798c9234c44594a880f6ab,2020-07-14T13:06:51.000000,8971231
sigs/SRR16846786.sig,fac3128381d37533a3f7884aa317da4f,fac31283,21,DNA,0,1000,871099,1,SRR16846786,-,18f5f2126ec7b1fb71796f492263cefdc26877813a9b44b9601ec63267964f71,2023-02-01T20:55:05.000000,19114802
sigs/SRR2823723.sig,837dd2aff3be7c071d59d3d4bee04c20,837dd2af,21,DNA,0,1000,879882,1,SRR2823723,-,a9c5a39a7146cbefe5f24a0b50846e866869d57c1225146f0ee5c5be1a3f397f,2018-10-08T21:48:10.000000,20794579
sigs/SRR30947063.sig,a9d1554b370448c1724e120cc1b428ee,a9d1554b,21,DNA,0,1000,906209,1,SRR30947063,,9d039684d004e677f748aed484442f83471cadee149c29d7471b737a8bc60b65,2024-10-16T22:58:46.000000,24365959
sigs/SRR10980647.sig,38b3e213ca7d4192c412de782bb6ca19,38b3e213,21,DNA,0,1000,909712,1,SRR10980647,-,41a815ebf10da8f98f58700b1914206849a4f77247bfc7e9a708b0bd4fe2f090,2020-07-20T03:34:27.000000,19208450
sigs/SRR28703452.sig,9da2bd229e789b37ca073d3abe5f697f,9da2bd22,21,DNA,0,1000,919582,1,SRR28703452,,72f6b30a835d53ea112c7156142fc38c894060abd675615ba0b584dd455fde60,2024-09-22T18:18:32.000000,20775171
sigs/SRR5580360.sig,6e475dffd3ae2c421d4ff7ffbf6bc723,6e475dff,21,DNA,0,1000,925593,1,SRR5580360,-,249fd59ce6df89db9b00319cedea7e6152c7a4765759c8116eaf4290d1403c8f,2020-07-09T06:32:15.000000,21812192
sigs/SRR8397912.sig,9cbf84a76ba74a275077540a67de4d93,9cbf84a7,21,DNA,0,1000,929132,1,SRR8397912,-,42c2bf2770d1bdd27b24e1e3fb3e7ed44d0805e9d36ec720b6c9834d7903db02,2020-07-13T10:42:41.000000,20792046
sigs/SRR27067768.sig,95a8103e1b1bce8f404d5848680b6261,95a8103e,21,DNA,0,1000,934261,1,SRR27067768,-,75be596fd3764d8826130585e3a3481d3ebca23b7eaf8aea0384e816c68968a2,2023-12-06T18:02:15.000000,20401530
sigs/SRR23913692.sig,65250a6aaf0f469f153b0e7f58977c54,65250a6a,21,DNA,0,1000,937163,1,SRR23913692,,ec76a3f7caa827e8d38eedc828e3c3177d426a4dad5565c58316b39398942b89,2024-02-10T19:33:48.000000,32978529
sigs/ERR9614939.sig,70a122123812e69043ebdd09d8334734,70a12212,21,DNA,0,1000,939964,1,ERR9614939,-,2cc5533de2cb2f50cacac4fc8527413dc38705a528654c6007ef1360e4b1fd56,2022-05-22T17:28:01.000000,23261887
sigs/ERR5310819.sig,88457c6f4d80d6832d056103b44365e7,88457c6f,21,DNA,0,1000,940141,1,ERR5310819,-,459cc498da737571898c1fc3ff28d19520f7ff8691d6396b602d02d137e2549e,2021-12-03T23:40:17.000000,22759064
sigs/SRR8114025.sig,87d8971a2ca32c9d19f98bd8bcd0acbd,87d8971a,21,DNA,0,1000,955682,1,SRR8114025,-,150797a83790b1c516ec730651fb79e63debe6575d84056b154ca1677fa73766,2020-09-02T12:00:26.000000,23562276
sigs/SRR8660986.sig,399bbbc0026daae30a72b9e6ede8af83,399bbbc0,21,DNA,0,1000,962660,1,SRR8660986,-,3882de151674c3ee4bb4834b50d99ff4e7b01671eb8b9b49bbcdad43583958e7,2020-10-25T07:38:36.000000,21866320
sigs/SRR8790500.sig,bbecbb78bd34be4bdb26ae248eac1294,bbecbb78,21,DNA,0,1000,965099,1,SRR8790500,-,fbd96487e1bbc295318e9a9f30583b07c7183b00805b6a8ce5977bff0b772d6b,2020-07-24T09:08:10.000000,23194213
sigs/SRR2917856.sig,61db4e03653be426ae44a86e3b00b75a,61db4e03,21,DNA,0,1000,972797,1,SRR2917856,-,78ff38eaae6648b231c586037b5ea101566c73172d9695a7268353d85c8dbe18,2018-10-08T21:52:27.000000,23124510
sigs/ERR14363873.sig,de427a5870ee9c401fcbf8c8846e9375,de427a58,21,DNA,0,1000,975731,1,ERR14363873,,7af6332f3529e3fb5a36023fe64c1f324b32f7bf8070cb3d6aef17358f869005,2025-07-06T14:16:18.000000,23126914
sigs/ERR13664613.sig,6ed45a4e4119ce5fe6e7f9c2e7483e04,6ed45a4e,21,DNA,0,1000,1023655,1,ERR13664613,,0c7e7b58dbf7f70fefc31160e9f26cc36a3c60301c27d918d5b419879f2b389e,2025-03-05T09:12:44.000000,24742721
sigs/SRR9333178.sig,b11e395fa4b099647ce0e7848aaee288,b11e395f,21,DNA,0,1000,1025451,1,SRR9333178,,f3b18d6dfbdca88795c8fc381a3033f4e40b4f3f229327c13fa2f6a56c2f8f81,2024-10-09T02:49:05.000000,24504041
sigs/ERR2286953.sig,007e1e0957653e26516fed3d498cc571,007e1e09,21,DNA,0,1000,1037058,1,ERR2286953,-,f305db455f287f450dae5158e81859d47b4d94efa0cd815b80b675818d15462e,2020-11-15T18:06:01.000000,23764109
sigs/SRR6186427.sig,c8cca5d40ba5157b82af983d41b63645,c8cca5d4,21,DNA,0,1000,1037897,1,SRR6186427,-,5f9db8e872f5bb6eca40e3e5305f725ef1960a7f04233c618c886193ca07921f,2020-09-23T17:01:13.000000,27584956
sigs/SRR13325184.sig,af54f05e971b49eaf995c2238fcfb37b,af54f05e,21,DNA,0,1000,1041614,1,SRR13325184,-,a79c05e23bfcdc31ed5071b91c7e7c92b6d3f4d6180a65b0de96160b7e3783d7,2021-01-14T10:00:43.000000,25391945
sigs/SRR29825839.sig,64c04188e34e9fc5c616e6c6b5153966,64c04188,21,DNA,0,1000,1056754,1,SRR29825839,,ce93a1523d94c79a5c586c82ba908e3c49c72a6143b2cfc1f453a6bc1819a878,2025-06-01T19:05:35.000000,24662205
sigs/SRR19660473.sig,f3799479092d997760df890f55567899,f3799479,21,DNA,0,1000,1063900,1,SRR19660473,-,3621047f648b40689244558b09c31888576d9354ac151c15acbb517d2039891b,2022-06-16T19:13:44.000000,29871328
sigs/SRR9178342.sig,745f040fd8bd091ca7d8aa703585c356,745f040f,21,DNA,0,1000,1102009,1,SRR9178342,-,da7f36748b3849837ca064beee139828813a3d6e06433adf3b5eb9ae9592c6a3,2020-07-09T01:11:17.000000,26200328
sigs/SRR9178363.sig,edeb21b8e449e7b843440b75ca8a273b,edeb21b8,21,DNA,0,1000,1116684,1,SRR9178363,-,8ee1c3b549b39c4c1d61e902066b5cbf08e4a8e198a49c21f5c20372eabf8142,2020-07-20T23:01:37.000000,26373305
sigs/SRR25556622.sig,3985b7a3b135b80ac333c832e9bffff3,3985b7a3,21,DNA,0,1000,1118498,1,SRR25556622,,45e3645b4088054c3c5a461f9c8048ab9044ca7caf90b9b3f4739fe4a1d39064,2024-09-10T07:16:02.000000,22512006
sigs/ERR14057663.sig,dc1aa49bbdec118883f5cc5cb37565df,dc1aa49b,21,DNA,0,1000,1155445,1,ERR14057663,,8c4c905caae73af062f38f39fed68dbf7a1dac3f1330d8f4762093055cf3eec4,2025-05-03T22:40:03.000000,18643281
sigs/SRR12721005.sig,c475f43dc6a5f4cb8ecdc4af64226cf0,c475f43d,21,DNA,0,1000,1185084,1,SRR12721005,-,94c802fe3ca6ff780c8cf7b7806ed16249be36d5eb48454ce51e8d6032e27051,2020-10-04T00:01:09.000000,31452678
sigs/ERR2136658.sig,f23a58e66149d1e55a27bc625109d3b2,f23a58e6,21,DNA,0,1000,1190055,1,ERR2136658,-,8d48d85ce9c31cff376529ba05fc8a0069364a4b2d12d4df57cad79c83bfe7bf,2020-09-21T19:15:05.000000,27134703
sigs/SRR10342238.sig,bee71409279167dbdc8c075e4a354eee,bee71409,21,DNA,0,1000,1200300,1,SRR10342238,-,7ea458019a3659b4a7c594f709770f18d827677a8a1cb43b5e00c7efa46353ed,2020-10-04T11:55:06.000000,30540246
sigs/SRR24098233.sig,d49d5d223ab56215d8bede999de7f2f7,d49d5d22,21,DNA,0,1000,1214714,1,SRR24098233,,efd05319e81409f7ba578fbc42234f15e74188efb55b55aa65c1bd703edfeb48,2024-06-09T16:23:30.000000,43486939
sigs/SRR30067331.sig,5406a59413e306be82e84aa53ef280fd,5406a594,21,DNA,0,1000,1226323,1,SRR30067331,,ea72d719efec1ae80a36c42a97d95ea1e6929b6928fd83e4e01e22290ce3cd84,2024-10-16T17:38:06.000000,31368025
sigs/ERR5261058.sig,ddb0e672fbbd4f4cab7032c34322a6f9,ddb0e672,21,DNA,0,1000,1247257,1,ERR5261058,-,c3ee4bc291776a928dd61b4a913b0146e2368217e3ddbf8be56d96aac0798b6e,2022-05-10T04:54:41.000000,33285013
sigs/ERR13950648.sig,f1abe2badbec54ea7dc0066d41edc443,f1abe2ba,21,DNA,0,1000,1256645,1,ERR13950648,,fed7dd10ca8ce0704fdcfb8d23f2906c40a44a55879ccc034e6adadf693c0bd4,2025-03-11T05:50:29.000000,33890400
sigs/ERR10312062.sig,bd1844bb21aeb3c868a5824a4850b25d,bd1844bb,21,DNA,0,1000,1259849,1,ERR10312062,-,03832234f64584c82351b638f0d665df1abdcf5aec6beaf91e8599c9f9893f98,2023-01-31T07:41:34.000000,46525299
sigs/SRR5500902.sig,b1c833b88a123d553467e9b7236a4964,b1c833b8,21,DNA,0,1000,1266265,1,SRR5500902,-,3d0a0da3599ceca11c27a7776af5a9af7284f92bb99e1bc815d6e4417475585d,2020-10-30T19:33:42.000000,30980733
sigs/ERR3574544.sig,f95c1e9160d7564b92ed82e3ac8ce608,f95c1e91,21,DNA,0,1000,1276894,1,ERR3574544,-,cfe867a38402d83b9e452d95eb094b9a07254877fe5b5391c7a64ae9106c9636,2020-09-07T17:48:30.000000,27270992
sigs/ERR9878930.sig,943a1e3988d6b6cc148061064ff5a5a5,943a1e39,21,DNA,0,1000,1298650,1,ERR9878930,-,d4e10639ef9ecd8566677d8426e2c41921224bbc738d87924eb98435ee403b2d,2023-01-29T14:59:23.000000,40294661
sigs/ERR4605133.sig,adb0285c4aceb83b6d0fbdc234686195,adb0285c,21,DNA,0,1000,1305224,1,ERR4605133,-,9eb18277de50c62c6fdc1dddcc106664520660ee175b6767a4cd6c82f5616e8d,2023-11-26T04:06:45.000000,34752167
sigs/ERR3573845.sig,3cdfca67029362105566a91d496ef5db,3cdfca67,21,DNA,0,1000,1314708,1,ERR3573845,-,0dc32a2c6ef70b543c1eecdd9e0484690ead7d309b36382d98fa2caf9e1f603b,2020-09-07T19:27:14.000000,27903442
sigs/ERR14980405.sig,9fa3997a0c53108d5e14eba7c2ab3b71,9fa3997a,21,DNA,0,1000,1326546,1,ERR14980405,,febd9213d11d2454f7e24a4e818f0e4fb18c5a76fb737b0002de4c5ac8132cc7,2025-07-15T08:26:46.000000,36399198
sigs/SRR30409612.sig,ed5be6050cd90c410d66014d1acfee80,ed5be605,21,DNA,0,1000,1376690,1,SRR30409612,,8656ec832d60e12a0126f1822d15f8728cb6f1114e70c88e9fbbe23a1216a890,2024-09-02T11:31:54.000000,34282259
sigs/SRR26208190.sig,81dd0e924f139ce5f38bf1562c2c7fa2,81dd0e92,21,DNA,0,1000,1378839,1,SRR26208190,-,8d9fd04ec8f1204df5641abab5c0bb78414588ab20acf9064835801d0e0ca4aa,2023-10-08T04:56:09.000000,38248779
sigs/SRR13557486.sig,a82f332af8c4384c67f7a8eb8d847b6a,a82f332a,21,DNA,0,1000,1396208,1,SRR13557486,-,d46b509e9ad7f12a3b992e217faff868d64507ded2d1173f518d8070d0324d8b,2021-03-27T10:00:22.000000,33330177
sigs/SRR8816743.sig,480169600abc83745ff7e593c510b071,48016960,21,DNA,0,1000,1397590,1,SRR8816743,-,e74de8751e5d8383337a8e16ca4810d6d04e44e6bd8d7665795b4a6826504a8c,2020-10-04T03:02:58.000000,37855752
sigs/ERR14217170.sig,19ca5b05f858bf86766526b8b3311b48,19ca5b05,21,DNA,0,1000,1428748,1,ERR14217170,,0067e2a6eb5259e2c6950cd7cbb838db4dbd259e7d2ea599ec2aec37a02d9431,2025-07-17T11:18:18.000000,39317296
sigs/SRR25662362.sig,418aaf31608b1b43f195c00e71a48d9e,418aaf31,21,DNA,0,1000,1435965,1,SRR25662362,,01d081d0f9c27a5eaf423081ea3b139b5d6225283764b70f66f55f5ba3565006,2024-03-04T23:17:33.000000,39818257
sigs/SRR14862904.sig,8f06e14a326c65729148a44cec3734f3,8f06e14a,21,DNA,0,1000,1495682,1,SRR14862904,-,9a8e6433805362907c0fd2a51f42c9481cf8b2ceada83efe57b539134e744cd8,2022-05-06T13:19:00.000000,35779972
sigs/ERR12218702.sig,dbf6cdfe894f1bf32a3a6daecbb06a77,dbf6cdfe,21,DNA,0,1000,1506136,1,ERR12218702,,c60dd2b41c5a3c11597fb46ff31e13da617bdb7a63aec425d35a48d3a030f47c,2025-07-14T00:08:14.000000,34095415
sigs/SRR23581367.sig,d71fd67734b1b13ed64772788cf0cdd8,d71fd677,21,DNA,0,1000,1507089,1,SRR23581367,-,a60dd212ae80d5d38fe59cbdde682881edd62da5d346e0dc80802951e045c638,2023-08-30T04:36:05.000000,40947625
sigs/SRR10113582.sig,a71ec733e530651cc39548deac5b550d,a71ec733,21,DNA,0,1000,1515345,1,SRR10113582,-,69865d29f9dc7f0335d52430d8dbd9234324c61b3293fefcd9b3ad14f6ed4a68,2020-10-08T19:10:07.000000,32615173
sigs/SRR12360571.sig,7f9d9c3adbf3c32ba90cb43fcada5f59,7f9d9c3a,21,DNA,0,1000,1547984,1,SRR12360571,-,0c530b25c0cfe2894ef19fae89a3f09ea2f4ecdb93959216b00d598000266854,2021-11-09T22:28:04.000000,36207184
sigs/SRR28887121.sig,b4e8f04747d7289bc193f5535b35f2ad,b4e8f047,21,DNA,0,1000,1584952,1,SRR28887121,,b1fe597d2fc58affdee3c3b3ce9c58bb02e0d62a37fd3f3a29eee643dae8732e,2025-04-16T18:44:29.000000,36531465
sigs/SRR15803472.sig,c94c4bfbceb519053863345b981bfcc2,c94c4bfb,21,DNA,0,1000,1613649,1,SRR15803472,-,db9153afa5c2c6c6c95aeeaefa7687009d89b6d79c748c9d41f7a514bbaea34e,2021-09-09T18:30:45.000000,35262989
sigs/SRR30181070.sig,4b428df6d7b43a889ca0703a40cb925c,4b428df6,21,DNA,0,1000,1625949,1,SRR30181070,,c516c4f3bf701d2a33fdeaa5fe4a334b3bf78ce12ba85b5e5ec9e409b9db5027,2024-08-18T00:54:48.000000,41342366
sigs/ERR1892107.sig,1011b6a8f340150edbeb045e224f44a4,1011b6a8,21,DNA,0,1000,1651817,1,ERR1892107,-,4349eb05a38fa524aed66b6f7f3815a4a2414e0ee79d1aea7776dd763f751194,2018-10-05T19:51:27.000000,38741870
sigs/SRR11999457.sig,a25f625ade66a7cc9f8afb40416c4a5c,a25f625a,21,DNA,0,1000,1655270,1,SRR11999457,-,5e9f67e0a6c98d2dfb35161a1eab786c4f2cb5f9a4101f5feff0c67ff41e962f,2021-07-03T18:28:39.000000,39580789
sigs/SRR25542913.sig,13d0c6d9ac7864492393b035e4ecdf7c,13d0c6d9,21,DNA,0,1000,1655343,1,SRR25542913,,af0cc557303c147599cff7370fb9ac03d6919ee82c967dc9eaa9a730f7c02956,2024-10-05T01:50:05.000000,38489395
sigs/SRR8674950.sig,718d7f92dc62ecfe7b6aba3b7a93a822,718d7f92,21,DNA,0,1000,1661937,1,SRR8674950,-,ecad21ba6e6b5c0f8eafe982bf634d94ec657a06a354f4e1b58b615321e0cd1d,2020-07-21T09:06:27.000000,34428930
sigs/SRR31220714.sig,8e1a072d8e311d3d00f5d78eaf85dfa6,8e1a072d,21,DNA,0,1000,1684714,1,SRR31220714,,074b3ac49a520d95ea2bf29a337564e997a60fbf9e4432992ecf01f684623fb6,2024-11-09T03:43:26.000000,40501934
sigs/SRR5468222.sig,867577f143debc13dc167eae8412af95,867577f1,21,DNA,0,1000,1698070,1,SRR5468222,-,16608eb18eab725403d13646b94621804f7fa35200130a768a4fbf2606c67847,2020-07-08T03:47:58.000000,36749240
sigs/ERR10125300.sig,7e0c748345a333880fcb2a6d43e99e54,7e0c7483,21,DNA,0,1000,1722861,1,ERR10125300,-,668e1c4157ca1b48452d87f4cc2400f835cdcac6de4d6d47539988218f81ab19,2023-08-26T13:57:03.000000,45506475
sigs/SRR13267227.sig,fcce4f5710ce2e91b8b91ee94321e10d,fcce4f57,21,DNA,0,1000,1776949,1,SRR13267227,-,67976c543ec0c4eac1d037f11aedba818a6e18b40bccef3a3ab11b1823e1534b,2021-01-15T03:38:22.000000,51159725
sigs/SRR5990298.sig,3e97cf321aefccd70b6a2daebeaa4fb0,3e97cf32,21,DNA,0,1000,1796068,1,SRR5990298,-,142e9d33b461609bf04a153aaa31df93a1170cab2773cad28d3cc3f06557ca7a,2018-11-30T15:33:14.000000,42142832
sigs/SRR20075722.sig,1cda061d279b55be2045c5d2c1e04302,1cda061d,21,DNA,0,1000,1798184,1,SRR20075722,-,badf322a133d9e5e198d140e5852768d46f1ab6f028057863efb5be02481f852,2022-08-24T23:31:05.000000,42731143
sigs/SRR23460480.sig,1e6224afbd89139df540d924ef685e3a,1e6224af,21,DNA,0,1000,1804898,1,SRR23460480,-,d1fae8cdd598af502c376a77f5bd08a47ec4d77a1631cae96156c5d2dca59998,2023-02-22T02:12:42.000000,40391715
sigs/SRR28022981.sig,281a4dbd15088f4ba583d9c4479d7c11,281a4dbd,21,DNA,0,1000,1805958,1,SRR28022981,,ecdb2f295b78393b4347511e671cfb3a03f9f4bfea9b07434129e37a51bfba8f,2024-07-01T00:28:40.000000,41523705
sigs/ERR10101792.sig,4c6e5c32373e2f3868c9199b75f1fc1d,4c6e5c32,21,DNA,0,1000,1835437,1,ERR10101792,-,f9a5b9be205355c4db181853000c6627ac4505490039e50aa444ff049f0a2964,2022-12-28T14:58:03.000000,48064507
sigs/SRR10436584.sig,549ddcec065379c6a921bf9b2b1d9ea7,549ddcec,21,DNA,0,1000,1856311,1,SRR10436584,-,cebd76e1164ac3feb4b886e304139f617d5e65e96a914e174d19db0f9f55897e,2020-12-11T03:15:44.000000,43119458
sigs/SRR2924977.sig,772927c0c90049104a91efcaeb65b166,772927c0,21,DNA,0,1000,1885650,1,SRR2924977,-,59518c074f94a7268fb7c5be29baf3191de4e80517439ba9c7f955518312c971,2020-10-27T16:47:19.000000,46283993
sigs/SRR26786783.sig,b6dac597495eb35d09c7915b4b17a783,b6dac597,21,DNA,0,1000,1951596,1,SRR26786783,,199d38654768e427506424535d55e0f1da6264f9c5c8ad5923adcf835d741d80,2024-03-01T18:54:06.000000,45757310
sigs/SRR14369205.sig,57a2eb84656fc495fa1ffdcd24c7b710,57a2eb84,21,DNA,0,1000,1984370,1,SRR14369205,-,fa3d64ab824bcef67622f0272b1ff005bc3f647569f9f9947774404c08e0f120,2021-05-07T18:24:32.000000,49092846
sigs/SRR6060211.sig,523fbe64e4885046e68ae2b8e1eeeea8,523fbe64,21,DNA,0,1000,2004550,1,SRR6060211,-,c66e918dc129ce0b191c641951e43bf1dbba615eb5bf770b38b4b8773c65d1bf,2020-07-27T17:11:02.000000,48836813
sigs/SRR13200013.sig,d69b50769c2f2d1d98be775134887a6b,d69b5076,21,DNA,0,1000,2034905,1,SRR13200013,-,4412b983991a73a09f646c53188b48d03875f47de75d368ffe16c388011b591a,2021-01-14T09:23:40.000000,62770538
sigs/SRR13639655.sig,196a9b7fb77f1db8a31c19b34ae41835,196a9b7f,21,DNA,0,1000,2039396,1,SRR13639655,-,b279b85ed44040ca56934a853f4d120cb63b1e2dc541f5d824d97b9843be2b24,2022-05-10T09:34:02.000000,51022051
sigs/ERR12146358.sig,f49e26b55167b9f66cf938b49bf39e0a,f49e26b5,21,DNA,0,1000,2086868,1,ERR12146358,,0316f8b5c60c7f59bbf76fb87ed3dfc47f855e78cb6e26e760b1ff72c03c94b4,2024-07-01T14:34:23.000000,63695942
sigs/SRR13225482.sig,1f9dda2add129722d3c30b439058240e,1f9dda2a,21,DNA,0,1000,2125936,1,SRR13225482,-,cc0ec797dcbd23309d7935e680c836aa9c65cdf12435e8adeedec96f19d7de17,2020-12-12T02:12:45.000000,49260320
sigs/ERR4398772.sig,4bfe52dbee601ca04f8bd697df974469,4bfe52db,21,DNA,0,1000,2173899,1,ERR4398772,-,8cdfe5c7e42cba63f631d8c7abf3642f1716f6da6c457b4ffc77ef53b1f3915a,2020-10-05T03:06:36.000000,52976453
sigs/SRR33145347.sig,a82761d2dd4c0006eec35eb7788aa66d,a82761d2,21,DNA,0,1000,2182459,1,SRR33145347,,295e87118009cc868d52e9667ccd56440a61ece4b83b7d89a876bb82d8b1fee5,2025-04-20T02:28:58.000000,69982646
sigs/SRR25132606.sig,5306f08642f1148438263a11e3624c9c,5306f086,21,DNA,0,1000,2197285,1,SRR25132606,-,30a02f2e554166a711496c9fdd95a16aebefbc62ad9991404855f5a0e4c8cbcf,2023-08-21T04:40:33.000000,53896816
sigs/SRR5527843.sig,c037be5553a6bc571413473e9d1cc49a,c037be55,21,DNA,0,1000,2198694,1,SRR5527843,-,3f3f28fd544567d45cf594c9d071bb7b64a5c9e8437340a9861b9db06887e327,2020-11-06T17:10:05.000000,54030560
sigs/SRR28042215.sig,76383c81e8e33f704a333a6316671899,76383c81,21,DNA,0,1000,2219602,1,SRR28042215,,d3fe1b35f8b9e135953e083c34a0d0eaeb9c9b951cf2da21a2ad16ebec801da4,2024-06-30T23:45:50.000000,47578369
sigs/SRR18100925.sig,4835db667f1cffe630e3467908fed0c0,4835db66,21,DNA,0,1000,2255034,1,SRR18100925,-,d0db3d008cd0300550090536226650623a209cbb49000f773fa9cb65774de4fa,2022-04-27T23:43:56.000000,58233400
sigs/SRR32649354.sig,73a2b474a489911c01fe1be830b51b90,73a2b474,21,DNA,0,1000,2300280,1,SRR32649354,,e8824548a3a2ff7c7548f21af1b0fab42df8508e7e0563e1b10800b92ba79c75,2025-08-04T18:23:01.000000,47168296
sigs/SRR22404431.sig,9aa7bbffe9431bf3fa7790ec3cf86d4e,9aa7bbff,21,DNA,0,1000,2301558,1,SRR22404431,-,5a517d76f5a168c40169d101f71236d071297006a5c2339061f86f7b5fc7f3f3,2023-01-28T13:14:43.000000,50902074
sigs/SRR8674970.sig,758d9f06cbd4bb19b43dbc1c4111e8ec,758d9f06,21,DNA,0,1000,2326308,1,SRR8674970,-,7af077215a48cf9eb78e51fccd351446a12b5f855d8370b98d67502fcfd6af3f,2020-09-01T08:51:56.000000,47641489
sigs/ERR11606067.sig,5ddc5b616dbe563bbcdd6ab677121f71,5ddc5b61,21,DNA,0,1000,2477676,1,ERR11606067,,70e2957e0fcf03b1f7fc840d35efa9ce085980d5b1a6a095775fe3776cac8a46,2025-07-01T14:05:19.000000,51687749
sigs/SRR25337209.sig,d512199902eebe97ac7f14009adf5017,d5121999,21,DNA,0,1000,2496209,1,SRR25337209,-,585b33f4959bed065d895a032c52ce7879f34b43c0c8590b79b1d63e505ccadf,2023-08-19T17:31:25.000000,56047340
sigs/ERR2597329.sig,bad47ac8ffe249ac699888a85880e284,bad47ac8,21,DNA,0,1000,2508285,1,ERR2597329,-,ee1db2031dc3dbadf017905967f2e846043634d2717ee5da57157c636a80b54a,2020-10-04T04:52:23.000000,54669577
sigs/SRR28012035.sig,dfef50537e8bbf1d2d982349ee701334,dfef5053,21,DNA,0,1000,2574687,1,SRR28012035,,9ef20dc7578dc4bedca7dea9bb0b5f03279f73bad6e29460751bd80385b36270,2024-07-01T01:03:35.000000,55578575
sigs/SRR28002647.sig,66f22fb31b4e0dd7b194b87edc173ae6,66f22fb3,21,DNA,0,1000,2582006,1,SRR28002647,,1ea12362aa3cf02c4a34b4db834c9c86a139e59ee805e469913c501e5b7437cd,2024-07-09T01:27:49.000000,56668835
sigs/SRR10938823.sig,abef1adbe5ada1d8c541d8597d57a688,abef1adb,21,DNA,0,1000,2589245,1,SRR10938823,-,ca571afd75b3739c3ee71a7167dfa08bb6cd6b91bcf0d52cdb75201767af2499,2020-08-28T08:13:38.000000,62961685
sigs/ERR2597376.sig,2f0e4bccdcd2aac7cdd5d27ac3ae74aa,2f0e4bcc,21,DNA,0,1000,2650802,1,ERR2597376,-,ce8b2bf21ad8a2d0d9fe06cd82937b42f541e3bec9627f0c233a344a4c38b9a8,2020-09-06T07:24:25.000000,61234465
sigs/SRR7004413.sig,0439bbe51ae29707fede666685454dd0,0439bbe5,21,DNA,0,1000,2818718,1,SRR7004413,-,66b8fe49714036327c9910336e574d639cec30d407407cca12b7caeab7480343,2022-03-08T21:40:59.000000,70771861
sigs/SRR3989592.sig,c5208f0418639f3e17e51b6480690b2e,c5208f04,21,DNA,0,1000,2856914,1,SRR3989592,-,91a0a1525775203f39e2322edb595b0bfe86a851bfee76f6fd367c5eaf4638d6,2020-07-21T13:50:19.000000,60001404
sigs/SRR32402449.sig,357137fc66ef8eb06f607fb3eb472343,357137fc,21,DNA,0,1000,3127851,1,SRR32402449,,f7dec6d67ffcd8f88cb0e713d37656ef737b621411b60a4e58897525a4ddc8b6,2025-03-02T12:30:19.000000,69659583
sigs/SRR13296320.sig,46e48db8a83020d59adde6cb22b2c2f5,46e48db8,21,DNA,0,1000,3136217,1,SRR13296320,-,28d6ac3cfb452a1c60367cad09c45542fbb595c3bf33b99775776a53cfd4589b,2021-01-16T04:49:53.000000,63899462
sigs/ERR14217051.sig,c34f84a33019b5fa0ef1e5cbb84e11f2,c34f84a3,21,DNA,0,1000,3239248,1,ERR14217051,,528f1d56eebb0d27e7c01404fa27ced49060248ca210eb3075827ae389ca17aa,2025-07-12T04:04:59.000000,80849662
sigs/SRR7609623.sig,c5395d2b01e630551537b6dcdc063aff,c5395d2b,21,DNA,0,1000,3268879,1,SRR7609623,-,2e1dd125f553e0513debe9872e9517c02e665f12c30525311d007858a760d965,2020-10-03T20:11:04.000000,75631544
sigs/SRR32766572.sig,bc9f19460c7504d50961fe9ef82dcc11,bc9f1946,21,DNA,0,1000,3441010,1,SRR32766572,,149c8874352249a508edc6f0454b8d5fea8099792a15e78580892fb01282b5a3,2025-03-25T04:43:04.000000,74206599
sigs/SRR22556922.sig,5dba568026e4e9d54100da80e98449b7,5dba5680,21,DNA,0,1000,3491651,1,SRR22556922,,09b0c5a89c3ebb0bbf215d95f9fcb4af9690b6f4a426978e216735975cdad157,2024-10-03T22:07:40.000000,83239899
sigs/DRR582223.sig,fe29eda7bcdbccc3c009281bdd59adae,fe29eda7,21,DNA,0,1000,3709844,1,DRR582223,,70f5708f20393a5624c96898f4634f020e6b24f5a9ec7f5b37f433583f5ed712,2025-03-01T13:27:37.000000,110212440
sigs/SRR12165638.sig,85bbfa144493081448bab4a1b8a44457,85bbfa14,21,DNA,0,1000,3775100,1,SRR12165638,-,37b2d1c7d3502d3e43fa6faebc887ff25151a213910e0e2f8527cdd771b67d26,2020-10-08T19:37:54.000000,93633083
sigs/ERR14173601.sig,b1db2c9586ad7cbcd642f0c80fac959c,b1db2c95,21,DNA,0,1000,3860455,1,ERR14173601,,6bd045d1415b38b6e1cca42edcf5fb1a599d0533396ce8d9f156fbe22b010e9a,2025-05-04T06:07:51.000000,87662554
sigs/SRR33148727.sig,7085360215ab0457bde67f4a6c3f5bdd,70853602,21,DNA,0,1000,4041877,1,SRR33148727,,29cb0e5090df72446d54b74acb169fea35f0de99217157a501d487b9cadd36ba,2025-04-20T05:20:58.000000,84257948
sigs/SRR26386577.sig,1e6fc3b7308209fd1603f3bf5b6258ab,1e6fc3b7,21,DNA,0,1000,4175531,1,SRR26386577,-,8fa6e08b3cbd77b744893c386804d43147e3e22dc4cdda9f91804130366e37a3,2023-10-20T04:51:44.000000,89622569
sigs/ERR12076117.sig,83dac6de9176d5468f0bb07f0417a523,83dac6de,21,DNA,0,1000,4580679,1,ERR12076117,-,a1eff6950ae2bfaf832a8d607b19b9e1bb8c7a3a581171a47d77129c6942ba9f,2023-11-11T06:22:35.000000,99833466
sigs/SRR15172507.sig,39b6e3a4eaf9332a086e60175a5ea93c,39b6e3a4,21,DNA,0,1000,4656109,1,SRR15172507,-,364df0173de2c0229666570364d4d156c904cdc7d0a69c957400d37f67894d1d,2021-12-30T06:56:33.000000,119346898
sigs/SRR28520529.sig,b6a93f6afa8b0467854113385173a487,b6a93f6a,21,DNA,0,1000,4858235,1,SRR28520529,,462ac3b64484d54428e9493fcf17bef534aa2ab122dda696d752e34944d8ea37,2025-05-05T13:05:10.000000,105882879
sigs/SRR33964928.sig,82986350c2292fe76d85a95f83a714d6,82986350,21,DNA,0,1000,4878643,1,SRR33964928,,051576cf7a05dfd2baf6158b8234a27646f1aaef5f3d4bfa4b0d3e25ce42a547,2025-08-05T14:02:53.000000,116918798
sigs/SRR31320603.sig,529e49ffc7f9685b928e13e90d6d5406,529e49ff,21,DNA,0,1000,5066272,1,SRR31320603,,e1e426d620420177c454004e7354be04d03e3185fb414d5cded34c0373fcdb5c,2024-11-19T20:30:55.000000,159090410
sigs/SRR21474780.sig,111a09b43fbfcab0d4921e04647cbf9d,111a09b4,21,DNA,0,1000,5429936,1,SRR21474780,-,debddc098e2c18c4ea317d99aea522bb99bb56629ad35385362d0894263f48e4,2023-01-19T15:50:37.000000,129680878
sigs/SRR7011569.sig,587c59a623bb1fe5caae6fc83e174b9c,587c59a6,21,DNA,0,1000,5756902,1,SRR7011569,-,48244f475c2ff0cdd48470c30cd9dd5a724bcb46adf7515622009157639311f3,2020-09-18T13:14:40.000000,121877678
sigs/SRR34846639.sig,a39bdf82c0bb521eb2b1b70e67d2fefd,a39bdf82,21,DNA,0,1000,5940099,1,SRR34846639,,fcb7321e73d6dbc8232f2ee1e23a9d2e98fdb0ac778ac1cfe99a6609a9a08a1a,2025-08-08T11:37:29.000000,122953329
sigs/SRR13658984.sig,1843880c2d592762ab572707b5d20eec,1843880c,21,DNA,0,1000,6295562,1,SRR13658984,-,ecc31ae6652fc0b60d0fd71f6b534f9e737aeff3890e3b2199bf58bcce9876f6,2021-09-04T23:23:57.000000,141913163
sigs/SRR24716219.sig,0c82a8b5e1b3570ff58508794c4570c9,0c82a8b5,21,DNA,0,1000,6662402,1,SRR24716219,-,fb9cfd05da616ce304cfa964c91dfe7460cba5b6ec888e6c09df9f6a15727f38,2023-09-01T23:51:13.000000,147410826
sigs/SRR21998734.sig,61f225485b93f9eb07b418ab74f66060,61f22548,21,DNA,0,1000,6689335,1,SRR21998734,-,1948e43a4b5a53e96f6d04f890446dae68b58560df7a17bbe619ff81fced0f74,2023-01-27T19:12:01.000000,145246825
sigs/SRR24824109.sig,a8feb07516a0c60069ec59d07e835d37,a8feb075,21,DNA,0,1000,6707809,1,SRR24824109,-,f18939a7ab0b5014443c000db2ed477c2de873f1a075677f45f83a162baa6b98,2023-12-18T01:03:47.000000,150515056
sigs/SRR26457447.sig,573a525b73d4b569614ab6bb91cd12fe,573a525b,21,DNA,0,1000,6912137,1,SRR26457447,-,6f32589f1923488b22efa3b9fbf6991abf36f621dedb6e1c233465d19f18e45b,2023-10-27T07:24:55.000000,159944904
sigs/SRR30531568.sig,ab3185f548b097a23a7a79fa60243a33,ab3185f5,21,DNA,0,1000,7173383,1,SRR30531568,,7bbe4d6094ac8a62ca2576f67d280d00b486d35cde286de32f28b1b5d4b952d2,2024-09-18T04:46:19.000000,157251740
sigs/SRR29257472.sig,83ca85b9f1ce5c2be954d3b888b9d466,83ca85b9,21,DNA,0,1000,7873363,1,SRR29257472,,f47e1b0574efdac162b4753259bc33b21e92a49f39f6cef2c3a5e8c15efbbeb4,2025-08-23T09:12:52.000000,174217241
sigs/SRR10983230.sig,c55c3aa5b78269960839d34029a3d20d,c55c3aa5,21,DNA,0,1000,8217698,1,SRR10983230,-,cfe1193ec69fcd3fe5445411fbbc6a19c1bcdfd7c867bc1cffbbfc17aad36a5c,2020-10-31T03:35:26.000000,234055716
sigs/SRR15173017.sig,b56556d83f1e61347e17e2d845d8829d,b56556d8,21,DNA,0,1000,8304446,1,SRR15173017,-,727b235f84a19be5ed64b71617c94c0591c68543d37a996325434962b87f423f,2021-12-29T20:57:21.000000,217167828
sigs/SRR5265135.sig,48dee7db2f64cfc20807e0dc72ae73b5,48dee7db,21,DNA,0,1000,8685116,1,SRR5265135,-,75e90d5bdd3a6772a188468993372b4cec0d6f0dc5d7af5e1b257590afc473e1,2020-08-26T02:11:26.000000,188608831
sigs/SRR22388294.sig,35e7e2edc7f06e439dcf0e6f687a1852,35e7e2ed,21,DNA,0,1000,9028391,1,SRR22388294,,5bdceda076182af7470105703c5c457890e05cb278688fb0f23b474797768f79,2024-07-25T08:04:17.000000,188448164
sigs/ERR1726750.sig,4df3aadad3905e6eaa4b483b0d4be714,4df3aada,21,DNA,0,1000,10188243,1,ERR1726750,-,a364b7dd4788d9175460b4d500dfec13661a0be8d64a1fc5565a2f842d08e03a,2020-09-21T15:52:08.000000,224434253
sigs/SRR24085896.sig,645a176e9ae2a5865b62cbc3cf34d145,645a176e,21,DNA,0,1000,10439875,1,SRR24085896,,a9b6e4055c5cac214a8f00305e71176d0c7ed63459ddbf8c79b8f70cceda3429,2024-02-11T02:45:42.000000,221432745
sigs/SRR26348422.sig,a9b0a91472e1ec77bb4c9c6775ca9848,a9b0a914,21,DNA,0,1000,11295015,1,SRR26348422,,1986e9858238aa60b80121837cc97346b9a2c858c7417415aa68774a38e69f90,2025-07-15T00:17:54.000000,266164019
sigs/SRR28401788.sig,5c753cd528bdc28f98ba8f2b8b648680,5c753cd5,21,DNA,0,1000,12615176,1,SRR28401788,,7645f26f96efcfdfd8f8c4dcf17a38e32abd543537e58a6c19d51d8eedd8ce4a,2024-10-30T19:51:52.000000,291414953
sigs/SRR11211956.sig,fa32086c04dabc67646a226fe1184925,fa32086c,21,DNA,0,1000,16965486,1,SRR11211956,-,568bbe064b915c831d328d6cc6e53eea8899c44fba4512748fec932046459544,2022-05-07T00:35:50.000000,387116954
sigs/ERR10048375.sig,79f4f0ccacd4d5e259081332e45bd32e,79f4f0cc,21,DNA,0,1000,18494500,1,ERR10048375,-,6ec340d7a0fe7b3aa8ae4f01837d136a5ea639275ee92203b4e4a8631820c8c1,2023-01-19T15:23:13.000000,412986990
sigs/SRR12660003.sig,79f2abbc90f8ccb1c95c9b17769b74e9,79f2abbc,21,DNA,0,1000,22501490,1,SRR12660003,-,cb10471c637ae39901f22189b7eb1038c920804b2c2e10ac421fb11d7708eff3,2020-10-09T02:05:47.000000,485531601
